time_fs,population_site_1,population_site_2,population_site_3,population_site_4,population_site_5,population_site_6,population_site_7,population_site_8,population_site_9,population_site_10,population_site_11,trace,max_rank,mean_rank
0.0,1.0000007000002373,0.0,0.0,0.0,0.0,0.0,0.0,0.0,0.0,0.0,0.0,1.0000006930153444,1,1.0
1.0,0.9887391991984305,0.005580933493547372,1.4343569403908884e-5,6.841456466530528e-6,6.836849754681432e-6,6.836847971908028e-6,6.8368478964929414e-6,6.8368496250348286e-6,6.841604631047036e-6,1.4495348175287578e-5,0.005611059001808244,1.0000010540828141,11,8.666666666666666
2.0,0.9560910314993284,0.021824253675785436,0.0001186573773957787,8.083329343848688e-8,-1.9268061981021864e-7,-1.9303764598623952e-7,-1.9303791766331878e-7,-1.9267953597870354e-7,8.250396048285641e-8,0.00012042274993077876,0.02184766294714143,1.0000014131662194,11,8.666666666666666
3.0,0.9053447307152528,0.047109983049555736,0.0005301992718550692,-3.745369635757569e-5,-4.049840687399673e-5,-4.050748372293283e-5,-4.050748350662979e-5,-4.049834620773629e-5,-3.743557014274373e-5,0.0005281849632412046,0.04672558031303121,1.0000017703412263,11,8.777777777777779
4.0,0.841450366177974,0.0779451281077898,0.0016857879746770912,-4.130432857773423e-5,-5.7928212186281964e-5,-5.802356728556101e-5,-5.802357908084393e-5,-5.792910423237088e-5,-4.131875841232599e-5,0.0016832681061423583,0.07755210823625239,1.0000021240681558,14,8.944444444444445
5.0,0.7701732203969485,0.11108726074495115,0.003967503087919672,3.138711912028492e-5,-2.7472644162849086e-5,-2.7974147419212746e-5,-2.7974136521043826e-5,-2.7458847984011725e-5,3.294307891416751e-5,0.004061325644404708,0.11075972202157809,1.0000024753328418,15,9.916666666666666
6.0,0.6972518453223666,0.14371898309629916,0.007667370761956239,0.0001688295727050114,-1.5227831041948122e-6,-3.718442955394111e-6,-3.71920838834484e-6,-1.4925922432812755e-6,0.00017232304203228306,0.007774766613667346,0.1432591664379558,1.0000028248353816,18,11.61111111111111
7.0,0.628231995989009,0.17269925878905787,0.013039904484794043,0.0004004770410976631,-4.73898501393231e-6,-1.2039416388818629e-5,-1.204131511642389e-5,-4.676470189772951e-6,0.0004082743843435428,0.013322932189216612,0.17193383303221466,1.0000031727381127,21,12.944444444444445
8.0,0.5678915127294524,0.1951357304722827,0.019949033531849517,0.0009121715102839704,9.464910298740342e-5,7.49554796527417e-5,7.495039461424655e-5,9.493919882447053e-5,0.0009342955608888616,0.020554824916393565,0.19428646354187634,1.0000035194541925,23,13.88888888888889
9.0,0.5196976780090627,0.21014884932365352,0.028047615334292633,0.0016575944400703379,0.00021122642599478907,0.0001670680932779209,0.0001670787072898754,0.00021254254172688473,0.0017074913089940582,0.02884592414668794,0.20914080414600988,1.0000038654921475,24,14.083333333333334
10.0,0.4857539877014968,0.2169379309566713,0.036544705044825355,0.0028115102158654533,0.0005152955550838455,0.0004284868140151097,0.000428524120680513,0.0005180229348206336,0.0028874468964895823,0.03724210644842348,0.21593620144389802,1.0000042111473524,25,14.305555555555555
11.0,0.46611414814800634,0.21694394079309745,0.04524455746485528,0.004146663495444697,0.0006563490115909383,0.00049479913583136,0.0004949280746203941,0.0006617244381375423,0.004231516907053503,0.04522039434655426,0.21579554194074194,1.000004556771017,27,15.166666666666666
12.0,0.4588631332292481,0.21122619315995517,0.05263704227123952,0.005753161177521147,0.0007903612537639526,0.000511326413032503,0.0005116379999125391,0.0007998866547525356,0.00587552367372646,0.052278835213933776,0.21075780864522503,1.000004902707386,28,16.11111111111111
13.0,0.46084609959547856,0.2026274046899958,0.05746660588810875,0.007782216607859342,0.001168033937029565,0.000720057305672794,0.0007207021425732882,0.0011826175383457826,0.00793461876276816,0.056915560486646956,0.20264133936444448,1.0000052493340001,30,17.0
14.0,0.46761598821385864,0.19371621637822423,0.06021348701225656,0.00989674207283205,0.001517648980824046,0.0008270313389110765,0.0008284581320656088,0.0015443274163560534,0.01011495971029607,0.05931031807616455,0.19442042669613196,1.0000055970429949,31,17.916666666666668
15.0,0.47386315985952554,0.18742682445041475,0.06132478010649678,0.01208385060782503,0.0018959254727635895,0.0008652237319511371,0.0008673469050451505,0.0019295521845174265,0.01229931895556107,0.059654600534111674,0.18779537035336397,1.0000059461766502,32,18.805555555555557
16.0,0.47462961697991773,0.18487652894293513,0.060810805732612654,0.01430080936106912,0.0023994305037891854,0.0009036104452088763,0.0009083144284937606,0.002441162806173441,0.014474215143632356,0.05866309103772093,0.1855987189156713,1.0000062973122918,36,20.055555555555557
17.0,0.46617763913522225,0.18767316349442542,0.05972062631368781,0.01605168624689019,0.003007902263185189,0.0009595665043772322,0.0009655158128828019,0.0030386978306131754,0.016183000651958636,0.05754316741248784,0.1886856920278678,1.000006650708664,40,21.86111111111111
18.0,0.4467851587322649,0.19593769650747775,0.059279259389321104,0.016911895633205495,0.0037582231204790284,0.0011171183242863968,0.0011284034959131576,0.0037918398067362576,0.017065146095916094,0.05718787267842229,0.1970443992857419,1.000007006084829,43,22.75
19.0,0.41619682918974016,0.2091746568077103,0.06083160680305758,0.016797356595976146,0.004502984677243594,0.001233788931221085,0.0012487794043828926,0.004481262421421297,0.016949326614232346,0.058529622318602474,0.21006115684025387,1.0000073636189,47,23.22222222222222
20.0,0.3757894142788496,0.2255339650476126,0.06484533206420169,0.015865052240281338,0.00520182656382335,0.0014097122106494038,0.001430109174445283,0.005142715482571151,0.015855218272924586,0.0626103976064337,0.2263239870826773,1.000007723039529,50,24.083333333333332
21.0,0.3288443464023291,0.24271846945149061,0.07168567597228435,0.014647429367892408,0.005735778967253202,0.001619379219545989,0.0016469460915603,0.005617048633881697,0.01440868182370884,0.06941461068528662,0.2436697243454367,1.000008083975727,52,24.63888888888889
22.0,0.2789709874059533,0.25827114745095936,0.08150841504067213,0.013596858690059123,0.00611739719646814,0.0019169347694353255,0.0019559240099986286,0.005881997751051287,0.01299497522246945,0.07921869106594472,0.25957512547381195,1.000008447091881,56,28.52777777777778
23.0,0.2308564125397767,0.26997221932048704,0.09433445570867129,0.012969706213156046,0.006193569110896399,0.00222894513143387,0.0022932910527718947,0.0059438495543811054,0.012376465516531793,0.09148517579183368,0.27135472808108047,1.0000088110360705,58,29.555555555555557
24.0,0.18888250323826594,0.2756175309387596,0.10939787051627278,0.013358222014384717,0.00596086008959726,0.002568830140772196,0.0026599768508786988,0.005661113408856118,0.012446111853605515,0.1063293663986632,0.27712679702039117,1.0000091754854925,60,29.97222222222222
25.0,0.15592193935549875,0.2740888878449926,0.12604165081183655,0.015119045629951344,0.005422530393100667,0.0029004014279661134,0.0030312523249215973,0.0050927834028404355,0.013929710200144175,0.12300604270576708,0.2754553030155508,1.0000095401276141,62,30.72222222222222
26.0,0.13339087271847289,0.26528771649662863,0.14328590887560208,0.018537271920129394,0.004679200626980428,0.0032324595430319038,0.0034234507297149154,0.004284772178776626,0.017178600398354022,0.14040097353372122,0.26630868463203267,1.000009904668486,63,31.0
27.0,0.12122051575545577,0.2502296412837773,0.160100732089649,0.023446457055601052,0.0038706135744089286,0.003514864637276099,0.0037858808474021868,0.0033948604007253123,0.02221144812436572,0.1574713756834941,0.25076388664277477,1.000010269109974,65,31.72222222222222
28.0,0.11828744183509127,0.23069153769068762,0.1751650195238134,0.029944125374539474,0.0031910812567390143,0.0037107208014551126,0.004053993645780179,0.002570464547925331,0.028894039251535455,0.17293332418447488,0.23056889215515192,1.0000106332822325,66,32.02777777777778
29.0,0.12248496476435775,0.20885353585011232,0.1875951957719481,0.037719738699867854,0.0028099733978376494,0.0038231669544425695,0.004231744113457551,0.001979699824826095,0.03694185741120147,0.1857277316433309,0.20784339477366862,1.0000109962200838,67,32.05555555555556
30.0,0.13110668527827207,0.18698398201941988,0.19654177373350845,0.04632563999811742,0.0028180889626769805,0.003921936411821798,0.004359733964352359,0.001974850535917805,0.0459145991108624,0.19525810663351917,0.1848059692749627,1.0000113589384594,68,32.19444444444444
31.0,0.14161017870069695,0.16702840191482524,0.20171679322822214,0.055480171238048485,0.003468118441784785,0.003937310467694678,0.004408046615830893,0.0025258478683896023,0.055340636787512235,0.20100456819895227,0.16349165591539574,1.0000117223923806,71,35.666666666666664
32.0,0.15212935865111565,0.1503661026599906,0.20285332797444558,0.06480481435966355,0.004756291494214532,0.003911562960036435,0.004446975670646628,0.0037286042284668513,0.064766651439393,0.2029124343780321,0.14533596877855715,1.0000120856095895,73,36.416666666666664
33.0,0.16095020698631637,0.13750832650898676,0.20055949194004835,0.07371406580515533,0.006636220264729646,0.0038141724289644944,0.004448581538015242,0.005522639664281638,0.07417665144288632,0.20140002181894087,0.13128207732939362,1.0000124487427435,76,37.416666666666664
34.0,0.16776560000586205,0.12860318388339895,0.19545693009347886,0.0819877123969492,0.009081453986225584,0.003774117986119795,0.004460621925643574,0.007920517785947372,0.08277202915008573,0.19696684526548633,0.12122380631882934,1.0000128118130485,78,38.02777777777778
35.0,0.17226178038290724,0.12298673729440412,0.18853970857331712,0.0895053412979998,0.012122689177724424,0.00370106991683164,0.0045045292786877805,0.01099791949044871,0.09018807319236963,0.19053828181876606,0.1146670515203268,1.000013174958808,79,38.916666666666664
36.0,0.17519212736512652,0.11986344050923539,0.1808689432374634,0.09573038452863229,0.015584441189374194,0.003698084580555228,0.0046303474998809924,0.01440970838975036,0.09623232273821289,0.18299428584171684,0.11080945941721415,1.0000135383121733,80,39.75
37.0,0.17674269242199103,0.11816726412339802,0.17343946478169378,0.10049925574922851,0.01912506303708656,0.00392521574468949,0.004887515344674302,0.01801744568173941,0.10109717364078978,0.17540158942193823,0.10871122910825139,1.0000139020704926,81,40.22222222222222
38.0,0.17733411735948937,0.11699863223611945,0.16703141719883804,0.10397300261318905,0.02272187172178599,0.004238417352467508,0.005290286257208087,0.021798020828425066,0.1047058222353005,0.1684865133841041,0.10743617220557833,1.000014266407516,82,40.47222222222222
39.0,0.1771675023846796,0.11558447959607335,0.16211124630785753,0.10659933118309349,0.026028677325169426,0.004862449359470309,0.006012452475403091,0.02545413986845062,0.10723874889589566,0.16281461998495608,0.10614099123121232,1.0000146316272747,83,41.083333333333336
40.0,0.1766384755407621,0.11351207513645092,0.15874205259739413,0.10866346878712412,0.029171796328518542,0.005530923164527915,0.006835786612423999,0.029023227601543047,0.10904228948041024,0.1586313547950189,0.10422355481565365,1.000014997874833,84,41.5
41.0,0.17580624998941308,0.11051933720848457,0.15673162800257254,0.11040966796358992,0.03198679997430498,0.006472386189289723,0.007876874112426959,0.03211614220286037,0.11077217581516909,0.15585762726056354,0.10146648355803091,1.0000153652917063,85,42.0
42.0,0.17448940543186886,0.10659367074401059,0.1556695935503273,0.11247726318303525,0.03444005976743925,0.0075012583712256165,0.009067234732444947,0.0349454325652476,0.11271743176693803,0.15412340756917176,0.09799098317937587,1.0000157338760864,86,42.44444444444444
43.0,0.1730890371366127,0.10200661567159611,0.15484085819334423,0.11503032480670353,0.036670013202960816,0.008807737899308932,0.010534549862873072,0.03725668841162243,0.11526903011322026,0.15273973198354984,0.09377152337817862,1.000016103674973,87,43.22222222222222
44.0,0.17133759951217778,0.09723083922251721,0.153524382880001,0.11851990495716642,0.038731447771805545,0.009950777123757523,0.012079326386631886,0.03938627418224464,0.11889142127774091,0.15102242179884423,0.08934208646912223,1.0000164745970044,88,43.75
45.0,0.1692265031450411,0.09291428666907998,0.151005663129933,0.12278932871117283,0.040743858132419035,0.011413279697589578,0.013682189713651814,0.041378003348777836,0.12344785388193256,0.14819935529967762,0.08521653036295603,1.0000168451072273,89,44.02777777777778
46.0,0.16632649657256696,0.08955364063019916,0.14672451164076877,0.12794820805288223,0.04303821587019826,0.012980135405087724,0.0152137840168727,0.04353543251684901,0.12894180041554398,0.1438082035169712,0.08194679478075179,1.0000172164336867,90,44.25
47.0,0.1623586788243025,0.08769244461277022,0.14044000336514045,0.13372645949071538,0.04567621650375992,0.01451279700133375,0.016781080541737728,0.04619831049157934,0.13510513724695114,0.13756441662694238,0.0799620506995669,1.0000175884197886,91,44.72222222222222
48.0,0.157054740299427,0.08757696110043744,0.13232496568014582,0.1396183022682562,0.049039173581225476,0.01603553129537939,0.018282551224564198,0.04944268762570713,0.1414197098354175,0.12948624445892246,0.07973710049975756,1.0000179608842281,92,45.138888888888886
49.0,0.15036986952161482,0.08926862278257777,0.12283540514946223,0.14514361779104717,0.05321239845567264,0.017511219583261173,0.01974352136101396,0.05342000971911489,0.14731352677809717,0.11993434349609239,0.08126580758990326,1.0000183352428444,94,47.583333333333336
50.0,0.14240114147383195,0.09251696714158279,0.11246871747208058,0.14963391689292624,0.058070351770781604,0.019171247949923968,0.021348730548163403,0.05820484795543009,0.15221716009330064,0.10950536068613943,0.08448027487970577,1.0000187098788458,96,48.5
51.0,0.13332292369748205,0.09700359640924913,0.10203095789116814,0.15261579191756516,0.06370060131287962,0.020968931593516826,0.023132971891113564,0.0637746919794896,0.15555781391721563,0.09884808418769332,0.0890627268335822,1.0000190846459296,96,49.138888888888886
52.0,0.12366654955360738,0.1021650605923205,0.09225262449666059,0.15358813421139303,0.06989658061057856,0.023121396456602418,0.025222141202180755,0.06990216373978582,0.1568852820603764,0.08876378331453624,0.09455575014121295,1.000019459394236,97,49.583333333333336
53.0,0.1139233379432932,0.10734135182726277,0.08377090482789121,0.1524760763016467,0.07641763794409989,0.02564923183480053,0.02775061966959998,0.0763706972542356,0.15604718291025457,0.07990793708959522,0.10036486349950627,1.0000198341171553,98,50.25
54.0,0.10472352215200906,0.11194483765174663,0.07717137012959974,0.14935113658800414,0.08277502734268058,0.028812375895239828,0.03077680989442106,0.08293540040604769,0.15293223690423538,0.07265890173411521,0.10593859701449687,1.000020208727566,98,50.55555555555556
55.0,0.09654194145651113,0.11546952116592799,0.07268228804899492,0.1444084288267516,0.08875355949739389,0.03250470398749317,0.03445328472272575,0.08924925696726978,0.14785733405685936,0.06736075002954525,0.11073952147306176,1.0000205832475062,99,50.75
56.0,0.08989236162259537,0.11754616368207194,0.07035162836632275,0.13812026350215423,0.09396435252585308,0.0369058376085856,0.03872967334638779,0.09511608468164352,0.1411367567696784,0.06406764032355153,0.11419020223808544,1.0000209576818906,99,50.916666666666664
57.0,0.0848975019374117,0.1181605443795512,0.06990367867825771,0.13108801399537826,0.09808588174749684,0.042014000216583455,0.04355462207682449,0.10008165669073463,0.13337624633582218,0.06272388350288848,0.11613530945046109,1.0000213320263676,100,51.166666666666664
58.0,0.08163915115591787,0.11742346346135195,0.07087304442782882,0.12377666849337424,0.10106114961306721,0.047665652908148,0.048912147701855535,0.10401246163967469,0.12516149582147199,0.06301078261997525,0.1164856954858728,1.000021706343498,100,51.44444444444444
59.0,0.07977078441457984,0.115617490630089,0.0727454544691844,0.11675253920752993,0.10287059235195284,0.053829770411078094,0.05470856330273532,0.10672835531258076,0.11701347791160474,0.06457650552360243,0.11540855414333377,1.0000220806932285,101,51.44444444444444
60.0,0.07902002213046819,0.11306471859829825,0.07500414891344727,0.11029938422202733,0.10359955986680532,0.06043911102426617,0.06082709567191212,0.10828521480864753,0.10941550421384386,0.06688813889722205,0.1131795638449841,1.0000224552068766,101,51.75
61.0,0.0788849863316793,0.11038748866709959,0.07720827341892472,0.10471641438522927,0.10335451866139628,0.06727480322688122,0.06709082077138366,0.10874327110570169,0.10270258980552707,0.06944706077272637,0.11021260979076501,1.0000228299522644,101,51.94444444444444
62.0,0.07901143742109835,0.1078864950025515,0.07902228966684863,0.10002809983104151,0.10235523846755781,0.07419444843287254,0.07341597511864656,0.10833311898327982,0.09700928292711718,0.07186134913386569,0.10690547705662909,1.0000232050564586,101,52.166666666666664
63.0,0.0789485883630553,0.10583078366609795,0.08025600171190778,0.0960858502595996,0.10090187249469244,0.08101703834452181,0.07973547051990783,0.107225971540925,0.09231206789559164,0.07396141476703613,0.10374852798961436,1.0000235805678974,101,52.25
64.0,0.0785431485383099,0.10428228678789497,0.08093207254270594,0.09283302349428918,0.09934641001403789,0.08755755498109709,0.08587019064138483,0.10588296050601095,0.088387228285181,0.07544499438613467,0.10094409340867858,1.0000239566006657,101,52.333333333333336
65.0,0.07764129680434116,0.1031715446634343,0.08120951397974974,0.08989344140830227,0.09791181158687927,0.09381890876612342,0.09183096973648396,0.10446313496844488,0.08503506342777607,0.0764399721944827,0.09860868105262795,1.000024331603581,101,52.333333333333336
66.0,0.07636088427958046,0.10222923397724128,0.08129380943859559,0.08697810750570782,0.09677175930719151,0.09976898522042549,0.0976388694655358,0.10318582165902165,0.0820051744370996,0.07707641635234137,0.09671565245570075,1.0000247071133825,101,52.583333333333336
67.0,0.0748537588730804,0.10121820913334731,0.0815391056391442,0.08391134990565703,0.09595700166884825,0.10548425435628185,0.10326282653452518,0.10208661084821508,0.07903081487313819,0.07759154799361848,0.09508961033277617,1.0000250831735675,101,52.861111111111114
68.0,0.07353182957779757,0.0998593585200763,0.08211093698587843,0.08054989726361968,0.09536000322778379,0.11103431802772203,0.10880141339475759,0.1012091890417625,0.07592325308761139,0.07816961193844413,0.09347565562381098,1.0000254597041955,101,52.833333333333336
69.0,0.07258492375140925,0.09790520057539914,0.08326075665792226,0.07693965501441263,0.09491483476829163,0.1164332226064289,0.11431806677968784,0.10045665547392958,0.0726111124440232,0.07901567097075098,0.0915857464243858,1.0000258384815714,102,54.25
70.0,0.07217297275760425,0.09521120723722688,0.08501004885972037,0.07309779746348564,0.09435704026474129,0.12185213208837549,0.11995749296794068,0.09964983317092871,0.06911089144926595,0.08032316411048118,0.08928364422934629,1.0000262176140458,102,54.916666666666664
71.0,0.07238575179643611,0.09176434067093579,0.08734683983190354,0.06923042745228596,0.09351029379324288,0.1273547003470686,0.12574237539327604,0.0985829875923716,0.06551180356841964,0.08213271055055654,0.08646437299589457,1.0000265970073152,102,55.25
72.0,0.07333571907588068,0.08767644729902996,0.09008204154422035,0.06554335249420064,0.09221806470471071,0.13304702879128158,0.13174411772328562,0.09709375217025015,0.06196864316791856,0.08429510851152051,0.08302270807157852,1.000026976568803,102,55.69444444444444
73.0,0.07493012160806557,0.08312880587060544,0.09292700828527313,0.06226655520897369,0.09037185646473885,0.13893833948039933,0.13788285628108518,0.09505584579262975,0.0586713201133165,0.08669424237348874,0.07916041177513072,1.000027356268626,102,55.97222222222222
74.0,0.07713346687448204,0.07833045106911059,0.09556218806472903,0.05968847207661082,0.0879147477556157,0.14501866315587994,0.14419680081493177,0.09241723162355603,0.05582439133729893,0.0890511179921952,0.07489021223074353,1.0000277360100724,102,56.111111111111114
75.0,0.0796849893628315,0.07350269834726147,0.09777598385554218,0.057902705239947845,0.08479157226114482,0.15116336536481603,0.1505812101597968,0.08922396563052652,0.05362652613812878,0.09117042772317252,0.07060467862847752,1.0000281157265547,102,56.0
76.0,0.08234610832590618,0.06904348390892412,0.09929295610570579,0.0570261081622964,0.08117723846039523,0.1572795793346091,0.15690144883673854,0.08551501708630364,0.05215035528670176,0.09288944838077728,0.06640675848349174,1.0000284953867624,102,56.05555555555556
77.0,0.08483460772714208,0.06522222825351662,0.09994550450671683,0.05702808427480467,0.07730122634712437,0.16320899953367815,0.16301716689965498,0.08145395712878373,0.051393398132255956,0.09396348139336232,0.06266022773826395,1.0000288749502098,102,56.138888888888886
78.0,0.0869128340313896,0.06221398526904713,0.09969482028868241,0.057806061354010285,0.07341582604179077,0.1688057074467041,0.16874807114930856,0.0772646658914833,0.05133895583894855,0.09421521731954453,0.059613116759130884,1.0000292544049496,102,56.111111111111114
79.0,0.08840935662746528,0.060207861934120706,0.09846641849893763,0.05912515240344021,0.06982281094257851,0.17389238917379385,0.173897050398965,0.07323094132025161,0.051928040872210604,0.09361536766709182,0.05743425084009864,1.0000296336938563,102,55.94444444444444
80.0,0.08920039659192038,0.05920586222639144,0.09643795328221101,0.06076841952322693,0.06683847260676898,0.17831340590214692,0.17830495225711085,0.06957916749954843,0.05301533393135513,0.09223513566020405,0.05613092030430747,1.000030012800099,102,55.72222222222222
81.0,0.08940930961949715,0.05906809221885754,0.09373544839880817,0.062489100988333615,0.06467195908530267,0.18198476405003416,0.18184119893454068,0.06653552077204208,0.05449497211197143,0.09011378574150809,0.05568624679554045,1.0000303917313387,102,55.47222222222222
82.0,0.08903287389438375,0.059697233375268006,0.09056754348821931,0.06402074467727925,0.0636327849876897,0.18474635012701582,0.184457018571716,0.06430358406948017,0.056149759940460536,0.0874143419521116,0.05600854242457327,1.0000307705230935,102,55.52777777777778
83.0,0.08833313998411789,0.060771497764139974,0.08726333239454079,0.0652669232406715,0.06363124449525666,0.18656855136132308,0.18616987529971774,0.06301734431276006,0.05776620092407507,0.08428548639392278,0.05695756002616313,1.0000311492115783,102,55.30555555555556
84.0,0.08734059390425018,0.062087707014334685,0.08391387646911554,0.06618263488595737,0.0646633721635475,0.1875251743178583,0.18700252519706775,0.06269716208623445,0.05936324019276827,0.08094791202659679,0.05830733656467367,1.0000315278373004,102,55.25
85.0,0.08614788763401929,0.06358669819214006,0.0807040117111894,0.06667459369837621,0.06664124066876763,0.18763345676024035,0.18707155515220877,0.06328858339030667,0.06078710751932762,0.07752290461188031,0.05997387409109371,1.000031906444444,101,54.97222222222222
86.0,0.08496295014273694,0.06494934417505302,0.07776988832202644,0.06691916613768839,0.06933687186027189,0.18702219277762788,0.1864669988350197,0.06472829907506453,0.062031746827118324,0.0741339613555155,0.06171087259118099,1.0000322851141943,101,54.861111111111114
87.0,0.08385358523089445,0.06618048325997139,0.07510443539778483,0.06699618363730883,0.072533692197268,0.18582453681825167,0.18534125200318716,0.06679258261893982,0.06309361666602549,0.07086731943329584,0.0634449836613334,1.0000326639391408,101,54.416666666666664
88.0,0.08276143949830334,0.06727894059200493,0.072665003654725,0.06708198491049465,0.07601209069555707,0.1841855734427592,0.18380661900826492,0.06932658131656938,0.06402508812497233,0.06776467002286228,0.0651250586870476,1.0000330429684443,101,54.25
89.0,0.08170707011786321,0.06829079719612043,0.07037281766032687,0.0672640382436597,0.0795615561252009,0.18224116749522984,0.18194613345604135,0.07216955564491173,0.06488355741017611,0.06482527718716277,0.06677145857937666,1.0000334221309453,101,53.94444444444444
90.0,0.08062978482520558,0.06927766758843394,0.06812807925853274,0.06764934818034356,0.0830856416938857,0.180068892883365,0.17985448205251112,0.07519384460330875,0.06570429208063228,0.06207047183983253,0.068371301688891,1.0000337997098159,101,53.416666666666664
91.0,0.07941710853766513,0.07036543594100657,0.06587101808802859,0.0682815807791957,0.0864903233526626,0.17779624574909603,0.17754177712473543,0.07832703105919324,0.0665225090999409,0.05944942304158308,0.06997173171439423,1.0000341775023727,101,53.166666666666664
92.0,0.07805773680786221,0.07157324140247927,0.06350040226932625,0.06913166009584405,0.08982444477703322,0.1754434614720222,0.17505023230516026,0.081571148836405,0.06730653216950958,0.05697649342438067,0.07159921086207849,1.0000345574369742,102,54.47222222222222
93.0,0.07656941451740806,0.07293494886603416,0.06107487914054057,0.07009626221106788,0.09318261898876368,0.17298192160360643,0.1723140151384366,0.08494343902849504,0.06805283163172976,0.05463205372615544,0.07325255979650794,1.0000349376636126,102,54.22222222222222
94.0,0.07499958312297146,0.07443827300367077,0.05864605545469849,0.07102496792156034,0.09669047625569438,0.17035660877303008,0.16931482184392402,0.08850132642955824,0.06874658848145282,0.05244909221093963,0.07486753156846067,1.000035318080824,102,54.0
95.0,0.073415296276306,0.07603303781366769,0.05631922174163545,0.07181175818427034,0.10046246657776314,0.16752825244114306,0.1660309564909847,0.09228644226252622,0.06930029105836266,0.05045172090954387,0.07639626200385986,1.0000356987749242,103,53.833333333333336
96.0,0.07190387803721522,0.07760158798839739,0.054192949119013796,0.07234306107278504,0.10461115417840854,0.16445797400493511,0.16243516282755524,0.09635802462064337,0.06971090849681527,0.04868173358427256,0.07773965269557667,1.000036079640474,103,53.80555555555556
97.0,0.07054709042779535,0.07911414869488953,0.0523321816545417,0.07252421270253022,0.10909281444251964,0.16114996755925778,0.15858834837530864,0.10067762433734655,0.06998341789166053,0.04718157410029393,0.07884508745117995,1.0000364606521819,103,53.888888888888886
98.0,0.0694216502253873,0.0804134862049057,0.05084883875783109,0.07232704911081321,0.11398623954697618,0.15759148602393463,0.15447479518008259,0.105256221294786,0.0700548526485492,0.04601486567589246,0.07964736410747285,1.0000368417914836,104,54.388888888888886
99.0,0.0686531367478675,0.08142314407251772,0.04982186174332629,0.07173366409067476,0.11920612262336572,0.15380404274161427,0.15014110017285784,0.1100573681988641,0.06996921902864357,0.0451720228553317,0.08005554771129354,1.000037223001206,104,53.94444444444444
100.0,0.06828374428929565,0.08207270888380533,0.04928909016768534,0.07080146512430571,0.12459083739755822,0.14984705085885344,0.14567099008797968,0.1149420432929584,0.06971630142433631,0.044721752450103985,0.08010162729114333,1.0000376042828762,105,53.916666666666664
101.0,0.06840473458103462,0.08229355344811194,0.04923323539482263,0.06966134846117977,0.12996297932189924,0.14581503430492937,0.14117297227436226,0.11976749766686269,0.06935034153353026,0.044604865081795474,0.07977143048582111,1.000037985569197,105,53.888888888888886
102.0,0.06904072835846695,0.08207923867839216,0.04961261721706724,0.0684622408012721,0.13505187247478115,0.14179130339382212,0.1368051780846586,0.12436632535658383,0.06896012479586879,0.04478820792732335,0.07908053675106144,1.0000383668541415,105,53.52777777777778
103.0,0.07012655391642866,0.08145813636950805,0.05035397030259728,0.06739108630333177,0.1396484292957429,0.13789464983781266,0.13267299524996987,0.12854395721169257,0.06864828687952042,0.04523217033670444,0.07806851938241277,1.0000387481005648,105,53.333333333333336
104.0,0.07165824603855761,0.08048305911942503,0.051327466010417974,0.0666209057894432,0.14352456935170707,0.13421312295304547,0.12886202743598185,0.13217337924362482,0.06850255785082114,0.04587322121631107,0.07680058129434092,1.0000391293185147,105,52.94444444444444
105.0,0.07348523341434415,0.07924726210750548,0.05243961246919005,0.06627504990127837,0.14652044468053152,0.13083815198815,0.12548668815010933,0.13510272687807728,0.06861993109724884,0.04670180153660018,0.07532261528112992,1.0000395105189988,105,52.77777777777778
106.0,0.07554229814814313,0.07785272502889934,0.05357131176724318,0.06641487193342738,0.1485422294385356,0.12784018089198027,0.12259288788751084,0.13726334319169106,0.06902540801454395,0.047675224771780864,0.07371941760556867,1.0000398916941566,105,52.44444444444444
107.0,0.07766328010872804,0.07643380547166485,0.05469677559016024,0.06713846088384082,0.1495516728698185,0.12526457887700143,0.12016902988004341,0.13864525548794726,0.0697506608952584,0.04865733882610038,0.07206942095727975,1.0000402728626736,105,52.02777777777778
108.0,0.07983753209024305,0.07500203300710423,0.05575904810598804,0.06834926405843841,0.14959689420882732,0.1231133866869901,0.11819855657317538,0.13925913853453048,0.07077145866458096,0.04972088093887359,0.07043246815857318,1.0000406540421471,105,51.888888888888886
109.0,0.08191370218754127,0.07367709648554026,0.05673617983440186,0.06999982760787289,0.14876737498497694,0.12137098290317272,0.11663015394643002,0.1391825548252887,0.07205563899352001,0.05085132089192438,0.06885620960040847,1.0000410352759017,105,51.638888888888886
110.0,0.08387631724265564,0.07243599320613173,0.057690681448248696,0.07197250049455009,0.14721018103767974,0.1199900367537581,0.1154268945149646,0.1384777716086644,0.07356378281865854,0.05205037180683088,0.06734689262052401,1.0000414165674831,105,51.333333333333336
111.0,0.0857017987583636,0.07132016127509026,0.05863384093287032,0.07415619800886025,0.14510464984265123,0.11891549235006181,0.11450418536216114,0.13727999579531763,0.07522923626803144,0.053277823927061325,0.0659184224282586,1.0000417979635525,105,50.833333333333336
112.0,0.08740612344624105,0.07028839540839799,0.05963218471995091,0.07640355146437636,0.14259319222288375,0.11807446682201378,0.11382901502901535,0.13566915416435188,0.07697364145851095,0.0546053408826376,0.06456712086873896,1.0000421795019394,105,50.47222222222222
113.0,0.08896630220863741,0.06930064200883398,0.060734524015675015,0.07865181786480976,0.13983089061859533,0.11742872289741732,0.11333100375839414,0.13374905776199805,0.07874366905089593,0.0560005977550012,0.06330534025058299,1.0000425612056594,105,50.05555555555556
114.0,0.09037051864190372,0.06838058478952146,0.06196415025637171,0.08081466577452091,0.13687913889541933,0.11693752676705732,0.11298690655240602,0.13159499000108532,0.08053365553432945,0.05747688047660119,0.06210393237381296,1.000042943077843,105,49.861111111111114
115.0,0.09161570605453188,0.06749852057649156,0.06328964010691641,0.0829190652167194,0.1338228760245365,0.11655458082838147,0.1127635398987076,0.1292298534741858,0.08232238709005019,0.05903507830843095,0.06099208452823618,1.0000433251219965,105,49.72222222222222
116.0,0.09271007251014342,0.06668723826371506,0.06470344784310228,0.08495987913035935,0.13066484887202545,0.11624380333047588,0.11266303015708447,0.12670667549238865,0.08411043894406917,0.06061885119828033,0.05997542860466529,1.000043707361113,106,49.69444444444444
117.0,0.09362247475707726,0.06594519985456562,0.06615101698929109,0.08699334931640554,0.1274210054933257,0.11603640091564899,0.11266212725992156,0.1240373292912211,0.08591532063238429,0.062170316073921324,0.059089556126237126,1.0000440897248015,106,49.5
118.0,0.09436986546188696,0.06530554824844582,0.0675783281561391,0.08904241384411953,0.12404980617260107,0.115903097805387,0.11276250856885224,0.12119977437993094,0.08780252424614453,0.0636764447945001,0.058354167562324796,1.0000444722551276,106,49.5
119.0,0.09492736387088561,0.06482375384740172,0.06890134100996896,0.09116798858994332,0.12052012501413804,0.11586096026999598,0.1129813446544117,0.1181971532930853,0.0897688384005786,0.06510116451846396,0.05779482840878645,1.0000448548924612,106,49.333333333333336
120.0,0.09527841190934863,0.06448726111328004,0.07007226273707629,0.09343787058456052,0.11683746463147893,0.11591710457357467,0.11332356363453445,0.1150453911108382,0.09183184087990601,0.06638583552852059,0.05742823787444197,1.000045237592357,106,49.138888888888886
121.0,0.09541541654463101,0.06436428545632379,0.07107675708693546,0.0958456620159349,0.11299782501206396,0.1160414847828138,0.11378633507463493,0.1117538858625387,0.0939733225529974,0.0675179361270767,0.05727271681842004,1.0000456203491626,106,48.97222222222222
122.0,0.09536731819265824,0.06441560559319665,0.07188881512129808,0.09835354628906245,0.1090271433280898,0.11625863343768555,0.11434134760672515,0.10838586809552407,0.09617579248457586,0.06849413516014588,0.05733780482483412,1.0000460031485856,106,48.69444444444444
123.0,0.09511521396320499,0.0646627735657203,0.07252920738770034,0.10091093751812065,0.10501512103301085,0.1165364093785586,0.11495549729017474,0.10500283263612203,0.09838433803963358,0.06932200410090464,0.05761205801123687,1.0000463859391704,106,48.52777777777778
124.0,0.09469672437049725,0.06508560527727886,0.07303828164026348,0.10341755473452897,0.101071688493665,0.11682484766761884,0.11558602175488916,0.1016834818349476,0.10053000169390063,0.07002872354702562,0.05808384473386802,1.0000467687632681,106,48.19444444444444
125.0,0.0941404023759289,0.0656528870080729,0.0734768580071536,0.10573643313322109,0.09728069691228675,0.11710359345743661,0.11617486164571673,0.09856275129852107,0.10252051079264873,0.07065358993003643,0.05874457402795871,1.0000471516037586,106,48.0
126.0,0.0934337316085222,0.06631934395473563,0.07391699538371684,0.10778006549137387,0.0938100908727958,0.11731414560096196,0.1166671802230595,0.09573151198406524,0.10427838820167477,0.0712421804336679,0.05955390767227063,1.000047534441618,106,47.861111111111114
127.0,0.09265412293439165,0.06702248002870698,0.07442828532431549,0.10946247062399339,0.09076865754663979,0.11742054107459945,0.11701028336905152,0.09327187050519406,0.10570247741128656,0.07184194874367356,0.06046478672237312,1.0000479172990047,106,47.69444444444444
128.0,0.0918175061003681,0.06774450347600552,0.07507726776671829,0.1106690991174853,0.08824491503489669,0.11735417364204542,0.1171645316599035,0.0912584073653744,0.10676821204218942,0.07249539346757426,0.0614542974649106,1.000048300152244,106,47.55555555555556
129.0,0.09096684231794354,0.06841453826149374,0.07586021356350549,0.11135611290182089,0.08633340048341162,0.11711579178201599,0.1171261549023277,0.08974714846324389,0.10742986423513542,0.07322171936283202,0.06247690372824091,1.0000486830167417,106,47.361111111111114
130.0,0.09015506933653238,0.06905393599017524,0.07679853146347043,0.11152938215770129,0.08502953272726231,0.11666507890302003,0.11686444116022449,0.08874005093517498,0.10768851622490459,0.07405031935134113,0.06347421463822248,1.0000490659027992,106,47.27777777777778
131.0,0.08936358990960655,0.06961307769355263,0.07786871189998157,0.11124972692721707,0.08432641657640781,0.11602969584257174,0.11637321839631777,0.0882168422665189,0.10757836117793315,0.07498111155399008,0.06444870355049305,1.000049448809352,106,47.02777777777778
132.0,0.08859011546794061,0.07012853395747405,0.07905703597135166,0.11052761923813438,0.08420674903234622,0.11517526342793621,0.115691825212533,0.08814728903113338,0.1071465488313146,0.07602374673677666,0.06535511183995363,1.0000498317616595,106,46.94444444444444
133.0,0.08785738210965337,0.07061192487551098,0.08028166203231249,0.10948342671683398,0.08461176009615502,0.11412794610984797,0.11481296697502123,0.08846642423883626,0.10645411359221318,0.07712825075860895,0.06621436427988817,1.0000502147996422,107,46.77777777777778
134.0,0.08719083157962468,0.07104923425229126,0.08150453825793022,0.10820536537281895,0.08544787386570761,0.11293568784750461,0.11376758010371857,0.08911252205154599,0.10557399325278492,0.07826993320349696,0.06699304511295255,1.0000505979151353,107,46.666666666666664
135.0,0.08650372685319263,0.0714764059099107,0.08263366679760631,0.10682634374806457,0.08659876511390072,0.11162568511366168,0.11258639259401995,0.09002221865771247,0.1046115897980479,0.07941824840134562,0.0677479451113483,1.0000509811135665,107,46.69444444444444
136.0,0.08579619722047674,0.0719180078863712,0.08364818036021991,0.10538713985480815,0.08804298528880705,0.11023780818928626,0.11130916288084323,0.09112808560349142,0.10361031806553131,0.08051394553279077,0.06845954049367972,1.0000513643910591,107,46.611111111111114
137.0,0.08512288789953927,0.0723339039640954,0.08453789546698698,0.10396673807796816,0.08968747464990484,0.10878615771549204,0.10994319908715036,0.09241744588038327,0.102589014107605,0.08152010673375916,0.06914693116575842,1.0000517477633915,107,46.638888888888886
138.0,0.08442672199983964,0.07277598675257001,0.0852690218625573,0.10258905474154643,0.09147167092621761,0.10729884797502992,0.10851520410820274,0.0938488103169453,0.10159401419958801,0.08243832519689555,0.06982448016812536,1.0000521312622668,107,46.638888888888886
139.0,0.08374489274111059,0.0732097138786844,0.08585820116799492,0.10126982485099362,0.09338207405148226,0.10579556573278778,0.10703948482373975,0.09541316753559288,0.10059682636151096,0.08326815746173043,0.07047461326285352,1.0000525148832247,108,46.72222222222222
140.0,0.08307879083370083,0.0736085331012811,0.08634429330659632,0.10002650585422096,0.09534813118300402,0.10430757740870555,0.10553476990017067,0.0970868727895183,0.09962232860111374,0.08397234410463629,0.07112275850083224,1.0000528985985246,108,46.72222222222222
141.0,0.08246680927806861,0.073975782641717,0.08673300985733362,0.09883128798554633,0.09736905179522426,0.10284968822862069,0.10401178292383571,0.0988620208967721,0.09866145845031449,0.08454434674996483,0.07174805057175129,1.0000532823938852,108,46.666666666666664
142.0,0.08194169639658347,0.07421282237726523,0.08703608885861974,0.09764162874659252,0.09950537883599278,0.1014513277871602,0.10247229349855805,0.1007883119878632,0.09768660839403175,0.08500416782407753,0.07231334642615687,1.0000536641476414,109,46.083333333333336
143.0,0.08153019724043921,0.07434771781251943,0.08729127901953487,0.09646246656165544,0.10167459902138706,0.10012571805931676,0.10096929862731659,0.10274925124689227,0.09671673677693038,0.08536906036714596,0.07281772821000337,1.0000540459578748,109,46.05555555555556
144.0,0.08125034153785071,0.07438334171668078,0.08749504157665552,0.09531594139383928,0.10382065047871587,0.09888470746930858,0.09952592559809575,0.10471342216004775,0.09578734304029288,0.085645048115225,0.07323267170746262,1.0000544278089027,109,46.0
145.0,0.08109787630814633,0.07432640079104719,0.08764094772656017,0.09421620742739674,0.10592332184338209,0.097744689424157,0.09817539271789531,0.10661773540269415,0.09491903402345857,0.08582423484108244,0.07356897620248289,1.000054809723035,110,46.02777777777778
146.0,0.08107031886806533,0.07418570051271808,0.08770746580291365,0.093193990962115,0.10793128542021785,0.09673256513092342,0.09693703329658725,0.10842161250679476,0.09414994764652825,0.08590900304439818,0.07381627545268128,1.0000551916586624,110,46.083333333333336
147.0,0.08116117930468668,0.07397772249599599,0.08767967980576832,0.09229897622036083,0.10979582344423473,0.09586211794013101,0.09583686305394529,0.11007485700296761,0.09350511798557508,0.08589394883516428,0.07396929451479292,1.000055573618344,110,46.02777777777778
148.0,0.0813574735694074,0.07371300617772472,0.08753428345291171,0.09155723838226792,0.11146588149518778,0.09515757226821102,0.09489937617839501,0.11154364851444311,0.09300289591455128,0.08577061036231702,0.07405397627633423,1.0000559556064708,110,46.0
149.0,0.08164053072797006,0.07341643674349758,0.0872587365085723,0.09100749475290504,0.11290399624642883,0.0946320434154156,0.0941400175572131,0.11278772516910052,0.0926708826406322,0.08553688103107085,0.07406159977629204,1.0000563375838185,110,45.833333333333336
150.0,0.08199161505354004,0.07309761900102184,0.0868406267293105,0.09066376512745113,0.11408418389442598,0.09429086666977102,0.0935820071807866,0.11379407630689642,0.09251788586585845,0.08518983610092165,0.07400424463311744,1.000056719577814,110,45.833333333333336
151.0,0.08239210329685756,0.07276878759317358,0.0862868756767306,0.09054231368978255,0.11499109829411014,0.09414227135334273,0.09321873876816156,0.11453708460687846,0.09254283456757284,0.08473521133956916,0.07389978942414045,1.0000571016250375,110,45.77777777777778
152.0,0.08282088926556185,0.07244105644277252,0.08559681828302307,0.09063411665243518,0.11562112027471307,0.09418067493086525,0.09305656270859053,0.11504068278070215,0.09273926033720431,0.08416786408923828,0.07375844490926228,1.0000574836890828,110,45.72222222222222
153.0,0.08325810065767852,0.07211756883144013,0.08478762636512151,0.09092585532648628,0.11597597477120251,0.09441505281614197,0.0930927051267469,0.11529591765486578,0.09308917052971644,0.08350282878750709,0.07359707189473695,1.0000578657763495,110,45.638888888888886
154.0,0.08368058971419723,0.07180959211653953,0.08388296977682883,0.09139243636414351,0.1160706768015142,0.09482367318499235,0.093324317627559,0.11532661596172847,0.09357336876454155,0.08274447677132785,0.07342953776958808,1.0000582478676614,110,45.611111111111114
155.0,0.08407871406521228,0.07151921542918067,0.08290001057488479,0.09200754996982809,0.11593394402970847,0.09541227099283141,0.09373588581170939,0.11514635240678696,0.09415775833756478,0.08192651155820048,0.0732404237834074,1.0000586299740193,110,45.55555555555556
156.0,0.08442936006663808,0.07125034885545725,0.08186707062416212,0.09272804288538558,0.11558935739561388,0.09615920934976341,0.09431521892872871,0.11478478303500202,0.0948180428051332,0.08106090497452755,0.07305668018479947,1.0000590121199158,110,45.47222222222222
157.0,0.08472247393509771,0.0710073139856462,0.0808050274009302,0.0935135667362536,0.11507366427025215,0.09705629329330445,0.09505761174000656,0.11426708707066204,0.09551599480896757,0.08016831018084165,0.07287205783240586,1.000059394269067,109,45.44444444444444
158.0,0.08493814385017473,0.07079519856330871,0.0797361627588884,0.09432571000776645,0.1144122646133541,0.09808909198017768,0.0959453941929167,0.11361889699228683,0.09622476719697656,0.07925712326126916,0.07271703002721863,1.0000597764590389,109,45.388888888888886
159.0,0.085072070805325,0.07061614929358823,0.0786799052144327,0.09513249837976893,0.11364218552546763,0.09924497126398643,0.09697469579195417,0.11287081304802428,0.09691202337546645,0.07835256760283456,0.07256228536958301,1.000060158685121,109,45.27777777777778
160.0,0.08511999374432143,0.07047397166319211,0.07765150762868361,0.09589744084379742,0.11278948214044927,0.10050674525837107,0.09812792542903151,0.11204371699468091,0.09754980160357382,0.0774649553618331,0.07243500724222975,1.0000605409248542,108,45.166666666666664
161.0,0.08507492205385173,0.07037000803443118,0.07666762922441617,0.09659324270703967,0.1118767690357689,0.10186681515581389,0.0993994445250488,0.1111637937612424,0.0981180926796995,0.07660227984322145,0.07232793316508145,1.0000609232003037,108,45.05555555555556
162.0,0.08493614762300677,0.07030002034692447,0.07573452434196788,0.09720148644599488,0.11092845514237694,0.10331190611925085,0.10077929331668857,0.11025096411011026,0.09858984731913899,0.07577044020448141,0.0722582274986338,1.000061305483258,107,44.69444444444444
163.0,0.08470558135639471,0.07027103582916473,0.07486637378380889,0.09769865899777126,0.10996334424716384,0.1048280056982492,0.1022606262050047,0.1093318294093011,0.09894773441235866,0.07498363861356759,0.07220486620750953,1.0000616877749706,106,44.52777777777778
164.0,0.08438569753847663,0.07027695585008742,0.07406475481782462,0.0980751080224707,0.10899685263629941,0.10641041285373226,0.10383027441987407,0.10842513669181442,0.0991768370796743,0.074244498107966,0.07217554906395003,1.0000620700968472,106,44.388888888888886
165.0,0.08398459481574566,0.07031497104371855,0.07333570903903544,0.09831524675380257,0.10805438129765346,0.10804222603052922,0.10547122374213774,0.10755297523747864,0.09927048249085997,0.07355191928238927,0.07216872970410479,1.0000624524521302,106,44.19444444444444
166.0,0.08350688445884846,0.07038352228982868,0.07268227569459465,0.09841411454140525,0.10713306260665773,0.10971589734051301,0.10718044017529536,0.10672637354432597,0.09921580413696428,0.07291428184107067,0.07219018516903239,1.0000628348132061,105,44.083333333333336
167.0,0.08296652111527324,0.07048112652758154,0.07210833308767875,0.09837140472461957,0.1062597692015607,0.11142181197446129,0.10892957438727592,0.10596137693445301,0.09900465226524591,0.07233558943542207,0.07222306452657891,1.0000632171948254,105,43.97222222222222
168.0,0.08236965413240409,0.0705973112348476,0.07161320273186624,0.09818164946654437,0.10543012006893629,0.11315816051803733,0.11072231602261484,0.10526188411771417,0.09864367366122524,0.07180984410678765,0.07227579052778621,1.0000635996034284,105,43.888888888888886
169.0,0.08172795222625662,0.07072697164426,0.07119957244857117,0.097842802772426,0.10466246903392272,0.1149093658012275,0.11254353395002131,0.10463856912551658,0.09813948320133097,0.07133707715499134,0.07233619160189043,1.0000639819750832,104,43.638888888888886
170.0,0.08105669023063744,0.07086695799297281,0.07086871386220954,0.09736278331631372,0.10396439830402536,0.11665895545037594,0.11437941550641871,0.10409330714395365,0.09749191709286531,0.07091349957891556,0.07240773287095488,1.0000643643643015,104,43.5
171.0,0.08035952374687695,0.07101106258800832,0.07061564082364834,0.09674229853206169,0.10333777272607479,0.11840245079578803,0.11622376257416356,0.10363235593634473,0.09671014397670107,0.07054162286367628,0.07248811918612931,1.0000647467641333,104,43.22222222222222
172.0,0.07965458967625473,0.07115382540375234,0.07044350627737327,0.09599120759134025,0.10278937767654471,0.12012510406915616,0.11806920388151611,0.1032521656508972,0.09580638717155625,0.07021547356099204,0.07256429516302909,1.0000651291370628,103,42.97222222222222
173.0,0.0789462737551533,0.07129286635521566,0.07034768486342746,0.09511557216670964,0.10232282579833347,0.12182726802773995,0.11991643310702266,0.10294597657855849,0.09478374845539247,0.06993465421574423,0.0726322151744054,1.0000655115123591,103,42.888888888888886
174.0,0.07824095940647399,0.0714249529283935,0.07032256324377881,0.09412517821722557,0.10193421383524336,0.12349942753623466,0.12174720204485412,0.10272375882769152,0.09366202715418445,0.06970020173346679,0.07268541591961249,1.0000658938618114,102,42.52777777777778
175.0,0.07754858149315302,0.07154775632076958,0.07036447080792245,0.09303669569342968,0.10162490025994968,0.12513434018116984,0.12355556708253287,0.10257672991259502,0.09245146865149932,0.06949939449238396,0.07272637829703374,1.0000662762070855,102,42.25
176.0,0.07686868878858466,0.07165940781144081,0.07046265393794517,0.09186452052350425,0.10138694176020144,0.12672671830084403,0.12533996987567766,0.10250214720040872,0.09116936945273164,0.06933293398625856,0.07275331386596241,1.000066658518205,101,42.083333333333336
177.0,0.0762081510390144,0.07176450547676806,0.07060956278155758,0.09062047963030788,0.10121621314968075,0.12827662947307714,0.1270882460024851,0.10248730933407019,0.08983829004802941,0.06919599856234436,0.07276166231775437,1.0000670408297312,101,41.861111111111114
178.0,0.07557375844897395,0.07185927304256733,0.07079586037293956,0.08933301035149309,0.10110795078131424,0.1297738701969912,0.12879075288067904,0.10252946369353842,0.08847134725786424,0.06908745017566041,0.0727446929264758,1.0000674231431346,101,41.77777777777778
179.0,0.07496580713291477,0.07194600365403164,0.07100957218670587,0.08801674807536866,0.10104513228395037,0.13122948384884092,0.13045552741108454,0.10261635694998686,0.0870813018133517,0.06899363907197235,0.0727082399779973,1.000067805420839,100,41.69444444444444
180.0,0.07438727779924544,0.07202453243268754,0.07123688703947789,0.08669819180300811,0.10102604063579203,0.13263206022752586,0.13206691309700022,0.10274123140506347,0.08568934243112089,0.06891569441703073,0.07265002339791202,1.000068187700503,100,41.69444444444444
181.0,0.07384278547280644,0.0720915090882729,0.07146792982164955,0.08539337325669755,0.10103889633082118,0.13398476293573172,0.1336227763097306,0.10289048918135318,0.0843121990772559,0.068839636509636,0.0725842189862677,1.0000685699848555,100,41.666666666666664
182.0,0.07333482209964395,0.07215009718820699,0.07168982613259586,0.08412777588596407,0.10107494354212308,0.13528226435157029,0.135118913060449,0.10305980968598956,0.08297343609038708,0.06876585054338477,0.07249122067688789,1.0000689522718313,100,41.638888888888886
183.0,0.07286853448520056,0.07219986569695977,0.0718982522248326,0.08291044536806619,0.10112831366988506,0.13652764167810416,0.13655212712416318,0.1032357925452031,0.08168615616839894,0.06868540974832714,0.07237680283832416,1.0000693345620904,100,41.638888888888886
184.0,0.07244561484265384,0.07223476215682999,0.07208217910229862,0.08175889834435203,0.10118991659770663,0.1377158808970833,0.13791831032273638,0.10341461790689728,0.0804646120216338,0.06860524984100098,0.07223968181741534,1.0000697168652315,100,41.611111111111114
185.0,0.0720725614474406,0.0722590136594119,0.07223959216745936,0.08069093995831321,0.10125814139253352,0.13884378976596648,0.1392170063348902,0.10358481503895452,0.07931944527624483,0.0685111977881021,0.07207360332535169,1.000070099169288,100,41.583333333333336
186.0,0.0717483865354849,0.07226563212864359,0.07236055675467898,0.07971741566413036,0.10132376859675182,0.1399081553650322,0.14044483317951068,0.10374171371692434,0.07826977207529895,0.06840411775584772,0.07188613665582173,1.000070481442743,99,41.416666666666664
187.0,0.07147898796950142,0.07225791328928893,0.07244734577825403,0.07884803123040779,0.10138329970890413,0.14090697851499967,0.14159738031633423,0.10388204545097725,0.07732118179181434,0.06827410142763717,0.07167360522152066,1.0000708637142537,99,41.19444444444444
188.0,0.07126146020453034,0.072235185676079,0.07249651019576217,0.07809412773310567,0.10143524597249662,0.14183883572829567,0.14267252584055687,0.10400486315713993,0.07647987686259156,0.06812672029703928,0.07142590126979759,1.0000712459520116,98,41.138888888888886
189.0,0.07109271972492544,0.07219134192619961,0.07250418502332553,0.07745622786945754,0.10147469101530272,0.14270267577125323,0.14366804439514586,0.10410495585119586,0.07576301520049558,0.06795762476470525,0.07115615362903432,1.000071628185653,98,41.0
190.0,0.07097850431211139,0.07213348332562285,0.07247520478940633,0.07694167373595139,0.10150009873149182,0.14349175501438963,0.1445787171952042,0.10417851819424048,0.07516627024874922,0.06776566443669205,0.07086212738897164,1.000072010387438,97,40.80555555555556
191.0,0.0709142477863566,0.07206261296171293,0.07241035628280035,0.07655340094279142,0.10151173547995145,0.14420869918932439,0.1454017203116703,0.10422766554320577,0.07469513693514199,0.06755309123061864,0.07053373289780464,1.0000723925759814,97,40.75
192.0,0.0708924984387534,0.07197463447794414,0.07231059729440711,0.07629078240212005,0.10151005821761835,0.1448466901615747,0.14613428418830557,0.10425775472555907,0.0743529611022911,0.06731954853345082,0.07018297214926869,1.0000727747058982,96,40.583333333333336
193.0,0.0709108045103429,0.0718745640690664,0.07218191194819032,0.07615309855777676,0.10149272187511818,0.14540286842795616,0.1467702433627411,0.10427080307703919,0.07413324733642998,0.06706593726281841,0.06981696339090218,1.000073156832977,96,40.55555555555556
194.0,0.0709624043506136,0.07176002958807119,0.07202578115977437,0.07613586073575156,0.10146160420402874,0.14587542246183532,0.14731175950353825,0.10427271527087384,0.07403292444594604,0.06679511323182527,0.0694399309879381,1.000073538954794,96,40.52777777777778
195.0,0.07104513275786237,0.07163461482608663,0.07185346122174191,0.07623495241241128,0.10142046086258147,0.14626300921522783,0.1477502542702977,0.10426340189601895,0.07404657759749496,0.06651356227804131,0.06904850072204372,1.0000739210743996,96,40.47222222222222
196.0,0.07115178486475855,0.07149869409653221,0.07166971249115088,0.07644289545310763,0.10136832604236017,0.14656325236463225,0.14808924872376245,0.10424815841168307,0.07416673206296515,0.06622772049531477,0.06864778517013155,1.0000743031909898,96,40.47222222222222
197.0,0.07127271547071215,0.07135263472816568,0.07147817753656835,0.07675246002898402,0.10131470694230447,0.14677945788786576,0.14832301034357442,0.10422758021696256,0.07439039741472656,0.06594310925323581,0.06824044246799275,1.0000746853056834,96,40.388888888888886
198.0,0.07140328829974173,0.07120157487776689,0.07129181354064082,0.0771525452510604,0.10126057521861535,0.14690438205410583,0.1484495344295797,0.10420306721414647,0.07470713228808055,0.06567245177925563,0.06782870939504977,1.0000750673626313,95,40.27777777777778
199.0,0.07153769257728822,0.07104434550605397,0.07111339546868445,0.07763563099860785,0.10121211395583095,0.14693530449072792,0.1484694353364739,0.10417313854046373,0.07511097730681085,0.06542147866582355,0.06742194355959356,1.0000754494209427,95,40.138888888888886
200.0,0.07167276418221696,0.07088242047423376,0.07095111822231324,0.07819370682063806,0.10117440018624807,0.14687396983631007,0.1483832130350441,0.10414061608694175,0.07559544643634215,0.06519046984407374,0.06701771330492778,1.0000758314438718,94,39.97222222222222
201.0,0.07179556787487375,0.07072200874094499,0.07081408015255533,0.07881196618430045,0.1011542915567875,0.14671670429607003,0.14819388947356021,0.10410443696843077,0.07614943496416891,0.06499159580396777,0.06662224444426043,1.0000762134744992,94,39.861111111111114
202.0,0.07190365298297263,0.07055829102686305,0.0707072902168861,0.07948115257919895,0.10115364086258251,0.14646171392423243,0.14790741862651177,0.10407068101516559,0.07676446276607653,0.06483135620760146,0.0662369422870011,1.0000765955096695,94,39.77777777777778
203.0,0.07199429670361512,0.07039673241241473,0.07063838802095124,0.08019069462527242,0.10118076816747697,0.14610558047825947,0.1475216529851374,0.10403909770560606,0.0774288887033512,0.06470777383425366,0.06587311090311095,1.0000769775540228,94,39.77777777777778
204.0,0.07206040380772483,0.0702355039161166,0.07061348539316557,0.08092802482330422,0.10123642978319329,0.14565316932297018,0.1470407391989355,0.10401404905652498,0.07813153418155286,0.0646337726553175,0.06553025445803055,1.0000773596114048,94,39.72222222222222
205.0,0.07210439203380034,0.07007842169662104,0.07063700791873131,0.08168262893665389,0.10132132993422797,0.145103995345618,0.14646465252185678,0.10399316853521773,0.07886805497772115,0.06460076486188579,0.06522333191069422,1.000077741687599,94,39.69444444444444
206.0,0.0721171417139849,0.06993106945159412,0.07071121383811002,0.08244764161210247,0.10144211076030656,0.14445867847615762,0.14578778255162095,0.10399137632226782,0.07962778646949256,0.06461656205618377,0.06494676751651578,1.000078123782904,94,39.69444444444444
207.0,0.07209539154394343,0.06979138371203955,0.0708386297436018,0.08321444060018911,0.10159920470040718,0.1437274268053775,0.14502437497467469,0.10399645415838824,0.08040380175207051,0.06468706246794304,0.06470034242652044,1.0000785058997193,94,39.69444444444444
208.0,0.07203801208744912,0.06966310753031806,0.071022864132187,0.08397225341265342,0.10178957181527865,0.14290905278372462,0.14416839319908334,0.10401814058435035,0.0811870303695895,0.06481360352075559,0.0644968656265368,1.0000788880764866,95,39.72222222222222
209.0,0.0719490401895428,0.06955198785778573,0.07126805412996333,0.08471601728142128,0.10201649586348263,0.14201062489879168,0.14322070852368318,0.10405105112893377,0.08196826195255169,0.0649964486966974,0.06433058674128826,1.0000792702786976,95,39.72222222222222
210.0,0.07182482146439118,0.06945983375334941,0.07157383960625889,0.08543460088071034,0.10227224958924958,0.14103703266208584,0.14219130993982126,0.10409955342762328,0.08273649522263085,0.06523733976543997,0.06421258318280174,1.0000796525089197,95,39.72222222222222
211.0,0.07166781292244787,0.069387856558958,0.07194102185486309,0.0861298976532162,0.10255871567262115,0.13999068783138238,0.1410769418655057,0.1041581350460778,0.08349377128401599,0.06553800598878198,0.06413719507699248,1.0000800347694143,95,39.75
212.0,0.07148270540975453,0.06933867933699549,0.07236943779696303,0.08679455270959732,0.10287182905007185,0.13888158099150202,0.13988724148033344,0.10423021700265146,0.08422237209774316,0.06589063856933329,0.0641111696009584,1.0000804170604558,95,39.75
213.0,0.07127093392127128,0.06931330352615793,0.07285695292156677,0.0874230424351149,0.10320413935168106,0.13771335843188168,0.13863261410241096,0.10431200890022191,0.08492200029555656,0.066301396804258,0.06413105567813733,1.0000807993828036,95,39.75
214.0,0.0710344545764975,0.0693136913681515,0.07340000429969026,0.08801745889482518,0.10354888330767213,0.13649416516393761,0.13731784188283722,0.10440143736112271,0.08558793564686838,0.06676347348656525,0.06420184275104343,1.0000811817537534,95,39.80555555555556
215.0,0.07078206477089795,0.06933948950580049,0.0739956386479608,0.08857670985584944,0.10390112540854024,0.13522810052771306,0.13594870512333568,0.10449372618750939,0.08621690402364746,0.06728212816103946,0.06431697896407484,1.000081564190908,96,39.888888888888886
216.0,0.07051627801351468,0.06939455859831127,0.0746393858279979,0.08910128789619548,0.10425347929696048,0.13391918080126214,0.13453890274920033,0.1045840952460396,0.08680974728246849,0.06784663084084086,0.064478407094298,1.0000819466616229,96,39.888888888888886
217.0,0.07024343658063302,0.0694800517393764,0.07532731173409289,0.08959474550562492,0.10460291146575085,0.13257123608363983,0.13308846767976032,0.10466881089142137,0.08737034636901514,0.06845495337368858,0.06468006472826535,1.0000823291658019,96,39.888888888888886
218.0,0.06997706249267723,0.069595760853643,0.07605225446495871,0.09006012602631372,0.10493919479125165,0.13119343507914935,0.1316042893941132,0.10474061569656742,0.08790232293460144,0.06909649598922749,0.06492116096948572,1.0000827117065192,96,39.916666666666664
219.0,0.06971451086538101,0.06974288840715405,0.07680788262872237,0.09049700402513296,0.10525835356884977,0.12978902875658926,0.13009248883489835,0.10479777423031571,0.08840528279379681,0.06977003590493965,0.06520785125670656,1.00008309428702,96,39.97222222222222
220.0,0.06947813123957267,0.06992369307199488,0.07758820362595888,0.09090823384343404,0.10554914709998733,0.1283651345468381,0.12855649379652354,0.10483422175055357,0.08888330773332849,0.07046952214949419,0.06552739502862981,1.0000834769008466,96,39.97222222222222
221.0,0.0692659354248569,0.0701355805134815,0.0783837852788878,0.09129332686647204,0.1058051918355911,0.12693682709010892,0.1270123041509188,0.10484474712560327,0.08933499616745084,0.07117921233668471,0.06589195974173592,1.0000838595463184,96,39.97222222222222
222.0,0.06908985233453421,0.07038123309550276,0.07919228700181537,0.09165837490659286,0.10602197123769933,0.12550221385417096,0.12545762549394485,0.10482992260679966,0.08976537793354544,0.0719018224701687,0.06628356827458957,1.0000842422238907,96,39.97222222222222
223.0,0.06895772525738775,0.07066167293291911,0.08000669576616934,0.09200590324912923,0.10619569781299748,0.12406877175455919,0.12389797786037066,0.10478772028830581,0.09016882402100689,0.07262556470397515,0.06670807830676095,1.0000846249681041,97,40.05555555555556
224.0,0.06887289461331451,0.07097376931852029,0.08081807995592606,0.09233717671233044,0.10631763828118378,0.12264403343249501,0.1223429504983645,0.10471695004497403,0.09055200558798238,0.0733487786456393,0.0671607376382206,1.0000850077434695,97,40.05555555555556
225.0,0.06884519609793309,0.07131975940088175,0.08162684352243546,0.09265614175978545,0.1063881654365139,0.1212311083705792,0.12079059168605417,0.10461375705450938,0.0909090153511261,0.07406764781876327,0.06763717103766179,1.0000853905507567,97,40.083333333333336
226.0,0.06887636584034776,0.07169746776106904,0.08242506607061692,0.09296103129087135,0.10640003741559655,0.11983490164480723,0.11924990282221307,0.10447410023606955,0.09124818013622361,0.07477817551492638,0.06814055164285493,1.0000857733901125,97,40.05555555555556
227.0,0.06897608750507045,0.07210894154905102,0.08320724799305694,0.09325425941360617,0.10635152546679542,0.11846086043399925,0.11772781529648434,0.1042953005713089,0.09156307102184069,0.07547851700545397,0.06866253699211558,1.0000861562632888,97,40.02777777777778
228.0,0.0691495930909148,0.07255385723264657,0.08396867163783404,0.09353833438376155,0.10624165709936942,0.11711120841835469,0.11623169725219441,0.10407246844845629,0.09185750034179052,0.07614896712041923,0.06921259112786542,1.000086539168113,97,40.02777777777778
229.0,0.06939960271057138,0.07302762768016512,0.08470653148804193,0.09381227836606612,0.10606985476187648,0.11578975684875335,0.1147683239247107,0.10380527892447637,0.0921317318525715,0.07679803648331036,0.0697779060494149,1.000086922104463,97,40.02777777777778
230.0,0.06973020005401136,0.0735344244403868,0.08541989978648007,0.0940772540329197,0.10583527017300613,0.11449116853876468,0.11333438170711094,0.10349346834757978,0.09238614936367238,0.07741913330437745,0.07036596234097116,1.0000873051037873,98,40.44444444444444
231.0,0.07014121111690444,0.07406998025998725,0.08610005098628444,0.09433051775575112,0.10554028004959279,0.1132251056552219,0.1119417674334507,0.10313413534446177,0.09262189614258659,0.07800849156039509,0.07097425885240753,1.0000876881715397,99,40.47222222222222
232.0,0.07063383359294981,0.07464082050708969,0.08675087868658247,0.09457429055760493,0.10518943346837185,0.11198381182462203,0.11058353723008313,0.10272960581328078,0.09283876123897439,0.07855498423287105,0.07160812110349293,1.0000880712704252,99,40.55555555555556
233.0,0.07121059102308895,0.07524038519868019,0.08736697563393617,0.09480685873430234,0.10478357395205004,0.11077202220009931,0.10926598428489954,0.10228296337750369,0.09303499490243446,0.07906450939875984,0.07225960264705378,1.0000884543672965,98,40.47222222222222
234.0,0.07187525077281144,0.07586933847201185,0.08794629134619412,0.09502621880955664,0.10432812124636616,0.10958728132558679,0.10798872529527397,0.1017922701208914,0.09321592203855285,0.07953777679517716,0.0729216482966534,1.0000888375335661,99,40.611111111111114
235.0,0.07262309586761397,0.07652502480145468,0.08848418508783903,0.0952287760547959,0.10382404453912693,0.10843257044266755,0.10675388506386377,0.10126102999995841,0.09337722250605375,0.07997494218991677,0.07360445116361115,1.0000892207313885,99,40.583333333333336
236.0,0.07345062513183954,0.07720751342162102,0.08898084065913993,0.09541312986180288,0.10327797991733628,0.10731023517515786,0.10556348575476084,0.10069290376927718,0.09351782291111926,0.08037220073946218,0.07430287360483975,1.0000896039608442,99,40.611111111111114
237.0,0.07436025010785942,0.07791959720300784,0.08943876572935308,0.09558040736415195,0.10269413359578927,0.10621588981171158,0.10441441395026214,0.10008874450399202,0.09362882490059192,0.08074080855558596,0.0750081584819588,1.00008998721875,99,40.638888888888886
238.0,0.07534943593129763,0.07865490835315715,0.08985384609442651,0.09572648294406529,0.1020728805711187,0.10514849078997164,0.10330485948138127,0.09945140027943418,0.09372170993912037,0.08108275412821243,0.07572360894607988,1.0000903704727462,98,40.611111111111114
239.0,0.07641163685400394,0.07941406016690289,0.09022706209210275,0.09585253459361778,0.10142250130440895,0.10410836745055795,0.10223574797947205,0.09878988022684272,0.0937856131008996,0.08139659791653323,0.07644675909740602,1.0000907537972277,99,40.55555555555556
240.0,0.07754617278736019,0.08019188981353759,0.09055506018222094,0.09595298437679008,0.10074797407821019,0.10309991920000867,0.10120568415934907,0.09810170196401975,0.0938271151160039,0.08168701693655556,0.0771756255331037,1.0000911371616326,99,40.55555555555556
241.0,0.07875092518290161,0.08099671870502165,0.09084307151160799,0.09603110262651463,0.10005418702702575,0.1021188494584724,0.10021286705099033,0.09739118052985646,0.09383566590039333,0.08194867946978575,0.07790828007794816,1.0000915205549907,99,40.55555555555556
242.0,0.0800192851606858,0.08182187709255223,0.09108960582324839,0.09608397599457592,0.09934120359103632,0.1011630601414742,0.09925701102829286,0.09666808219267438,0.09381059801761431,0.08218858713466179,0.07864862477244623,1.0000919039637324,99,40.611111111111114
243.0,0.08134131895552847,0.08266425551727048,0.0912959186198198,0.09610563573169612,0.09862136057319673,0.10023870260735933,0.09834306202270465,0.09593312431986897,0.09375494017736515,0.0824018934397896,0.07939208243577178,1.0000922874148377,99,40.55555555555556
244.0,0.08271829559339193,0.08352935189377313,0.09146520315219309,0.09609611226805415,0.09789659062078006,0.09933832917831971,0.09746042313860469,0.09518865237670648,0.09366019858409343,0.08259175628263377,0.08014776478242412,1.000092670885442,99,40.611111111111114
245.0,0.08414129368913313,0.08441045835387555,0.09159947652828158,0.09605222197951072,0.0971740854798691,0.0984626157440848,0.0966107934681354,0.09444416338683931,0.09352921695502846,0.08275527531765522,0.08091346046982001,1.0000930543866975,99,40.638888888888886
246.0,0.08560703565567239,0.08531170074572776,0.09170348201452526,0.09597214938298915,0.09645716794613325,0.09760674338356241,0.09579258086295765,0.09369772185366844,0.09336144945663995,0.0828937084592335,0.08168970513305092,1.0000934379086144,99,40.69444444444444
247.0,0.08710770844034521,0.08623105816925673,0.09177530730976691,0.09585348014852671,0.09575225562461255,0.0967743138846641,0.09500489508653016,0.09296484665278966,0.09315597651865086,0.08300189024874896,0.08247209635537993,1.0000938214537267,99,40.666666666666664
248.0,0.08863299558709833,0.08716189850933106,0.0918177370999661,0.09569636229358253,0.09506465407900135,0.09596484089835974,0.09424214762620524,0.09224219526608785,0.09291091902535065,0.0830875167072191,0.08327294492021338,1.0000942050268649,99,40.638888888888886
249.0,0.09018030927250408,0.08811080335646342,0.0918345843964725,0.09550264585847966,0.09439121811640985,0.09517457837739984,0.09350643745882219,0.09153435873961938,0.09262934575295849,0.08314606112337897,0.08408425315970072,1.0000945886266526,99,40.666666666666664
250.0,0.0917381197936926,0.08906972630268097,0.09182638988506692,0.09527137825496726,0.09373953908931007,0.09440367149746495,0.09279597568456203,0.09084508618743481,0.09231308918768695,0.08317737963381361,0.08491462371483659,1.0000949722459629,99,40.666666666666664
251.0,0.09331054893749194,0.0900448837268466,0.09179772659860984,0.09500428662179074,0.09310906481967204,0.09365132915817147,0.09210493521817094,0.09017831079300084,0.0919603575475533,0.0831883933286665,0.085745526112278,1.0000953558766967,99,40.80555555555556
252.0,0.09488618582903724,0.09102639652610847,0.09174819515441691,0.09470068572341746,0.09250134400841642,0.09291662717683186,0.09143366047094993,0.08953758810984211,0.09157876293769211,0.08317546414670615,0.08659083642605055,1.0000957395239085,99,40.80555555555556
253.0,0.09645946165647198,0.09201749672508354,0.09168123208296444,0.09436232579242398,0.091920555776652,0.09220139130424936,0.09078242894366091,0.08891996927045161,0.09116703317314055,0.08314412318440324,0.08744011226108567,1.00009612318503,99,40.80555555555556
254.0,0.09802344459764928,0.09301393136865695,0.09160342935482679,0.09399199960465472,0.09136401583905412,0.0915009133968415,0.0901472925652607,0.08833084133028081,0.09072878850307402,0.0830936578853829,0.088298199399561,1.0000965068596823,99,40.833333333333336
255.0,0.09957592385204764,0.09401331114358673,0.09151246632392147,0.09358758876172257,0.09083434684584732,0.09081820880041924,0.08952790550951432,0.08776753229591648,0.0902664976779878,0.0830292131888159,0.08916390316039957,1.000096890574614,99,40.916666666666664
256.0,0.10112223059954696,0.09501233789332383,0.09141278882369747,0.09315537638487552,0.09033313219153746,0.09015298191545665,0.08892102373443402,0.08722872514355863,0.08978072603485539,0.0829609551819271,0.09001700338204409,1.0000972742996879,99,40.916666666666664
257.0,0.10264845214377163,0.096009523820971,0.09130591999583497,0.09269435746571136,0.08985585179794829,0.08950329324093435,0.08832517546953302,0.08672026379519615,0.08927457342535136,0.0828896063718312,0.09087064749809885,1.000097658039611,99,40.888888888888886
258.0,0.104155055281,0.09700342436790232,0.09119257319659767,0.09220773783516563,0.0894053096206661,0.08887426631005546,0.08774231391259497,0.08623876266327268,0.08874890276786233,0.08281692023417295,0.09171278258186118,1.0000980417855825,99,40.861111111111114
259.0,0.10563453249677275,0.09798932324327222,0.09107718211443991,0.09169862506921599,0.08898050126321831,0.08826276959775561,0.08716892732570598,0.0857834824126863,0.08820401713846698,0.08274210025886936,0.0925569716080934,1.0000984255429155,99,40.833333333333336
260.0,0.10708284155020395,0.09896709373716922,0.09095789456010303,0.0911693375003369,0.08857955905216224,0.08766903447861782,0.08660342726086732,0.08535657747930872,0.08764753266935195,0.08267402364816748,0.0933914943564854,1.0000988093071943,99,40.833333333333336
261.0,0.10849688440183516,0.09993662945300841,0.09084317082597995,0.0906280672907756,0.08820203200804766,0.08709738387711123,0.08604756283690178,0.08494863368120521,0.08707527070408819,0.08260606094227002,0.09421750400999207,1.0000991930456327,99,40.888888888888886
262.0,0.10987235593002814,0.10088935929019384,0.09072978809866121,0.09007147321895004,0.08784199578864732,0.08654996436748866,0.08550012366925779,0.0845672580890726,0.08649354463254393,0.08255505039458365,0.0950286703010959,1.0000995767949337,99,40.77777777777778
263.0,0.11120608957441222,0.10182688716133771,0.09062151787905026,0.08950926773373225,0.08749643928170697,0.08602472751942783,0.08496005187248537,0.08420569951048291,0.08590326046683959,0.08251885636590234,0.09582717017229611,1.0000999605520875,99,40.75
264.0,0.11249550572717075,0.10274725918372782,0.09051767929731487,0.08894218760089603,0.08716228531875916,0.08552259274214878,0.08443352601286988,0.08385961843922385,0.08530441876267339,0.0825000762963206,0.09661520191438475,1.0001003443099008,99,40.638888888888886
265.0,0.11373593073165689,0.10364721915448433,0.09042310113420143,0.08837538474260752,0.08683794455500128,0.08504476854080202,0.08392071572604802,0.08352934781517815,0.08469992366700412,0.0825021756082443,0.09738422337989762,1.0001007280695327,99,40.52777777777778
266.0,0.11492303897757494,0.10452206536220163,0.0903383733222402,0.0878110680759674,0.08651954232660275,0.08459452359385078,0.08342191595943259,0.08321165417096485,0.08410130848251028,0.08251451660737452,0.09814311194055224,1.0001011118336713,99,40.47222222222222
267.0,0.1160613303959025,0.10537410920947611,0.09026801115491845,0.08725070642052277,0.08620232450094863,0.08416938395306835,0.08293916718331416,0.08290215739196545,0.08350121494555302,0.08254892379575562,0.09888417363467389,1.0001014956005052,99,40.416666666666664
268.0,0.11714298186618274,0.10619533307801973,0.09021534827596003,0.08670316810798179,0.0858853598618441,0.0837733577660867,0.08247692841264731,0.0825957581277604,0.08290756642134538,0.0825976144639753,0.09960846999026442,1.0001018793864673,98,40.44444444444444
269.0,0.11817234122179332,0.1069844322526649,0.09018033894645835,0.08616574651705021,0.08556767734133033,0.08340031619150028,0.08203404479610349,0.08229226128788074,0.08232373849710731,0.08265740593465,0.10032396717311379,1.0001022631740482,98,40.44444444444444
270.0,0.11914610233133752,0.10774183808357903,0.09016617482334234,0.08564334492488376,0.08524960051224746,0.08305100915886672,0.08161152937052668,0.0819882464002339,0.08175413398989369,0.08272978780641732,0.10102088654349659,1.0001026469592202,98,40.388888888888886
271.0,0.12006620818621722,0.10846391432329264,0.0901716042292516,0.08514003345004591,0.0849278129025134,0.08272767048118532,0.08121276283970287,0.08168429453332239,0.08119823667061876,0.08281569742650698,0.10169480268756409,1.0001030307446097,98,40.388888888888886
272.0,0.12093628572584511,0.1091518586842333,0.09019573357327368,0.08465353425063978,0.08460102096627019,0.08242642334626617,0.08083641370148013,0.08137570513845055,0.08065393099666517,0.08291015515909789,0.10236235997537915,1.000103414531989,98,40.333333333333336
273.0,0.12174946072295267,0.10979760497718452,0.0902380899360005,0.08418939555235402,0.08427243355657184,0.08214839719936007,0.08048462676257892,0.08106770820725386,0.08012903979550379,0.08301724527604816,0.10300980332177596,1.000103798321972,98,40.27777777777778
274.0,0.1225088793406426,0.1104084368453114,0.09030204802882438,0.08374665329165965,0.0839394516378577,0.08188768783784825,0.08015818173114633,0.08075516097155412,0.07962468401366919,0.08313453392619675,0.10363847147246935,1.0001041821115646,98,40.27777777777778
275.0,0.1232136084333125,0.11098375570911247,0.09038335824065721,0.08332839210682995,0.0836052129638201,0.08164849641524369,0.07985725185787186,0.080441433781298,0.07913818164500853,0.08326601477001162,0.10423886695866685,1.000104565896211,98,40.19444444444444
276.0,0.12386192622588585,0.11151986055576715,0.09048340819078184,0.08293638171081034,0.08327025614663115,0.08142580348501242,0.07958120670422861,0.08012247120035013,0.07867486203615513,0.08340947696997011,0.10481930344182826,1.0001049496817986,98,40.05555555555556
277.0,0.124459767536795,0.11201907070066339,0.09060415238664302,0.0825740655033259,0.08293425526686084,0.08122143639649536,0.07932828851373831,0.07980086990120601,0.07822740278267713,0.0835653959939549,0.10537063547295643,1.0001053334696934,98,40.02777777777778
278.0,0.12500615652688038,0.1124774329547428,0.09074171469559424,0.08223792973233951,0.08259576227077631,0.08102814136040662,0.0790991549236567,0.07947986740181343,0.07780722480087239,0.08374068263747092,0.1058916569374211,1.0001057172563486,98,40.02777777777778
279.0,0.12549871304270263,0.11289899529021759,0.09089751997471295,0.08192958640663242,0.08225735079904598,0.08085055774279458,0.07889104577179316,0.07916025092284212,0.07741152221546165,0.08393352329653112,0.10637704252523232,1.0001061010023395,97,39.94444444444444
280.0,0.1259348373578111,0.11328175039158496,0.09106880537105672,0.0816520192591106,0.08192168293975721,0.08068765084662076,0.07870516251237164,0.07883967358463204,0.07704303635471794,0.08414777996887367,0.10682409314607544,1.0001064847469792,97,39.94444444444444
281.0,0.12631835917734652,0.11362846585228699,0.09125793678239325,0.08140191468545131,0.08158246650795457,0.08053929536301184,0.07853854163819943,0.07851816603817947,0.07670043495273537,0.08438774539611112,0.10723354908067166,1.0001068684886998,97,39.833333333333336
282.0,0.12664532678040977,0.1139388904570898,0.09146161998191871,0.08118405841776516,0.08124438778780275,0.08040561193956433,0.07839136535472603,0.07819785796169697,0.0763872026454034,0.08465163158388553,0.10759930630415264,1.0001072522287762,97,39.833333333333336
283.0,0.12691697348518444,0.11421334205817237,0.09167780683239199,0.08099669710479519,0.08090931093763079,0.08028458935311306,0.07826204466720671,0.07788473614716006,0.07610091374182343,0.08493595456423904,0.10792527405912783,1.0001076359652104,97,39.80555555555556
284.0,0.12712662229201738,0.11445341080223853,0.09190542204119337,0.08084029183161745,0.08058103716091361,0.08017132262118243,0.07814682272369186,0.07757503751570995,0.07584060374713399,0.08524324640774701,0.1082242095389889,1.0001080196967902,97,39.69444444444444
285.0,0.12728491122232582,0.11466092723076872,0.09214005110101958,0.08071438361789596,0.08025562834924253,0.08006842229750824,0.07804934168865521,0.07727570478294397,0.07560688709563336,0.08556485565727985,0.10848729733721457,1.0001084033948417,96,39.52777777777778
286.0,0.12738999107181037,0.1148367880308785,0.09238644205678469,0.0806176320090006,0.0799369327775771,0.07997371402224619,0.07796364009544933,0.0769851275172668,0.07540181153975883,0.08590072180960232,0.10871599314415867,1.000108787088884,96,39.44444444444444
287.0,0.12743918740479585,0.11498357348570486,0.09264164836285911,0.0805463009169816,0.07962679681301625,0.07988610552282145,0.07789520024906829,0.076705243246835,0.07522304586773666,0.08624221355574943,0.1089198623178287,1.0001091707577516,96,39.361111111111114
288.0,0.12743735238678283,0.11509926805859765,0.09290762016819097,0.08050142172770391,0.07932736497758175,0.07980626402618972,0.07784077196172759,0.07643700942340703,0.07506840900624669,0.0865907136905502,0.10909336595784001,1.000109554399164,96,39.30555555555556
289.0,0.1273890456664523,0.11518772824623626,0.09318170158883807,0.08047959117220801,0.07903910189799024,0.07973042986523296,0.0777991804899678,0.0761804836612604,0.07494294634912951,0.08693820805863593,0.10924152803360886,1.0001099380439011,96,39.22222222222222
290.0,0.12729134168258058,0.11524843723405714,0.0934614552853683,0.08047892004173987,0.07876183901926524,0.07965491402294313,0.07777132496052612,0.07594048442168198,0.07484412313954437,0.08728076535463387,0.10937672347019367,1.0001103216468723,95,39.111111111111114
291.0,0.12715120037487404,0.11528332322658945,0.09374662079853727,0.08049859550699805,0.07849687683942366,0.07958579972567278,0.07775675901880573,0.07571100574701235,0.07477646393103586,0.08761546394580183,0.10948860312087859,1.000110705249968,95,39.111111111111114
292.0,0.1269661750878585,0.1152930096239034,0.09403448338351683,0.08054125337588203,0.07824450907258056,0.07952079379811777,0.07775416632252705,0.07549607988392427,0.0747363130209596,0.08793987113679619,0.10958444113331446,1.0001110888537175,95,39.111111111111114
293.0,0.12673979933900856,0.11527942068726775,0.09432692707109701,0.08060439629509704,0.0780045523570532,0.07946050915093276,0.0777595448688366,0.07529978222659113,0.07472372254787064,0.08825610116340549,0.10965672373940699,1.000111472460903,95,39.05555555555556
294.0,0.1264746771938861,0.11524139892676737,0.09461908870092586,0.08068799328152088,0.07778045778453654,0.07940596948278807,0.077773833432699,0.07512087471424243,0.07473863478248069,0.08855833977943237,0.10971059494315875,1.0001118560367661,94,38.97222222222222
295.0,0.12617356735900387,0.11518521033376185,0.09491119431051113,0.08078959194884518,0.07757162182622726,0.07935506420291656,0.07779236019582352,0.07495970587397928,0.07477942145430666,0.08885040292625643,0.10974410617009898,1.0001122396160564,94,38.861111111111114
296.0,0.12583824628845244,0.11510736170575038,0.09519964563461668,0.08091143160280105,0.07737939244185017,0.07930858212963406,0.07781570304665175,0.07481965664926837,0.07484602881361248,0.08913112143960407,0.10975546041965105,1.0001126231862147,94,38.77777777777778
297.0,0.12546713780803634,0.11500939510185781,0.09548280573500174,0.08105252774564399,0.077202290874596,0.07926534033790487,0.07784068528177006,0.07470046575954771,0.07493904503445684,0.08940632511320885,0.10974699491773643,1.0001130067240858,93,38.638888888888886
298.0,0.12506350523897272,0.11489307773250781,0.0957599721609791,0.08121176702907107,0.07704334070913933,0.07922688233623493,0.07786793405913382,0.07459748692360621,0.07505631755032335,0.08967695695892504,0.10971615655788225,1.0001133902710992,93,38.611111111111114
299.0,0.12463512686298857,0.11475930921660457,0.09603006670555654,0.08138956926115937,0.0769012847186315,0.07919327451125291,0.07789537727589446,0.0745179684303737,0.07519311445472146,0.08993909369602164,0.10965959568185049,1.000113773829369,93,38.55555555555556
300.0,0.12417995418045631,0.11461008963050906,0.09629232481140303,0.08158623559789113,0.07677548637434674,0.07916032700299244,0.07792531922016639,0.07446008957053606,0.07534864694229182,0.09019347764044539,0.10958221340866012,1.00011415739401,93,38.44444444444444
301.0,0.12370348342687945,0.11444546114379797,0.09654164121392607,0.08179771790492378,0.076665038302147,0.07912978181520706,0.07795354086664295,0.07442600535235945,0.0755253239910766,0.09044547142498678,0.10948108247427027,1.0001145409305294,92,38.388888888888886
302.0,0.12320652773243582,0.11426705448571962,0.09678402673243487,0.08202620678653426,0.07657308860105114,0.07910104633685071,0.07798345501643324,0.074412384768386,0.0757148329919564,0.09068648009400493,0.10935982791741676,1.0001149244775371,92,38.27777777777778
303.0,0.12269322412249521,0.11407178037354827,0.09701294347736415,0.08226843582443513,0.07649897310931807,0.07907387026015215,0.07801170272599195,0.07442300139610625,0.07591767001496928,0.09092172399840938,0.10922198967689753,1.000115307993997,91,38.138888888888886
304.0,0.12215667074908426,0.11386384276037945,0.09723558034558256,0.08252472600666107,0.07644258261935154,0.0790482583538704,0.07804213643795258,0.07445910398073217,0.0761362794803544,0.09113826422158004,0.10906825355793878,1.0001156915277856,91,37.97222222222222
305.0,0.12161211967989079,0.11364059521209438,0.09744630052169052,0.08279006407971126,0.07640203985225928,0.07902311637073224,0.07807374687611593,0.07451465429022673,0.07637126206813,0.09134290772860379,0.10889927537803894,1.0001160750717917,91,37.94444444444444
306.0,0.12105865168589607,0.11340731027302739,0.0976472137977232,0.0830606331396845,0.07638399814128129,0.07900053349489145,0.07810644904510929,0.07458765419726206,0.07661605455917217,0.09153313707333119,0.10871483016645235,1.0001164585881273,90,37.80555555555556
307.0,0.1204906612823891,0.1131627618741364,0.09783914619829155,0.08333647347517635,0.07638421721085832,0.07897972319025806,0.07813960286943193,0.0746810120636652,0.07686987957058868,0.09171790128175575,0.10851547008856634,1.0001168421194102,90,37.77777777777778
308.0,0.11992300403689782,0.11290473754181796,0.0980167820805626,0.08361596348720916,0.0763985908784998,0.07896505297030314,0.07817709473279554,0.07479067093937432,0.07713945488901623,0.09187973951497025,0.10830614153687304,1.0001172256226116,89,37.69444444444444
309.0,0.11934705900799047,0.11263655779907929,0.09818635292289951,0.08390109551175855,0.07642739927390846,0.07895320587869052,0.07821534214223946,0.07491656416272056,0.07741763719098417,0.09203128920532859,0.10808511298803822,1.000117609097933,88,37.52777777777778
310.0,0.11876628454169624,0.11236351541038897,0.09833919564257886,0.08419065193846531,0.07647134522420915,0.07894625183965871,0.07825488647596747,0.07505621101429232,0.07770341236677812,0.09217345989235125,0.10785278522394505,1.0001179925846164,88,37.52777777777778
311.0,0.1181869766811824,0.11208460340375505,0.09847379620633166,0.0844814423298813,0.07653077881705679,0.07894324035688735,0.07829534762229427,0.07520969705121636,0.0779948708992649,0.09231058512727,0.10760704457097703,1.0001183760803969,88,37.333333333333336
312.0,0.11760680124620329,0.11180431661982125,0.09859540402435384,0.08477440472433324,0.07659795844870615,0.07894491941627985,0.07833827507119052,0.07537100451806925,0.07829247555992418,0.09244357873070853,0.10734962817706797,1.000118759550937,87,37.166666666666664
313.0,0.11702005818211476,0.1115215554647459,0.09870560835052669,0.08506964621060513,0.0766757190133137,0.078955937263522,0.0783816306222636,0.0755420263199023,0.0785908268486019,0.09257522586077549,0.10708091587692943,1.0001191430275755,87,37.111111111111114
314.0,0.11643162952822295,0.11123452450623413,0.09880349860233792,0.08536735797991835,0.07676447015430456,0.07896893003752566,0.0784273053159916,0.07572411184425301,0.07888944354716977,0.09270544387954921,0.10680281806692768,1.0001195264767107,86,37.02777777777778
315.0,0.1158483213009087,0.11094456046646989,0.09888855008201917,0.08566866636153991,0.07685889626103391,0.07898864884428126,0.07847662447521077,0.07591180697519147,0.0791833322033534,0.0928365964947271,0.10651391341719131,1.0001199098961986,85,37.0
316.0,0.11526887005267437,0.11065228540141324,0.09896271531931637,0.08596740964585135,0.07695788986912848,0.07901434472147738,0.07853031571005839,0.07610304335106534,0.07947665062051211,0.09297226054765928,0.10621451505451061,1.0001202933079372,85,36.916666666666664
317.0,0.1146888832226522,0.11035544011355022,0.09903046973404143,0.08626625316858237,0.07706185256712916,0.07904576112690394,0.07859060649600211,0.0762971490799664,0.07976686338407442,0.09310993418566062,0.10590747065408644,1.0001206767469213,85,36.833333333333336
318.0,0.11411895388044313,0.11005947467761236,0.09909062161677536,0.08655984094564897,0.077167807612887,0.07908255660500517,0.07865448921729223,0.07649017057064766,0.08005416313425623,0.09325175933541775,0.105591229582531,1.0001210601927844,85,36.75
319.0,0.11355674445108717,0.10975864206388451,0.09914357279090395,0.08685161883039116,0.07727719892886609,0.0791265036628855,0.0787255695140363,0.07668313618115029,0.08033696129750952,0.09339856957559942,0.10526293334132214,1.0001214436518988,85,36.72222222222222
320.0,0.11300183357828657,0.10945356082638512,0.09919193510687589,0.08713819580192267,0.07738766770318631,0.07917645825113785,0.07880358920356585,0.07687068953219922,0.08061494269058672,0.09354835366354443,0.10493460775028693,1.0001218271222387,85,36.72222222222222
321.0,0.11245065368797373,0.10915322564620535,0.09923887412335401,0.08741167727767332,0.0774986478113672,0.07923367209535677,0.0788937832076573,0.07705156191633791,0.08088755653673373,0.09370335360128297,0.10459921168855231,1.0001222106067542,85,36.638888888888886
322.0,0.1119097471282584,0.10884795480821376,0.0992849914284408,0.0876780841042242,0.07761276386790904,0.07929380260192236,0.0789913276279155,0.07722799357084782,0.08115774378734604,0.09386532079710265,0.1042528713260409,1.0001225940624803,84,36.583333333333336
323.0,0.1113750210522758,0.10854376180955704,0.09932572463164376,0.08793229537086777,0.07773349846822158,0.07936187394775567,0.07909811100080938,0.07739542161557106,0.08142062044672757,0.09402513962497078,0.10391151654716396,1.0001229775298168,84,36.583333333333336
324.0,0.11085395247259715,0.10823666839458705,0.09936355993801892,0.08817311472330486,0.07785901605242183,0.07943864564370824,0.07921096030570074,0.07755646704263272,0.08167664570846193,0.09418542812176943,0.10356890959160542,1.0001233610090607,84,36.583333333333336
325.0,0.11034869549833318,0.10793455556816699,0.09940037216961134,0.08839308034127245,0.07798720274627091,0.07951975443074226,0.079331714577035,0.07770822176485158,0.08192678769330718,0.0943465342331562,0.10322683246152198,1.000123744498522,84,36.52777777777778
326.0,0.10985447928498873,0.10763164512208874,0.09943678315491417,0.08859836352215202,0.0781186125167038,0.07960852778237214,0.07945587368252448,0.07785660045803684,0.08216873897897105,0.09450149864089546,0.10289301184418738,1.0001241280020765,84,36.5
327.0,0.10936765841516709,0.10732620213931544,0.09947311390199355,0.08878708352334859,0.07825525734888622,0.07970366422246958,0.07958832221397115,0.0779993763183111,0.08240331436271686,0.09465306325865411,0.10256746279031476,1.0001245115093915,84,36.47222222222222
328.0,0.10889732399606004,0.10702438070975523,0.09950817891042378,0.08895684013494481,0.07839737665920482,0.07980305764402862,0.07972825386109889,0.07813322514170808,0.08263068919799431,0.09480079754373077,0.10224477817598171,1.0001248949891655,83,36.44444444444444
329.0,0.10844122080594742,0.10672525851538982,0.09954320980836517,0.08910864479966006,0.07854417801135051,0.07990710998539435,0.07987279074040744,0.0782581663917751,0.08284696384667548,0.09494304492906075,0.10193469762916743,1.000125278477428,83,36.361111111111114
330.0,0.10800575221327617,0.10642649232642537,0.09957633994371987,0.08924335630129607,0.07869399147018605,0.08001860602342116,0.08002195345086165,0.07837079752060257,0.08305848825113545,0.09508215008382981,0.10162774137983008,1.0001256619788184,83,36.30555555555556
331.0,0.10758475217697626,0.1061312850010088,0.09960726016462725,0.08936035504438464,0.07884630821609903,0.0801365144601389,0.08017975522306293,0.07847607883059059,0.08326259904997318,0.09521694699896716,0.1013241972711795,1.00012604545124,82,36.27777777777778
332.0,0.10718019410466947,0.10583908709313813,0.09963426576184684,0.08946076985454779,0.07900242745691155,0.0802597763084053,0.08034430364312889,0.07857177006245765,0.08345869189714786,0.09534705592424804,0.10102809381382215,1.0001264289345526,82,36.25
333.0,0.10679288651649979,0.10555346545733642,0.09965368815699543,0.08954533733916996,0.07915665688476385,0.08039352587854298,0.08051293021035962,0.07865539803780082,0.08364618442838322,0.09546549058183125,0.1007512559208384,1.000126812426749,82,36.22222222222222
334.0,0.10642274872062409,0.1052725660200539,0.09966556981971411,0.08961470764969932,0.07930804024105734,0.08053084251095693,0.08069088694061448,0.07872888926529222,0.08382781021211441,0.09557844568677072,0.10048669580751902,1.0001271958886384,81,36.19444444444444
335.0,0.10606826038801416,0.10499894452474735,0.09966911011757441,0.08967419907867574,0.07945966161952106,0.08067843621445121,0.0808705676174896,0.07879183619697265,0.08400500029755184,0.09567551461058799,0.10023605568121549,1.0001275793610225,81,36.138888888888886
336.0,0.10573842692264777,0.10473344415964699,0.09966265486081925,0.08971887726927663,0.07961194158514044,0.08083162086783592,0.08105352354316746,0.07884884368818047,0.08417688118055348,0.0957588989945832,0.09999285675759848,1.0001279628436666,81,36.111111111111114
337.0,0.10542601934669035,0.10447661240372859,0.09964538428090908,0.089746988822116,0.07976570518196839,0.08098894029754386,0.08123753661462414,0.07890260189056802,0.0843468790252531,0.0958237196043834,0.09976796586093775,1.0001283463429371,81,36.083333333333336
338.0,0.10513215852838921,0.10423054973682906,0.09961616489240305,0.08975881468074973,0.07992050649350371,0.0811544172478761,0.08142110116159189,0.07895447369565067,0.0845002529508844,0.09587404691147247,0.09956625053815567,1.0001287298517145,81,36.083333333333336
339.0,0.10485423246460646,0.10399207182334647,0.09957613136097833,0.0897537907669833,0.08007779237978081,0.08132178329230146,0.08160047836976475,0.0790096274724339,0.08465262706608034,0.09590408417701932,0.09938650118234435,1.000129113369848,81,36.083333333333336
340.0,0.10459873575688416,0.1037646955286358,0.09952810268322823,0.08973121522581896,0.0802365320293631,0.08149621068915643,0.08177966846510311,0.0790611053560348,0.08479120498110461,0.09591774082866616,0.09922429234001202,1.0001294968982086,81,36.02777777777778
341.0,0.10436408166650987,0.1035469906314619,0.09947080419509571,0.08969364233919024,0.08039613408078664,0.08167588494769054,0.08195541094664385,0.07911500090318263,0.0849189427066859,0.09591605610178033,0.09907693888965724,1.0001298804228902,81,36.02777777777778
342.0,0.10414799340785293,0.10334090763253555,0.09940428168218224,0.08964073827435405,0.0805581170135962,0.08185982097891922,0.08212619241412114,0.0791724553086764,0.08503241014507841,0.0959018707002769,0.09894548338404408,1.000130263955836,81,36.02777777777778
343.0,0.10395237037214064,0.1031444753547308,0.09933123012130275,0.0895731846630269,0.08071970449687535,0.08204614239885313,0.0822905137783787,0.07923361353911487,0.0851326278415121,0.0958767791969732,0.0988300126795406,1.0001306474566487,80,36.0
344.0,0.10377401884134195,0.10296118817404135,0.09924968705566789,0.08949385392386752,0.08088201028437704,0.08223780449856681,0.08244934267373594,0.0792993090264837,0.08521703700521861,0.0958381238409022,0.09872866262718427,1.0001310309655858,80,36.0
345.0,0.10361793632293487,0.10278575136307253,0.09915608489599008,0.08940301841141435,0.08104305099060262,0.08243479922742838,0.08260467622556501,0.0793639730467717,0.08528458374833336,0.09578932108030495,0.09864822616066209,1.000131414487274,80,36.02777777777778
346.0,0.10348233571613355,0.1026223421596616,0.09905610433308738,0.08930388265456218,0.08120275275481217,0.08263464464990845,0.08275685861421475,0.0794258176457065,0.08533823551125097,0.09572865025028973,0.09858018071294822,1.0001317980167665,80,36.02777777777778
347.0,0.10336608697898646,0.1024729302739491,0.09894419009558501,0.08919491470225356,0.08135858638866084,0.0828364210789142,0.08290978548788634,0.07948489516822925,0.08538042103331263,0.09565708964889671,0.09852686768945025,1.0001321815603144,80,36.02777777777778
348.0,0.10326928787373257,0.10233111877515554,0.09882370132622942,0.08907640641170952,0.0815119235055532,0.08303902948681309,0.08305911462247005,0.0795411725945908,0.08541795171908821,0.09557599478869006,0.0984868709915247,1.000132565109739,80,35.97222222222222
349.0,0.10319877694821537,0.10220212442574833,0.09869159660239336,0.08895163365119063,0.08165903303767683,0.08324204247413933,0.08320554553855264,0.07959119532335361,0.0854476633049723,0.09548709100763082,0.09845625333739545,1.0001329486654538,80,35.916666666666664
350.0,0.10314205521717382,0.10208649044252407,0.09854810347813264,0.08882206915991143,0.08180391853012951,0.0834445833997451,0.08335261988031227,0.07963359211726975,0.08547251534209262,0.0953894072229839,0.09843798442564308,1.000133332230103,80,35.888888888888886
351.0,0.10310962695476575,0.10198311728000058,0.09839455240015182,0.08869110785149177,0.08194446857837794,0.08364570430925126,0.08349479359477016,0.07967376445189447,0.08548885362323436,0.09528152000458144,0.09842621373961338,1.000133715802312,80,35.833333333333336
352.0,0.10308927876871415,0.10189375689947898,0.09822415017632555,0.08855762500605725,0.08208058312494426,0.08384557611177536,0.08363378578583722,0.07971222416376367,0.08549916161562338,0.09517021576859273,0.0984277489486053,1.000134099383893,80,35.80555555555556
353.0,0.10308900671708232,0.10181701958685731,0.09804336235093399,0.0884247987867963,0.08221377915362581,0.08404043299233523,0.08377050651359115,0.07975056046057562,0.08549644904165984,0.09505316309946533,0.09843541125334218,1.0001344829704353,80,35.77777777777778
354.0,0.10310696371367645,0.10174803770288567,0.09785050096437121,0.08829060385452954,0.08234403180254178,0.08422833216822508,0.08390279546580065,0.07979608970726525,0.08548546976829892,0.09493049759881313,0.09845155081712442,1.0001348665777012,80,35.75
355.0,0.10314724156950043,0.10168912643296267,0.09764664985542557,0.08815888976316572,0.08247009555686385,0.08441143154493183,0.08402928451074072,0.07984395070125676,0.08546066449672485,0.0948024771400655,0.09847544560529042,1.0001352501910925,80,35.75
356.0,0.10320683763330861,0.10164062402672275,0.09743150187516833,0.08803293833744531,0.08259114883927342,0.08459041274853278,0.08414995273266365,0.07989610747708374,0.08542697188317502,0.09466642428905199,0.09850272095379399,1.0001356338103844,80,35.75
357.0,0.10328473028914598,0.10159956544015335,0.09720888548341082,0.08790911177136813,0.08270754431176279,0.08476270903219206,0.0842637406514255,0.07995746734501206,0.08538509211846698,0.09452120852935728,0.09853596944872163,1.0001360174351763,80,35.75
358.0,0.10338460379198677,0.10156941949641447,0.09697746153588001,0.08778561835739175,0.08281851651998089,0.08492839104388109,0.08437417235027712,0.08001983682779482,0.08533201502981705,0.09437658811841243,0.09856978497894338,1.0001364010649374,80,35.75
359.0,0.1035024250856117,0.10154705332150867,0.09673500067549376,0.08766948738167707,0.08292529209413828,0.08508531240615108,0.08447889422180803,0.0800909220562126,0.08527117013704238,0.09422757129093688,0.09860366301440059,1.0001367846991354,80,35.75
360.0,0.1036370608588446,0.10152868204074485,0.09648711443517004,0.08755382358153947,0.08302411930664605,0.08523393862303986,0.08458481320778351,0.08016379966750793,0.08520788935913197,0.0940795735735187,0.09863636065386469,1.0001371683219427,80,35.72222222222222
361.0,0.1037845056302516,0.10151500619816971,0.09623218751407416,0.08744788538177131,0.08312152865364292,0.08537701572682754,0.08468542700716293,0.08024158305036776,0.08514145470397765,0.09392637292892309,0.09866459213879038,1.0001375519481097,80,35.72222222222222
362.0,0.10394831274087366,0.10150549634388444,0.09597152364179069,0.08734428477079927,0.08321509371506687,0.08551006928001521,0.08478421779195003,0.08032112368505238,0.085074701210169,0.09377378853242914,0.09868933085124744,1.0001379355774231,80,35.72222222222222
363.0,0.10412452395822072,0.10149873911757568,0.0957122539190233,0.08724628765679508,0.08330567150317143,0.08563222097397544,0.08488126680949946,0.08039905166912041,0.08501007101315305,0.09361937231625309,0.09870886725781314,1.0001383192087452,80,35.69444444444444
364.0,0.10430311487560599,0.10149291282555795,0.0954540205868499,0.08714624915721322,0.08339588570358301,0.08574327518704278,0.08497413493069998,0.08048131594670761,0.08494964834439486,0.09346754376147988,0.0987306085088979,1.0001387028421749,80,35.69444444444444
365.0,0.10449318683852744,0.10148881728707758,0.09519696001127752,0.0870515456367117,0.08348260492038775,0.08584322552311979,0.08506595740732883,0.08056199183554019,0.08489254338699143,0.09331378155707984,0.09874847905970309,1.0001390864778823,80,35.69444444444444
366.0,0.10469038304343282,0.10148832426894709,0.09494750312777879,0.08696253177993175,0.08356679454056538,0.08593232621319043,0.08515279207168998,0.08063865845936272,0.08483347620182508,0.0931624097571001,0.0987642776363856,1.000139470114349,80,35.666666666666664
367.0,0.10488810831644027,0.10149005509457219,0.09470319300209915,0.08687554988095438,0.08364940104063268,0.08601163682435557,0.08523907220188208,0.08071355109940685,0.0847790550528589,0.09301012303746503,0.09878011518595195,1.0001398537507558,80,35.611111111111114
368.0,0.10508889654426533,0.1014965610800628,0.09446604152294229,0.086790918038422,0.08372739246846474,0.08607724120576937,0.08532096212082922,0.08079165323012139,0.08473173157927198,0.09285801519956763,0.09879083138344544,1.0001402373872952,80,35.5
369.0,0.10529250985350246,0.10150531318380929,0.09423144500491913,0.08670660623227439,0.08380375735060777,0.08613298909090576,0.0854021858810252,0.0808681960063243,0.08468798992149977,0.09270435479981994,0.09880528069218454,1.0001406210309993,80,35.44444444444444
370.0,0.1054982176229598,0.10152017060175693,0.09400335740405412,0.0866229204983343,0.08387951530404363,0.08617843648678701,0.08547702609835578,0.08094115256969772,0.08465093917291525,0.09255495741688662,0.09881431849030176,1.0001410046802173,80,35.416666666666664
371.0,0.10570114109418045,0.10153734974800785,0.09378047509875706,0.08653854125610316,0.08395427740607349,0.08621355716973646,0.08554795056865636,0.08101718171580065,0.08461881288174933,0.09240891158094182,0.09882319679866218,1.000141388332791,80,35.416666666666664
372.0,0.10589418966088375,0.10155880950869658,0.0935669876070249,0.08645809796156351,0.08403094639404055,0.08624145772327654,0.08561143186669047,0.08108992227211437,0.08459114065370418,0.09226547223893677,0.09883332308604176,1.0001417719870962,80,35.333333333333336
373.0,0.10608542866950138,0.10158005392766044,0.09335659256752488,0.08638053490399145,0.08410662992968537,0.08626002079130345,0.0856678257232466,0.08116613650734074,0.08457122187518173,0.09212878542896195,0.09883893230842994,1.0001421556469436,80,35.30555555555556
374.0,0.1062695445628488,0.10160147446178301,0.09315391936688619,0.08630805048685766,0.08418264121269342,0.08627131678604806,0.08571737472934231,0.08124370873154967,0.08455572506889251,0.09199435935835061,0.09884443153146003,1.000142539310829,80,35.30555555555556
375.0,0.10644811315981707,0.10162038903253466,0.09295932927859775,0.08623843605105437,0.08425839198655323,0.08627386873268927,0.08575892430562833,0.08132564844392443,0.08454713290516291,0.0918654321787566,0.09884726389024888,1.0001429229790826,80,35.30555555555556
376.0,0.10661750754478878,0.10163983311162304,0.09277021966432548,0.08617251950333318,0.0843348546992833,0.08627154976416722,0.08579392816931675,0.08141096389860979,0.08454106605005252,0.09173993416980722,0.09885093706301384,1.0001433066524281,80,35.30555555555556
377.0,0.10677870149664123,0.10165656600010874,0.09259152561473706,0.08611692593617774,0.08441090873764899,0.08626227035502139,0.08582699922021869,0.08149461116300682,0.08453745125335278,0.09161723173135074,0.09885050580826496,1.0001436903306378,80,35.30555555555556
378.0,0.10692747115031481,0.10166836426802218,0.09242348177142681,0.08606711025689696,0.08448221077077449,0.08624682832425724,0.08585327619927195,0.08158305998281823,0.08454356374279326,0.09149849259361628,0.09885022193934706,1.0001440740136487,80,35.30555555555556
379.0,0.10706760865549327,0.1016780345306513,0.09226225267053886,0.0860245578955605,0.08455104152521101,0.08622758943392703,0.08587460447094383,0.08166810924003544,0.08455810123717629,0.09138587992098147,0.09884668510667248,1.0001444577012915,80,35.30555555555556
380.0,0.10719442220222053,0.10168425856373407,0.09211446001753684,0.08598726190187526,0.08461635949195234,0.0862054796889154,0.08589192197093726,0.08175454057936123,0.0845774858099941,0.09127685867502691,0.0988417994779433,1.0001448413935965,80,35.30555555555556
381.0,0.10730589480604567,0.10168786479332628,0.09197721742471421,0.0859591715927892,0.08467997411847152,0.08617908146368289,0.08590202495466767,0.08184141420050277,0.08460610183715338,0.09117279220876857,0.09883369471715267,1.0001452251313738,81,35.333333333333336
382.0,0.10740126660968327,0.10168903833663906,0.09185349931723917,0.08593582200831823,0.08473913239142097,0.08615312305023781,0.08590833450605508,0.08192888478847228,0.08464115915922879,0.09107328099857788,0.09882207469345333,1.0001456088734182,81,35.333333333333336
383.0,0.10748297901626604,0.10168709897400927,0.09174229437704645,0.08592055012228267,0.08479764296041925,0.08612462829954573,0.08590945770161676,0.08201206366856832,0.08468478953248988,0.09097738668549701,0.09880710826814036,1.0001459926199736,81,35.333333333333336
384.0,0.10754766723959673,0.1016843435644636,0.09164114389102812,0.08591114894972512,0.08485230058262645,0.0860942004333295,0.08590567961567035,0.08209714325473247,0.08473490824733027,0.09088845147039713,0.09878939610587044,1.0001463763688585,81,35.30555555555556
385.0,0.10759155712780652,0.10168165202164306,0.09155432375423418,0.08590641350026747,0.08490468241775802,0.08606447583201855,0.08589667632300617,0.08218322485642053,0.08478907998142816,0.09080935044266512,0.098765330850965,1.0001467601223029,81,35.30555555555556
386.0,0.1076204387320319,0.10166684809716793,0.09147339495511377,0.08590828412951697,0.08495953316868193,0.08603555308962857,0.08588515135046483,0.08227583688509452,0.08484936102686079,0.09073876863952533,0.0987339807944155,1.0001471438825855,81,35.27777777777778
387.0,0.10764026084157205,0.10165005518658946,0.091404676482973,0.08591554325155959,0.08501204283398005,0.08600268536343537,0.08586542114147334,0.08236535989864038,0.08491610601001033,0.0906781916396457,0.09869719198206328,1.0001475276460234,81,35.25
388.0,0.1076401851150343,0.10162808028197358,0.09134878258545763,0.08592846222775251,0.08506399313092707,0.08596761429986045,0.0858443339187804,0.08245861090465403,0.08498363548175578,0.09062881647263744,0.09865540397711565,1.000147911410026,81,35.22222222222222
389.0,0.10761871981034637,0.10159738823055896,0.09130259238192609,0.08595036861843137,0.0851161707538549,0.08593572625889898,0.08582099396270869,0.0825546919009005,0.08505358225142733,0.09059205195650348,0.09860601603747718,1.000148295177112,81,35.22222222222222
390.0,0.10758380719915761,0.10156185457690342,0.09126597602836176,0.08597848776101516,0.08516978752378133,0.08590294498724506,0.08578724416399819,0.08265721269211054,0.08512064926234203,0.09056784441967347,0.09855287731864507,1.000148678947309,81,35.22222222222222
391.0,0.107537472804037,0.1015179354441804,0.09123845877233595,0.08601447766205665,0.0852275889823347,0.08586983715352886,0.08575047635104137,0.08275802014178484,0.08519555692928249,0.0905522231689422,0.0984870222997978,1.0001490627233913,81,35.19444444444444
392.0,0.10747182946209889,0.10146774398156627,0.0912231802159221,0.0860553355539741,0.08528623184807305,0.08583086139032818,0.08570690396499432,0.08287075807980465,0.0852712308449471,0.09054767073574348,0.09841770740960996,1.0001494465011314,81,35.166666666666664
393.0,0.10739169500077246,0.10141035090253109,0.09121355628726616,0.0861029734578925,0.08534748572676187,0.08579041883555723,0.08566490988166225,0.0829817811577551,0.08535328796385931,0.09054910664458939,0.09834427141321844,1.00014983028593,81,35.138888888888886
394.0,0.10729830455456117,0.10134368046911997,0.09121320491261205,0.08615604420074403,0.0854115855973962,0.08574862004853562,0.08561927904670795,0.08309803139150924,0.08543944554292451,0.09055588603039791,0.09826613926645342,1.000150214075021,81,35.138888888888886
395.0,0.1071869007017833,0.1012706056923933,0.0912203965718935,0.08621410884899716,0.0854804916692481,0.08570557340659762,0.08557599150811086,0.08321540474210164,0.08552457995213036,0.0905702467205075,0.09818630504091791,1.0001505978687433,81,35.138888888888886
396.0,0.10705941269730836,0.10118844327503361,0.09123433844863689,0.08627902590789659,0.08555198102006005,0.08565898662430974,0.08553528533450767,0.08333488870266553,0.08561406799185513,0.09058904051290181,0.09810551813799487,1.000150981667227,81,35.138888888888886
397.0,0.10691741263940764,0.10109979415372336,0.09125402942821988,0.08635272205653112,0.08562652421224279,0.08561515315230696,0.08549524918700069,0.083452782062972,0.08570342694440418,0.09061359658024334,0.09802068203919816,1.0001513654703058,81,35.138888888888886
398.0,0.10676399035385899,0.10100090140002405,0.09127529415926929,0.08643331111400283,0.08570119152156594,0.08557203820412818,0.08546492527709078,0.08357375956997333,0.08579698009760262,0.09064069218055124,0.09792867238326958,1.0001517492753869,81,35.166666666666664
399.0,0.10659556545395073,0.10089343864088009,0.09130286376466965,0.08652133522556515,0.0857774748870312,0.08552918551977914,0.08543768431944418,0.08369246220409346,0.08589430734445706,0.09067705406218103,0.09783076864906239,1.0001521330851633,81,35.166666666666664
400.0,0.1064146961461132,0.10077926268222116,0.09133374720729594,0.08661661283268152,0.08585676915816254,0.08549175156451874,0.08541272819451956,0.08380476514139716,0.08599522527541383,0.09072095285023189,0.09772601283586768,1.0001525169024637,81,35.138888888888886
401.0,0.10621821478620014,0.10065554434132226,0.09136934443069843,0.08671899101904365,0.08593663299249044,0.08545554419571348,0.08539584230766303,0.08391880126680343,0.08609287651683337,0.09077361087292833,0.09761750498094816,1.000152900724689,81,35.138888888888886
402.0,0.10601238140938808,0.10052158347862276,0.09140712189367137,0.0868278201655923,0.08602007345664262,0.08542635956913075,0.08538074326761275,0.08403084379387168,0.08619385255546491,0.09082980991674999,0.09750270203127731,1.000153284552064,81,35.138888888888886
403.0,0.10579256446894937,0.10038012477686109,0.09144588378537778,0.08694473892261571,0.08610328908290403,0.0854045268191122,0.08536805821433092,0.08414388373747358,0.08629692701100145,0.09089288119272593,0.09738079735986378,1.0001536683852574,81,35.22222222222222
404.0,0.10555914742379713,0.10022997645133813,0.09148332349448494,0.08706766328595546,0.08618760360478403,0.08539314165057628,0.08535963075997444,0.08425855495361637,0.08640233497678851,0.09096001845323842,0.09725266415588246,1.0001540522244763,81,35.22222222222222
405.0,0.1053150634739754,0.10007204743070282,0.09152020937198735,0.08719821700562785,0.08627144335496398,0.08538810969491965,0.08535500134165205,0.08437784615438995,0.08650483106531265,0.09102713163447806,0.097124542527994,1.0001544360700376,81,35.22222222222222
406.0,0.10505735017657816,0.09990741811215553,0.09155476634990933,0.08733359732090226,0.08635377742871386,0.08539341833305131,0.08535637312871187,0.08450266303638708,0.08661197203207423,0.09109232490570712,0.09699116608365675,1.0001548199218804,81,35.22222222222222
407.0,0.10479278422995893,0.0997377617779396,0.09158990695785911,0.08747575077773512,0.08643652726616403,0.08540340489653915,0.08536458292028679,0.08462396354393434,0.08672098891218608,0.09115666234572742,0.0968528771378695,1.0001552037802268,81,35.22222222222222
408.0,0.10451358016477896,0.09956093633556529,0.09161966417835583,0.08762352910729382,0.0865182249792177,0.08542169922798605,0.08538363697218047,0.08474907056052625,0.08683013697119442,0.09122087302769873,0.09671424310643977,1.000155587645261,81,35.22222222222222
409.0,0.10422519269380429,0.09937871802831644,0.09165010754148128,0.0877723032529641,0.08660026763470573,0.08544253825631125,0.08540830883576032,0.08488071505298835,0.08694084269495612,0.09128537901371862,0.09657160549803517,1.000155971517064,81,35.22222222222222
410.0,0.10392649463475714,0.09919176901822978,0.09168002987237794,0.08792625291025444,0.08668391200366823,0.08546788904309112,0.0854398570065851,0.08501711397825712,0.08705011551782824,0.09134720764375931,0.09642572075309859,1.0001563553959265,81,35.22222222222222
411.0,0.10362024284060642,0.09899928261231498,0.09170900214047992,0.08807979954459867,0.08677100177125259,0.08550020518831579,0.08547967896123387,0.0851540216634857,0.08715990721136026,0.09140834162675426,0.0962752627072876,1.0001567392817055,81,35.22222222222222
412.0,0.10330143460787508,0.09880269603044059,0.09173670294696083,0.08823462216247241,0.08686084541436531,0.08553498054060679,0.08552733776518542,0.08529846561143899,0.08726994195243029,0.09146830755925274,0.09612179556974547,1.0001571231747894,81,35.22222222222222
413.0,0.10297508648811325,0.09860088478909532,0.09176461178261794,0.08838884119274167,0.08695453151166373,0.08557844266277408,0.08558011684921446,0.08544709772661986,0.08737610211526552,0.09153021770814308,0.09596158123475632,1.0001575070750155,81,35.22222222222222
414.0,0.10263892133569467,0.09839453086924821,0.09178968508016923,0.08854460582420555,0.08704760428718575,0.08562465974211632,0.08564120786705251,0.08560491528494649,0.0874799716852019,0.09159642433264051,0.09579537165964054,1.0001578909821127,81,35.22222222222222
415.0,0.10229486617096711,0.09818618937038903,0.09181798681271863,0.08870080783245982,0.08714509916662476,0.0856757069304227,0.08570569514530121,0.0857678657138794,0.08757953162425383,0.09165887808725713,0.09562565502716695,1.000158274895444,81,35.22222222222222
416.0,0.10194552006646052,0.09797237039732719,0.09184073876820532,0.08885633372914434,0.08724679394139838,0.08573180048386678,0.0857796050119221,0.08593900593687472,0.08767756081109769,0.09172036428288728,0.0954485723713464,1.000158658814532,81,35.22222222222222
417.0,0.10158889839365239,0.09775803110073986,0.09186249335424697,0.08901132074404008,0.08735240188399941,0.08579277702534394,0.08586532970927105,0.08611470033912651,0.08776887313616354,0.09178183547004119,0.09526238856644333,1.0001590427370686,81,35.19444444444444
418.0,0.10122727222134341,0.09754119836154936,0.09187858443278067,0.0891652904642075,0.08746195238788418,0.08586179644113559,0.08596352611130723,0.08629485388154037,0.08785513378101892,0.09183788743758226,0.09507193813048767,1.0001594266648357,81,35.19444444444444
419.0,0.10086221376187407,0.09732147357425427,0.09189023008185894,0.08931588312885508,0.0875772982985489,0.0859370759902931,0.08607480654652223,0.08647233427303144,0.08794252463732935,0.09188687568584095,0.09487910160537844,1.0001598105977805,81,35.19444444444444
420.0,0.10049415191172847,0.09709715450650674,0.0918986924769,0.08946222912645575,0.08769708593631251,0.08602081914601856,0.08619979096096654,0.08664835297021635,0.08802946542089915,0.09193061169828563,0.0946818473672794,1.0001601945355592,81,35.19444444444444
421.0,0.10012304759134562,0.09687381256027387,0.09190509528837626,0.0896032943704989,0.08781958428985517,0.08611112004638821,0.08634246344906285,0.08682009072689337,0.08811667582297937,0.09196458963201184,0.09448081168780396,1.0001605784794787,81,35.138888888888886
422.0,0.09974835465053401,0.09665008992517689,0.09190923650853902,0.08973942956242714,0.08794728164274773,0.08620700958858969,0.08649861462503751,0.0869902431995869,0.08820170883599841,0.09198607862052423,0.09428292225510361,1.0001609624282506,81,35.138888888888886
423.0,0.09936991905148547,0.09641995214666192,0.09190995439101407,0.08986769998111509,0.08807991408455038,0.08631461448057473,0.08667328184621734,0.08715626914128582,0.08829073913664467,0.09199422873187568,0.09408478037644802,1.0001613463818615,81,35.138888888888886
424.0,0.09899356747262608,0.09619202726379107,0.09190995262625912,0.0899839623135924,0.08821469826526165,0.08643430158425858,0.08686059189152326,0.08731894796506481,0.08837710781430536,0.09198963469899676,0.09388694543040983,1.000161730340071,81,35.138888888888886
425.0,0.0986174976459806,0.09596024265523752,0.09190957177637261,0.09009040581606657,0.0883545769636079,0.08656605775634983,0.08705386783819236,0.08748099326153679,0.08846185787841176,0.09197428365222934,0.09369276604420854,1.0001621143021735,81,35.111111111111114
426.0,0.0982370388628283,0.09572580409028926,0.09190663914833151,0.09018965156106172,0.08849735582413051,0.0867125397264592,0.08726435393806077,0.08764071967966026,0.08854368337793504,0.0919452768174706,0.09349944222865572,1.0001624982688577,81,35.111111111111114
427.0,0.09786104538486122,0.0954922330755766,0.09190185451037532,0.09027908724298303,0.08864219961273409,0.08687071723741523,0.08748135343459155,0.08780004030517605,0.08862061198023954,0.09190707826295658,0.09330666817948305,1.000162882240365,81,35.111111111111114
428.0,0.09748367786992347,0.09525679494344932,0.09189713261819567,0.0903581997358183,0.08878794880771422,0.08704485839457618,0.08770298686689866,0.08796186752325565,0.08869760162913809,0.09186294748734242,0.09310925732663047,1.0001632662169115,81,35.111111111111114
429.0,0.09711051625102844,0.09501919426342736,0.09188876142571621,0.09043005377914938,0.08893912877153502,0.08723164621416225,0.08792928163421755,0.08812367510384339,0.0887681454305773,0.09180949684506613,0.09291375746301409,1.0001636501956983,81,35.083333333333336
430.0,0.0967451673161445,0.09478719324445796,0.09188190414293884,0.09048893951782869,0.08909386203354332,0.08742600486473205,0.08816142906146078,0.08828367776456619,0.08883510163774246,0.0917493926603666,0.09271136888331556,1.000164034141063,80,35.02777777777778
431.0,0.09638312887162483,0.09455621034681375,0.0918685711080538,0.09054019797853895,0.08925155898315437,0.08763475486648893,0.08839727042967949,0.08844502700795227,0.08889960336398642,0.091687367159688,0.09250073496148488,1.0001644180914313,80,35.02777777777778
432.0,0.09602676725132775,0.09432531286940471,0.09184859489756175,0.09058677715149588,0.08941343526073621,0.08785611272231823,0.08863925596127142,0.08860700184267742,0.08896032022211187,0.0916180522468729,0.09228317860620558,1.0001648020459415,80,35.0
433.0,0.09567454017581727,0.09409560621165285,0.09182229677771567,0.09062333324125516,0.08957592074065227,0.08808654982115423,0.08888703164346498,0.08876760493591021,0.08901627805239223,0.09154641257384934,0.09206961881739376,1.0001651860052114,80,35.0
434.0,0.09532457772082446,0.09386508642449845,0.09179139315643907,0.0906538602526637,0.08974227952112222,0.08832932126029144,0.08914062621037912,0.08892911174988373,0.08907182236845516,0.09147164207042205,0.09184585621859682,1.00016556996753,80,34.97222222222222
435.0,0.09498183848196727,0.09363848147714404,0.09175130819580554,0.09067969784508192,0.08991115887087467,0.08857421221061894,0.08939783475092201,0.0890912980220969,0.08912300229889976,0.09139324408903049,0.09162388467849943,1.0001659539348953,80,34.97222222222222
436.0,0.09464543292877892,0.09341594809453561,0.09170347722796957,0.09070154494451557,0.0900826951770448,0.08882846198878495,0.08965619721196463,0.08925544023081705,0.08916589240018429,0.09131384710542549,0.09139740758517417,1.0001663379091432,80,34.916666666666664
437.0,0.09431423442302263,0.09319442641142417,0.09164983718935182,0.09071923232148567,0.09025556555256717,0.08908954612017683,0.08992095255173735,0.08941636340998342,0.08920431807283123,0.09123344319078323,0.09116880963160728,1.0001667218889168,80,34.916666666666664
438.0,0.09398558707763349,0.09297587239995189,0.09158994603228683,0.09073162468325127,0.09042789184156409,0.08935932136206368,0.09019372046002035,0.08958079465750471,0.08923440654508957,0.09114793154538875,0.09094001625618896,1.000167105874892,80,34.916666666666664
439.0,0.09366438303156356,0.09276234575109786,0.09152352289812012,0.09073976576448506,0.09059693282002458,0.08963555536005292,0.09046249511853428,0.08974430117146225,0.08926202973927153,0.0910636754070356,0.09071248977508556,1.0001674898506758,80,34.888888888888886
440.0,0.09335150292523915,0.09255277105150551,0.09145030275573039,0.09074388939563163,0.09076618132976486,0.08992188977319834,0.09073604371183722,0.08990276514787,0.08928023908870847,0.09097583010248794,0.09048646553527222,1.0001678738311794,80,34.833333333333336
441.0,0.09304349928918591,0.09234529036080877,0.09137334430919451,0.09074850593924358,0.09093507512331082,0.0902135010015369,0.09101043891017312,0.09006045651982796,0.08929411383171894,0.09088479434619315,0.09025924513083243,1.0001682577759654,79,34.77777777777778
442.0,0.09274331274554905,0.09214133275255479,0.09129034363907232,0.09074412151127888,0.09110358163744832,0.09051348046722395,0.09128765595602224,0.09021796889332331,0.08930422955492669,0.09079433721571549,0.09002828434221805,1.0001686417292683,79,34.72222222222222
443.0,0.09244691710927573,0.09194108332376712,0.09120438292671174,0.09073788002058537,0.09127053984715572,0.09081853099423168,0.0915677823430306,0.09037215041284684,0.08931171212898985,0.09069944637723751,0.08979860719078064,1.0001690256885445,79,34.72222222222222
444.0,0.09215871703175858,0.09174246361896224,0.09111368877044068,0.09072719603113663,0.09143655887666986,0.09112586080846831,0.09184564904619136,0.0905280095091267,0.08931893735672176,0.09060125179303255,0.08957108381372526,1.0001694096701634,79,34.72222222222222
445.0,0.09187764462664698,0.09155101791997333,0.09101497123160732,0.09071118216629358,0.09160145872666346,0.09144426771205133,0.0921245719295282,0.09068060838550453,0.08932047041981715,0.0905004431644633,0.08934316436226993,1.0001697936587473,79,34.69444444444444
446.0,0.09160322740387374,0.09135980619092932,0.0909129596969603,0.09069319180540754,0.09176621023017775,0.09176510468357059,0.0924048698836622,0.09083296333887549,0.08932059776710798,0.09039418362974624,0.08911706996516995,1.0001701776094,78,34.666666666666664
447.0,0.09133702548683598,0.09117388065710406,0.09080674301348989,0.09067055198954409,0.09193054732467738,0.09208901778253804,0.09268269808055067,0.09098067695732677,0.0893238465825078,0.09028356323806588,0.08889201741984733,1.0001705615464045,78,34.611111111111114
448.0,0.09108164764070598,0.09099212949082698,0.09069503300352322,0.09064129006221477,0.09209502818681412,0.09241600572512594,0.0929632235366265,0.09112640820307547,0.08931877729877036,0.09017349385029709,0.08866791547449418,1.0001709454863918,78,34.583333333333336
449.0,0.09083429565132607,0.09081660969163775,0.09058100980876799,0.09060945043211137,0.09225680187441594,0.09273805228431142,0.09324184004103195,0.09127001550529339,0.08931463081817548,0.09006443710715573,0.0884441932014123,1.000171329429555,78,34.583333333333336
450.0,0.09059434349504539,0.09064449880993063,0.09046222461087873,0.09057705681318864,0.09241991341943766,0.09306103625244605,0.09352377116141383,0.09141188514485375,0.08930808154551166,0.0899548103187684,0.08821409878859678,1.0001717133739816,78,34.55555555555556
451.0,0.09036415491558818,0.09047784800110663,0.09034062005791756,0.09054389005417997,0.09258065914421243,0.09337804370234346,0.09380455922328683,0.09154919498204313,0.0893000773028539,0.08984830622969166,0.08798475069393315,1.000172097321066,78,34.55555555555556
452.0,0.09014007450988887,0.09031602854280552,0.09021511315829245,0.09051032713168697,0.0927377425195304,0.09369266657155004,0.09408760068113292,0.09168363058066052,0.08929366147764885,0.08974242184941283,0.08775322123631733,1.0001724812728325,78,34.52777777777778
453.0,0.0899208598713054,0.09015619785841972,0.09008608817820267,0.09047746276178867,0.09289731399352827,0.09400160387261898,0.0943732518114533,0.09181427507901806,0.08928892992508475,0.08963442042066229,0.08752246840117052,1.0001728651871582,77,34.44444444444444
454.0,0.08971312295854332,0.09000406576699102,0.08995337142950757,0.09044568832108553,0.09305042925557021,0.09430582201285008,0.09465570741316215,0.09194548647524901,0.08928178582139722,0.08952668941677959,0.08729108721828828,1.0001732491033228,77,34.44444444444444
455.0,0.08951556870795573,0.08985602994355002,0.08981510486713716,0.09041731233629066,0.09319759714907223,0.09460766903860829,0.09493573383521575,0.0920776176148689,0.08927392271948861,0.08941414654166027,0.08706293725337838,1.0001736330211266,77,34.44444444444444
456.0,0.08932247322158195,0.08971168560241896,0.08967437586132523,0.09039199049992219,0.09333668564832089,0.09490511115587427,0.09521100620620689,0.09220842914432138,0.08926408564662196,0.08930388830687433,0.08684429258857981,1.000174016895942,76,34.361111111111114
457.0,0.08914029264985707,0.08957031100345697,0.08953159315199838,0.09036967224231993,0.09346881153787799,0.09519751192812588,0.09548582913586348,0.09233984879674849,0.0892504671520214,0.08919210129534605,0.08662796882146546,1.0001744007289695,75,34.333333333333336
458.0,0.08896376658181354,0.08943064507226026,0.08938654314497807,0.09034931772782376,0.0935963596431289,0.09548893761410186,0.09575943718488036,0.09246777207656415,0.08923611136735321,0.08907501325921495,0.08642088787730098,1.0001747845633115,75,34.333333333333336
459.0,0.08879158215054626,0.08929660464798234,0.08924195489664649,0.09032999471965263,0.09371385449778484,0.09577257956261896,0.09603022712649578,0.09259044201106297,0.08922460618819417,0.08896245013886776,0.08622087941851976,1.0001751683722635,74,34.22222222222222
460.0,0.08862455755371301,0.08916093439409288,0.08909625182440833,0.09031065800070436,0.09382572684201704,0.09605412214963828,0.09629914128404114,0.09271304262235902,0.08921272531655547,0.08884960261700417,0.08602879656176426,1.0001755521801843,74,34.166666666666664
461.0,0.08846469149280221,0.08903138226530555,0.08895289869506189,0.0902949034989791,0.09392930575282646,0.09632806790216912,0.09656085348751467,0.09282750570762857,0.08920198275348963,0.08874005436579073,0.08584429699848696,1.0001759359339353,73,34.083333333333336
462.0,0.08831129850657923,0.08890409470026925,0.08881139576911191,0.090284605976858,0.09402600565058652,0.09659536464705488,0.09682384212876638,0.09293494632715521,0.08918841406613537,0.08863115091602632,0.08566520798665309,1.0001763196890758,73,34.083333333333336
463.0,0.08815990611346503,0.0887810101771676,0.08867567041547374,0.09027301005633231,0.0941145330196986,0.09685531544624558,0.09708096413533658,0.09303821502364353,0.08917938973751938,0.08852725418860982,0.08549144211806674,1.000176703445435,73,34.05555555555556
464.0,0.08801767950023931,0.08865855463751561,0.0885433609130935,0.09026407082862856,0.09419657410411995,0.09710575989832654,0.09733321306160872,0.0931395913916071,0.08916769883767423,0.08842714539208194,0.08532344557885278,1.0001770871576199,72,34.0
465.0,0.08787815596010329,0.08854273345344668,0.08841111184558828,0.09025665465109482,0.09427519677906154,0.09734419299980092,0.09758455181877378,0.0932395270078188,0.08915613528092005,0.08833298820510725,0.08515622985382366,1.0001774708694113,72,33.97222222222222
466.0,0.08774270143102327,0.0884292038476238,0.08828549432467409,0.09024998082574284,0.0943503953537429,0.09757003537461963,0.09783277415337766,0.09334067140422135,0.08913959397545877,0.08824426805382671,0.08499274282603851,1.0001778545842213,72,33.94444444444444
467.0,0.08761299102326464,0.08831703484111002,0.08816015505483353,0.09024002939633463,0.09442136593337573,0.09778527403874993,0.0980756768307585,0.09344203268136246,0.08912402025075461,0.08816252210498145,0.08483714312998471,1.0001782382993747,72,33.94444444444444
468.0,0.08748417336600588,0.08821013815923225,0.08803903974435441,0.09022741672663627,0.09449112548437266,0.09798252662077761,0.09831433107019015,0.09354631940157701,0.08910837293231556,0.08808614844424194,0.08468903700848698,1.0001786219720568,71,33.833333333333336
469.0,0.08735790605179206,0.08810519094544285,0.08792483498431491,0.09021420718198361,0.0945593582771045,0.09816597565819685,0.09854314429378853,0.09365284748641553,0.08908978776393102,0.08801593734442463,0.08454982264379818,1.000179005645055,71,33.833333333333336
470.0,0.08723492712753349,0.08800170357111653,0.08781710791780382,0.09020244944026132,0.09462653093460886,0.09834101863175268,0.0987627021686599,0.09375734311155777,0.08907283436177328,0.08794928636156905,0.0844134926732946,1.0001793893137914,71,33.75
471.0,0.0871203724380588,0.08790280841100367,0.08771282115414057,0.09018573855268092,0.0946929623792029,0.09849722385504167,0.09897161476155748,0.0938612190020453,0.08906034152089985,0.08788783908599086,0.08428683876707331,1.0001797729415527,70,33.638888888888886
472.0,0.08701176540644256,0.08780468261435857,0.08761389000518216,0.09016931393727792,0.0947602874431057,0.09864462715626857,0.09916689837494116,0.0939663901276283,0.08905045409005534,0.08783098501914227,0.08416086938150273,1.0001801565697603,70,33.638888888888886
473.0,0.08690897017918636,0.08771101213269024,0.08751727522996745,0.09015348847330105,0.09482397520830822,0.09878185376561019,0.09935267960594875,0.09406555294084289,0.08904393664152668,0.08777455232532784,0.0840472506367068,1.0001805401532677,69,33.611111111111114
474.0,0.0868128877041971,0.08762162474796732,0.08742686594421631,0.0901374240336664,0.09488319294506069,0.09891057823594566,0.09952497522210976,0.09416085023141113,0.0890446330124277,0.08771634697214067,0.08394155167489588,1.0001809237378878,69,33.611111111111114
475.0,0.08672146834984834,0.08753000486001865,0.08734291705312061,0.09012289186485654,0.09494173114494421,0.0990292963326492,0.0996894126910986,0.09425515377293878,0.08905040968290667,0.08765898056764498,0.08383904798881338,1.0001813073226844,69,33.583333333333336
476.0,0.08663546158813697,0.08744264273010927,0.08726107615348312,0.09010970795152587,0.09499150947708966,0.09914250527765019,0.09984006721483978,0.09434688090229867,0.08906042447347408,0.08760463406295224,0.08374678805816146,1.0001816909035661,69,33.55555555555556
477.0,0.0865575037775745,0.08735850494012352,0.08718526240817435,0.09009756189328179,0.09503640045430312,0.09924921148314761,0.09998048669645858,0.09442930184357935,0.08907592658733367,0.08755294379291594,0.08365897755735867,1.0001820744480907,68,33.5
478.0,0.08648078682658401,0.08727662572760309,0.08711622066145902,0.09008805601272173,0.09507419506941271,0.09934697070640873,0.10011192491314626,0.09450982768202283,0.08909065688234669,0.08750323374406858,0.08358396675078421,1.0001824579903993,68,33.416666666666664
479.0,0.0864136223770605,0.08719704544983059,0.08705174140678618,0.09007984056525793,0.09510549673733054,0.09943708679324392,0.1002343051199467,0.09458258137955933,0.08910755487880882,0.08745561983266323,0.08351795397976616,1.0001828415340899,68,33.416666666666664
480.0,0.08635331818663591,0.08711776445543672,0.08699178923450322,0.09006956425872302,0.09513068256728019,0.09951995664147827,0.10034908926950074,0.09464896788132314,0.08912494046146206,0.08741125268844793,0.08346590641305061,1.00018322507167,68,33.44444444444444
481.0,0.08629749266126688,0.08704448720545581,0.08693594596061857,0.09006240470941346,0.09514797709067005,0.09959347538126227,0.10045236262175489,0.09471211077610062,0.08914408554442466,0.08737237008352086,0.08342090356256106,1.0001836086108753,68,33.416666666666664
482.0,0.08624106250147448,0.08698037650858963,0.08688749209348474,0.09005757110971056,0.095163225675222,0.09966248705702975,0.10054490282805784,0.09476831744468607,0.08915827752875473,0.08733621290839728,0.08338407348849891,1.000183992157728,68,33.361111111111114
483.0,0.08619158922100502,0.08691723973014112,0.08684047892763483,0.09005310521142733,0.09517295899815892,0.09972256199921338,0.10062091807672335,0.09482518012576296,0.08917380062938826,0.0873098403274176,0.08335670938975023,1.0001843756504452,67,33.333333333333336
484.0,0.0861471125597587,0.0868603023729507,0.08679908191614326,0.09005190345147414,0.0951806460686857,0.09977330108621829,0.10068515382560486,0.09487859648393483,0.08918425521856356,0.08729273607010252,0.08333167707845808,1.0001847591457143,67,33.30555555555556
485.0,0.08610516254040361,0.0868110585559964,0.08675919392723758,0.09005441280933406,0.0951844766047704,0.09981898866589256,0.1007351299263174,0.0949324438401621,0.08919697616369729,0.08728106968875742,0.08330623690665388,1.0001851426430393,67,33.27777777777778
486.0,0.0860704974680398,0.08676838841017395,0.08671984919185258,0.09005732953907407,0.09519010230402655,0.09985242441971275,0.10077000852974485,0.09498010679850355,0.08921119387581648,0.08727112672402494,0.08329450586616234,1.0001855261409478,67,33.27777777777778
487.0,0.08604215129902613,0.08672834733216686,0.08668426881063783,0.09006184527105028,0.09519065681198699,0.0998783144248942,0.10079396491972235,0.09502740405402983,0.08922880915385464,0.08726436626333377,0.08328578828485544,1.0001859096393704,67,33.27777777777778
488.0,0.08601616411520438,0.08669299371336774,0.08665338408748854,0.09006766110212526,0.09519029806811805,0.09989764304650084,0.1008066857799195,0.09506827323810797,0.08925044507858444,0.08726064499741523,0.08328210685116384,1.0001862930918055,66,33.22222222222222
489.0,0.0859972838921086,0.0866606929357275,0.08662513439785366,0.0900766882288003,0.09518583464781635,0.09990878948494371,0.10081052829938622,0.0951010310391291,0.08927953591259097,0.08725730208687389,0.08328386261317414,1.000186676552214,66,33.19444444444444
490.0,0.08598197667344004,0.08663188290151709,0.08659911689621001,0.0900854880650027,0.09517899202628378,0.09991129311420634,0.10080634473540104,0.09513313818579575,0.08931186118159402,0.08725646613080873,0.08329050708914937,1.000187060013212,66,33.19444444444444
491.0,0.08596626658629115,0.08660479153591974,0.08657830959339961,0.09009662991722003,0.09516629313763465,0.09991032398565569,0.10079520666280592,0.09516138371029452,0.08935220241893346,0.08725557108340631,0.08330047182957583,1.0001874434749396,66,33.19444444444444
492.0,0.08595631569952347,0.08658022533449014,0.08655841459946557,0.0901101373530379,0.09515415981554307,0.0998991686151232,0.10077328978078463,0.09518451070066347,0.08939852349980493,0.087259104857732,0.08331398361356523,1.0001878268835356,65,33.166666666666664
493.0,0.08595234481704614,0.08655826613721405,0.0865440390411986,0.09012590197686109,0.09513367991621212,0.09988028190935282,0.10074414328147002,0.09520077003504379,0.0894480924695981,0.08727040627248589,0.08333029142354266,1.0001882102938178,65,33.111111111111114
494.0,0.08595671276888657,0.08653349790445984,0.08653492504092855,0.09014356005719024,0.09511184407851028,0.0998505721873784,0.10070940671137321,0.09521515439921077,0.08950190446987294,0.08728042155198695,0.08335060152166258,1.0001885937052581,65,33.111111111111114
495.0,0.08596797823043202,0.08651429698527688,0.08653218213328302,0.09016108580329098,0.09508612674349977,0.09981290643376248,0.10066436242706894,0.09522151999700568,0.08955896271095488,0.0872939847231871,0.08337557791456036,1.0001889771161097,65,33.083333333333336
496.0,0.08598351565520398,0.08649681207349852,0.08653239521981876,0.09017716306270322,0.09505769468229114,0.09976512131382238,0.10061754183976593,0.09522564131802302,0.08962010368176163,0.087308923527691,0.0834044551401815,1.000189360528552,65,33.05555555555556
497.0,0.08600398467194757,0.08648369152760768,0.08653802792740617,0.09019429059671298,0.09502694391892953,0.09970798042169518,0.1005643004520325,0.0952284036380606,0.08967897417892934,0.08732529380463695,0.08343785974291748,1.0001897438946612,64,33.02777777777778
498.0,0.08602926179849606,0.0864722492507837,0.0865485791858156,0.09021361003776014,0.09499379720053287,0.09963939210415128,0.1005107876490842,0.09522243200320278,0.08973424965545836,0.08734865899500141,0.08347711636692716,1.0001901272609937,64,33.02777777777778
499.0,0.08605996345040746,0.08646933469014188,0.08656344733610809,0.09023006252507744,0.09496411186508032,0.0995583511161443,0.10045134987090772,0.0952127282229949,0.08978600983160948,0.0873768625970347,0.08351829610761985,1.0001905106269082,64,33.02777777777778
500.0,0.0860906484144324,0.08647010812923073,0.08658244643213656,0.09024807066149405,0.09493253895820372,0.09947286042570908,0.10038658986027182,0.09519962660829175,0.08983725667893579,0.08741028589442709,0.08356046891383194,1.0001908939907431,64,33.0
501.0,0.08611929284789188,0.0864782368335884,0.0866064594603841,0.09026487190935811,0.09490086733961407,0.09937797374521301,0.10031282696921755,0.09518621382858217,0.0898892726214307,0.08744747522476154,0.08360779352109977,1.000191277314914,63,32.916666666666664
502.0,0.08614850039422606,0.08649401711266083,0.08663273413254861,0.09028229256283983,0.09486709924741114,0.09927507975198499,0.10023336412225455,0.09516968209604108,0.08994361213717876,0.08748521773463208,0.08366006833276071,1.0001916606383139,63,32.916666666666664
503.0,0.08617946861249728,0.08651686674734714,0.08666130058578803,0.09030289380162079,0.09483364712123905,0.0991635128754246,0.10014856919033295,0.0951545171210401,0.0899932120508695,0.08752008651887945,0.08371797632261913,1.00019204396143,63,32.916666666666664
504.0,0.08621101203948757,0.0865453631411423,0.08669019487228918,0.0903247038295694,0.0947985939155059,0.09904784037698083,0.10005453257165374,0.09513837745838251,0.0900459450453195,0.08755348907783674,0.08378238194179168,1.0001924272837248,63,32.861111111111114
505.0,0.08624569494113814,0.08657745337528983,0.08672089522435047,0.09034994375185303,0.0947620900411818,0.09892608233725898,0.09995239455799997,0.09512386610419145,0.09010010323746293,0.08758357897264421,0.08385071504960817,1.0001928106067444,63,32.861111111111114
506.0,0.08628829716948062,0.08660976329810773,0.08675542596543848,0.0903748760586459,0.09472669693063752,0.09879879222570644,0.09984470869703582,0.0951089470792324,0.09014965213269319,0.08761243175646401,0.08392360960460345,1.0001931939318056,63,32.888888888888886
507.0,0.08633146654968826,0.08664254756474099,0.08679198328619973,0.09040221704365413,0.0946887673502175,0.09867013508937432,0.09972946173683289,0.09509433216104797,0.0902019202544343,0.08764092811052819,0.08399982504312233,1.0001935772036012,62,32.888888888888886
508.0,0.08638042382945114,0.08667642329146907,0.08683132672303501,0.09043148656069766,0.09464996303420255,0.09853867235320213,0.09961179932410871,0.09508128415920857,0.09025109070311814,0.08766817070564137,0.08407332677969115,1.0001939604775836,62,32.888888888888886
509.0,0.08642998085856672,0.08671023843842002,0.08687283487492882,0.0904653651714148,0.09460842718821912,0.09840380915234802,0.09948416268969097,0.09506622033415582,0.0903044410329084,0.08769974899211667,0.0841491220066498,1.0001943437531762,62,32.861111111111114
510.0,0.08648671109500362,0.08674582253024275,0.086917899406066,0.09049803263050842,0.09456041036236622,0.09826882243079198,0.09935369040507973,0.09504981682980781,0.09035134104380116,0.08773604898074049,0.08422613831055656,1.000194727038713,62,32.833333333333336
511.0,0.08654276800117425,0.08678493612090954,0.08696960263389165,0.0905357755735972,0.09451027046299261,0.0981304492388402,0.09921730572325338,0.09503448214263695,0.09039520707355127,0.0877737802900306,0.0843005400521532,1.000195110326779,62,32.833333333333336
512.0,0.0866044298862663,0.08682845892468047,0.08701800308171255,0.09057086147139048,0.09445935538253657,0.09799142018559026,0.0990819503535862,0.0950103360089604,0.09044086266525088,0.08781329359204032,0.08437652905164525,1.0001954936174071,62,32.833333333333336
513.0,0.08666993829541121,0.08687759926049185,0.08706848275558945,0.09060683178516768,0.09440726044301012,0.09785093580686781,0.09894632325147773,0.09498229739374703,0.09048135883086972,0.08785247661454516,0.08445237945976043,1.0001958769106836,62,32.833333333333336
514.0,0.08674018868039093,0.08693030640240934,0.0871209437645714,0.09064582682020823,0.09435502006304662,0.09771248886416077,0.09880777079218328,0.09494745494360673,0.09051891188565217,0.08789052211737138,0.08452683285202635,1.0001962601993664,62,32.861111111111114
515.0,0.08681144117527026,0.08698459614204362,0.08717219961762546,0.09068326536702505,0.09430099125631117,0.09757237566577122,0.09866817757199678,0.09491118000380658,0.09055656038096764,0.08792907460709937,0.08460678868944242,1.0001966434910983,62,32.861111111111114
516.0,0.08688901220276955,0.08703930192012509,0.08722449991665272,0.09072160385635651,0.09424515441952362,0.0974332690509063,0.09852742090911504,0.09487478563777446,0.09058885774270356,0.0879662475642578,0.08468688055225869,1.0001970267861766,62,32.861111111111114
517.0,0.08697092688289515,0.08709818716105516,0.08727801150976046,0.09075828812152215,0.09419196696222562,0.09729207372032693,0.09838543414691181,0.09484056643110464,0.09062047073410553,0.08799648870041693,0.0847650027008199,1.0001974100848812,62,32.861111111111114
518.0,0.0870518548572362,0.08715762466107904,0.08732961090013097,0.09079054318208203,0.09413816735615668,0.09715280323012156,0.0982450121995578,0.09480261898153601,0.09065591376078365,0.08802300773691636,0.0848506435078075,1.0001977933871367,62,32.861111111111114
519.0,0.08713654025501028,0.08722170550535646,0.08737709861138966,0.09082081183435022,0.09408809640384803,0.09701290019335315,0.09810164742162676,0.09476691035127353,0.09069040740080149,0.08804378539949365,0.08493828030246497,1.000198176692696,62,32.861111111111114
520.0,0.08722988302922893,0.08728462125898483,0.08742130479055238,0.09085093438780906,0.09404143093015088,0.09687162367890889,0.09795833974028871,0.0947332318718596,0.09072004215476112,0.08805878430936283,0.08502837083572819,1.0001985600013559,62,32.861111111111114
521.0,0.08732173073201357,0.0873456832050326,0.08746687016067721,0.0908775701710049,0.09399851073819836,0.09673202203643765,0.09782300006914946,0.09470063263025558,0.09074801041230841,0.08807060787246182,0.08511431227120968,1.0001989433124732,62,32.861111111111114
522.0,0.08742073034552145,0.08740608173676925,0.08751925855057612,0.09089964082583107,0.09395515676292396,0.09659077559309047,0.09768688085857667,0.09466482162245683,0.09077328069559275,0.08808182730072066,0.0852008793202711,1.000199326626048,62,32.861111111111114
523.0,0.08752403863434317,0.08746675295812636,0.087574988547705,0.09092005832812182,0.09390906753157713,0.09644921396429657,0.09755297070230483,0.09462678645013421,0.09079634345465379,0.08809322699073882,0.08528626936619979,1.0001997099419155,62,32.861111111111114
524.0,0.08762726115477844,0.08752679228817783,0.08763190444356568,0.09093926181208667,0.0938599831194322,0.09631404979348013,0.09742212753848693,0.09459012140007862,0.09081484723560133,0.08810351610932919,0.08537023535164186,1.0002000932603756,62,32.861111111111114
525.0,0.0877333698449165,0.08758745312977621,0.08769433906790612,0.09095816022307368,0.09381026102145724,0.09618365622629359,0.09729181063296413,0.09454826571698541,0.0908243067313132,0.08811367803456233,0.08545518293872018,1.000200476581678,62,32.861111111111114
526.0,0.08783877931786115,0.08765058731351277,0.08775489452787587,0.09097484728895433,0.09375130263940265,0.09606033520368662,0.09716113023474394,0.09451011986976872,0.0908341373026248,0.08812644207829358,0.08553829111533921,1.000200859905772,62,32.861111111111114
527.0,0.08794306000598297,0.08771598383448181,0.08781456829533885,0.09099059098553926,0.09369279651139294,0.09594256326451789,0.09703596821293548,0.09446220349828259,0.09083882161090202,0.08814285192376743,0.08562184207560958,1.0002012432324596,62,32.861111111111114
528.0,0.08804983417916312,0.08778531519819752,0.08787183496055052,0.09100141554948138,0.09363163660931301,0.09583038439895311,0.09691103363756634,0.09441121316887144,0.09084414167435409,0.0881593643126527,0.08570545985852997,1.0002016265613363,62,32.861111111111114
529.0,0.08815307778244558,0.08786147634321369,0.08792838240055935,0.09100984798132546,0.09357330152267523,0.09572148657610548,0.09678978484187185,0.09435797533072965,0.09084627658642036,0.08817687785390452,0.08578352966325595,1.0002020098962079,62,32.916666666666664
530.0,0.08825930426411349,0.08794220603667188,0.08798716445700434,0.09101371829868536,0.09351857148291438,0.09561427047580104,0.09666905242058396,0.09430105557472086,0.09083991609109837,0.08819726564004599,0.085859875477909,1.0002023932332442,62,32.916666666666664
531.0,0.0883587000307503,0.08802422891109801,0.08804148800696678,0.09101141292812392,0.09346693617760227,0.09551067042988956,0.09655135758275278,0.09424210482723266,0.09083426111496319,0.08821896335241577,0.08594266019755739,1.0002027765730412,62,32.94444444444444
532.0,0.08846316034912416,0.08811153637103919,0.08809587652460037,0.0910038200273456,0.09342021343350146,0.09540843928025186,0.09643329656933976,0.09418237367327391,0.09082507021539174,0.08824121246081822,0.08601816799635946,1.0002031599147347,62,32.94444444444444
533.0,0.08856109804949629,0.0882019859138725,0.08814879503709838,0.09099246729332505,0.09337663797949323,0.09530651604173344,0.09632195802424832,0.09412091200103699,0.09081753056909485,0.08826371959984286,0.0860919297350997,1.000203543258029,62,32.94444444444444
534.0,0.0886642832159855,0.08829272284216585,0.08819564814878597,0.09097923517487547,0.09333699595427225,0.0952065289597085,0.09621223409210077,0.09405943587224787,0.09080489317496747,0.08828629733638223,0.08616565881683638,1.0002039266020157,62,32.916666666666664
535.0,0.08875963574186603,0.08838410480019011,0.08824192649786412,0.09096851574793022,0.09329679575333429,0.09510932641451707,0.0961106450245552,0.0939980174217787,0.09078926191964988,0.08830889457849377,0.08623719303358074,1.0002043099474438,62,32.916666666666664
536.0,0.08885932622785796,0.0884778762432283,0.08828499520339819,0.09095670431664858,0.09325456151119887,0.09501161602704143,0.09601232314509872,0.09393461764849523,0.0907714698293912,0.08833434139054253,0.08630686873786103,1.000204693294442,62,32.916666666666664
537.0,0.08895833042780925,0.08857104161966407,0.08833211527715372,0.0909453722177932,0.09320841422894661,0.0949152868427497,0.0959186347654924,0.09386920919397616,0.09075031028807684,0.08836410703238846,0.08637226173530262,1.0002050766430348,62,32.916666666666664
538.0,0.08905638988892049,0.08866491231478309,0.08837683380937608,0.0909373342936367,0.09316000052991917,0.09482102160612042,0.09583033701832634,0.09380518604438032,0.09072448003803792,0.08839446988885595,0.08643450154717541,1.0002054599932055,62,32.916666666666664
539.0,0.08915413087475844,0.08876065040350882,0.08841660283270722,0.09093049543154555,0.09310993239140264,0.09473051747668859,0.09574571397331508,0.09373838691342695,0.09069752141847903,0.08842767065776501,0.08649422795788302,1.0002058433451537,62,32.916666666666664
540.0,0.08924895888427983,0.08885583712623545,0.08845349957998265,0.09092335756554838,0.09305450747626445,0.0946451918752952,0.09566204506226143,0.09367414973507207,0.09066924420884218,0.08846671406882332,0.08655272810285032,1.000206226699128,62,32.916666666666664
541.0,0.08934072792728497,0.08894912879182254,0.08849269815571725,0.090920150199747,0.09299700342406683,0.09456565490027938,0.09557955719207233,0.0936091656388434,0.09064647720808394,0.08849277613201163,0.0866132774716745,1.0002066100552727,62,32.916666666666664
542.0,0.08943600050091635,0.08904347222485469,0.08852874218109881,0.09091327211455244,0.09293900913246485,0.09449005768421216,0.09549624059921749,0.09354238043473105,0.09062653380250997,0.08851736844381028,0.08667392328168448,1.0002069934137154,62,32.916666666666664
543.0,0.08952967830602679,0.08913861453322162,0.08856330594148898,0.0909036099496335,0.0928752859698224,0.09442281398112325,0.0954157685892057,0.09347947967281894,0.0906102718141546,0.08853224748129182,0.0867363075222436,1.0002073767746893,62,32.916666666666664
544.0,0.08962292459209911,0.0892345823674461,0.0885967539881668,0.09089428446980508,0.09281153174117143,0.0943619060418424,0.09533180027914015,0.09341686222835441,0.0905996699593495,0.0885388669761186,0.0867985844799105,1.0002077601370665,62,32.888888888888886
545.0,0.08971103400136142,0.08932900922907795,0.08863089405883585,0.0908830732990476,0.09275025881339266,0.09430804044337177,0.09525061504294259,0.09334927518384763,0.09059765555938289,0.0885417152456554,0.08685657961041923,1.0002081435009926,62,32.861111111111114
546.0,0.08979870242858565,0.08942725604090904,0.08866205356744376,0.0908702599364129,0.09269425902831056,0.09425543805285809,0.09517287619403483,0.09328139526176617,0.09059305200654012,0.08853880824929097,0.08691443308818725,1.0002085268679917,62,32.861111111111114
547.0,0.08988219769867972,0.08952452310826804,0.08869214697533681,0.09085345880548253,0.0926427166415085,0.09420694251034878,0.09509847492715731,0.09321283771666868,0.09059508205092405,0.08853009741924497,0.08697043937216828,1.0002089102394411,62,32.888888888888886
548.0,0.0899583741739186,0.08962173304232476,0.08872388975948928,0.09083568425547454,0.09259885211190633,0.09415986901203321,0.09502444328752328,0.09314418788755005,0.09059059430756052,0.08852740404625109,0.08702426871615727,1.0002092936138396,62,32.888888888888886
549.0,0.09003346447208346,0.08971819736874816,0.08875428031533998,0.0908168696981002,0.09255453552037522,0.09411360587464568,0.09495749800533287,0.0930788721248155,0.09058824598513165,0.08851991523552902,0.0870741993756493,1.0002096769893938,62,32.861111111111114
550.0,0.0901076499970462,0.08980777215723991,0.08878654530498241,0.09080262788604038,0.09251423573978979,0.09406547423912949,0.09488823211812732,0.09301358970294556,0.09058739003757747,0.0885112475026173,0.08712530266771072,1.000210060366851,62,32.861111111111114
551.0,0.09018027025407155,0.08989554878003785,0.0888190189672148,0.09078815785861469,0.09247386820644328,0.09402409830320879,0.09482368803528278,0.09294638662007411,0.09058431788181981,0.08849795717194733,0.08717713865459426,1.0002104437469546,62,32.888888888888886
552.0,0.0902476339115127,0.08997871228767658,0.0888535455756497,0.09077690857981015,0.09243378777553339,0.09397888089903128,0.09476068578346686,0.09288332759123495,0.09058518086839826,0.08848172229601499,0.08723044854430195,1.0002108271262704,62,32.861111111111114
553.0,0.0903208471973143,0.09005474283428726,0.08888762631897551,0.09077151987718089,0.09239285712451453,0.09393509250904918,0.09469887456231518,0.09281859816932514,0.09057746155291244,0.08847042155882298,0.08728317578745526,1.0002112105057896,62,32.861111111111114
554.0,0.09038798706991352,0.09012944330729702,0.08892123373844832,0.09076895281807254,0.09235172275831495,0.09389348260632316,0.09463910669471305,0.0927620047754995,0.09056469463502048,0.08845823455984801,0.08733473790799016,1.0002115938850775,62,32.861111111111114
555.0,0.09045371633077143,0.09019757507847284,0.0889573006566164,0.09077104876760084,0.09230672619042414,0.09385413307364301,0.09458133589231561,0.09270722655697733,0.09055126291606874,0.08844683389694814,0.08738482489050893,1.0002119772639748,62,32.861111111111114
556.0,0.09052179170200235,0.09026250764195172,0.08899319605064102,0.09077584574789832,0.09226137823599749,0.09381204714249677,0.09452113945612642,0.09265313785563617,0.09053748825742122,0.0884385679978437,0.08743526754073178,1.0002123606423756,62,32.861111111111114
557.0,0.09058977815910263,0.09031839084026785,0.08903063889217815,0.09078216076538143,0.09221562730291522,0.09377131607355597,0.09446676631959756,0.09260271422517852,0.09051865846706321,0.08843151092297157,0.08748518903845151,1.0002127440202917,62,32.861111111111114
558.0,0.0906531802381027,0.09036781077524128,0.08907150949083294,0.09079197259736192,0.09216530361888896,0.093729191272047,0.09441730069714485,0.09255441994495109,0.09050281175600902,0.08842225237201898,0.0875373816231052,1.000213127399329,62,32.888888888888886
559.0,0.09071681382030143,0.09041069355816495,0.08911141378240256,0.09080266911250479,0.09212096806380225,0.09368732985981093,0.0943707428347256,0.09250774401957682,0.09048412421066729,0.08840783589330005,0.08759318260945101,1.0002135107783288,62,32.888888888888886
560.0,0.09078250031496606,0.09044805850074124,0.08915165749753523,0.09081500637072167,0.09207649497633447,0.09364278370435315,0.09432873229729033,0.09246500152087644,0.09046909068882376,0.08838839259602373,0.08764618267655153,1.0002138941578345,62,32.888888888888886
561.0,0.09084191455452463,0.09048269337030466,0.0891945431682766,0.09082712492601475,0.092032474054153,0.09360038315790982,0.09428965121416144,0.09242944231193252,0.09045196987393526,0.08836214425125846,0.08770194364235087,1.0002142775384357,62,32.888888888888886
562.0,0.09090242237509708,0.09051588223856764,0.08923702084296099,0.09083794250868274,0.09199399074165482,0.09355683232593855,0.09425033405932758,0.09239562462144205,0.09043263519785108,0.0883365794840281,0.0877554035118106,1.0002146609209706,62,32.888888888888886
563.0,0.09095906395911618,0.09054841713601487,0.08927632368977134,0.09084711031034523,0.09195771408151913,0.09351613089865143,0.09421288933684266,0.09236540624561144,0.09040528156215863,0.08831511065207005,0.08781160342028829,1.0002150443059967,62,32.888888888888886
564.0,0.09101724160689416,0.09058261750668936,0.08931374710982817,0.09085549115512719,0.09192413393545872,0.09347624526404866,0.0941725197244996,0.09234242723976824,0.09037472524722935,0.08829063269240447,0.08786565319897388,1.000215427694532,62,32.888888888888886
565.0,0.0910708781794638,0.09061555716416626,0.0893497467545171,0.09086509890511205,0.0918958105274098,0.09343710803314158,0.09413148157520472,0.0923241386553125,0.09033875015565089,0.08826602842021754,0.087921219703403,1.0002158110872028,62,32.888888888888886
566.0,0.09112045972697312,0.0906498187792489,0.08938194503178493,0.09087445366326616,0.09187232129426035,0.09339720063261378,0.09409096649304698,0.0923076194313851,0.09029940862066003,0.08824299612152751,0.08797901167628018,1.0002161944846468,62,32.888888888888886
567.0,0.09117246751847306,0.09067851520450174,0.08941248565721804,0.09088525264711292,0.09185131070932405,0.0933542263025791,0.09405248877500455,0.09229301682731622,0.09025581975840606,0.08822339750396832,0.08803760396967972,1.0002165778871812,62,32.888888888888886
568.0,0.09122036223847368,0.09071188434560079,0.08944111308624535,0.0908963408846842,0.09183395417748075,0.09330969378228364,0.09401322485360136,0.0922772011042578,0.09021127941609859,0.08820572858400554,0.08809618580867248,1.0002169612949965,62,32.888888888888886
569.0,0.09126690260291198,0.09073977465828023,0.0894699090101321,0.09090674308188007,0.09181906951057914,0.09326492219190258,0.09397774682060153,0.09226339004251423,0.09016541470968265,0.08818899491742822,0.08815448414813418,1.000217344707639,62,32.861111111111114
570.0,0.09131445519819517,0.09076432080083584,0.08950184222617022,0.09091346912514825,0.0918058878774295,0.09321841941368612,0.09394386612513185,0.09225075303500722,0.09012231223596132,0.08816925408418763,0.08821315498942442,1.0002177281247644,62,32.861111111111114
571.0,0.09135813321844627,0.09078640849301169,0.08953936650828064,0.09091751931393081,0.09179312404909279,0.09317389584114183,0.09391221302283578,0.09223276074050143,0.09008305652770553,0.0881546763005138,0.08826696451670997,1.0002181115457565,62,32.861111111111114
572.0,0.09140185181346647,0.09080577406244683,0.0895792333516477,0.0909200356054817,0.09177904697783588,0.09313258382537297,0.09388170961072279,0.0922147304633873,0.09004818212350608,0.08813678211146976,0.08831857201149812,1.0002184949704178,62,32.861111111111114
573.0,0.09143987235702118,0.09082936725100181,0.08962016142082804,0.09092172353029203,0.0917638766164101,0.09309595163833397,0.09384920442875018,0.09219174903187548,0.09001940530013726,0.08812020421357103,0.08836736959644323,1.000218878398249,62,32.861111111111114
574.0,0.09147704684105362,0.09084908883519327,0.08966248935313303,0.0909200357865321,0.09174617858771024,0.09306507116862701,0.09381691181457075,0.09216566121317948,0.08999391932334978,0.08810784187406792,0.08841502401942725,1.0002192618304222,62,32.833333333333336
575.0,0.09151318975289166,0.09086680140328778,0.0897039357624003,0.09092017387294953,0.09172635269073147,0.09303997334086765,0.09378396831110279,0.09213557449482744,0.08997517083979746,0.08809488038149153,0.08845963139977898,1.0002196452637067,62,32.833333333333336
576.0,0.09154519997990918,0.09088712830253484,0.08974184796396262,0.09092198428615167,0.09170622835034027,0.09301717139151501,0.09375094157680247,0.09210267062416284,0.0899578559146028,0.08808995344470388,0.08849905384687727,1.0002200286951406,62,32.80555555555556
577.0,0.09157428255767992,0.09090757802282531,0.08978047811275845,0.09092289186396571,0.09168177672570448,0.09299891107472738,0.09371732288994936,0.09207081790456867,0.08994039409281926,0.08808649984466939,0.08853946602257144,1.0002204121258114,62,32.80555555555556
578.0,0.09160314465011081,0.09093242368303868,0.08981526823396381,0.09092675762390912,0.09166194872856245,0.09298226137992399,0.09368199456098536,0.09203537495718397,0.08992283117185097,0.08808469009921507,0.08857410745269238,1.0002207955550022,62,32.80555555555556
579.0,0.09162565207784493,0.0909558881656963,0.08984577602501498,0.09093145938987651,0.09164473951809267,0.09296962662738953,0.09364839122591481,0.09199996296255206,0.0899071184268231,0.08808515618564544,0.08860741536507823,1.000221178983493,62,32.75
580.0,0.09164540276822267,0.09098673729868866,0.08986918829265686,0.09093700401165451,0.09162484612008832,0.09295408587220391,0.09361500676578034,0.0919646243760103,0.0898945071502362,0.08808909606921633,0.0886410706717713,1.0002215624100974,62,32.75
581.0,0.09166372438281742,0.09101983855815368,0.08989091401704277,0.09093699240494453,0.09161116768150905,0.09293817004810193,0.09358176382272484,0.0919333016650045,0.08987685097804488,0.08809745503003166,0.08867177423289119,1.0002219458348267,62,32.75
582.0,0.09167808517706053,0.0910549401955576,0.08991109585459403,0.09093634683379291,0.09160200296585339,0.0929211126234712,0.09354848830000098,0.09189987956621067,0.08985889008294315,0.0881132596083893,0.08869823503613411,1.0002223292575663,62,32.75
583.0,0.09169182939422021,0.09109280376049918,0.08992643926206609,0.0909305293722873,0.0915971680821185,0.09290072372938983,0.09351809972027166,0.09186743046218648,0.0898374101185222,0.08813648225740225,0.08872380350636834,1.00022271267889,62,32.75
584.0,0.09169953060884484,0.09113540087322598,0.0899418876324274,0.09092068993329376,0.09159735876546944,0.09288119117241447,0.09348986280651417,0.09183577991716019,0.08981737298235772,0.08816373135427387,0.08874029703988466,1.000223096099416,62,32.75
585.0,0.09170999484643107,0.09118218797293808,0.08995611520255746,0.09091073685674782,0.09159895782027351,0.09285819448046122,0.09346057898414528,0.09180327901322359,0.08979415241081769,0.08819752050825563,0.08875176841015522,1.0002234795195535,62,32.75
586.0,0.09171326289244217,0.09122226757732478,0.08996997631898458,0.09090152005599274,0.09160363601821125,0.09283682890269744,0.09343695896772641,0.09177117452542338,0.08976936306410654,0.08823679174506152,0.08876208985824979,1.00022386293977,62,32.75
587.0,0.09171758581071136,0.09126431345230955,0.08998547005764461,0.09088528854711134,0.09160656738369183,0.09281719121473994,0.09341298467369183,0.09173963862421733,0.08974625950065931,0.08828132808544716,0.08876762599673735,1.0002242463605038,62,32.75
588.0,0.09171767940705206,0.09130411413934678,0.09000205676386153,0.09086655083209388,0.09161068923504329,0.09279898588238002,0.0933858438153182,0.09170833511908508,0.08972753884882491,0.08832566998519757,0.08877717274043978,1.0002246297821895,62,32.75
589.0,0.09171833379477241,0.09134161090329379,0.09002060808452739,0.09084529936373312,0.09161025955048753,0.09278345860417696,0.09335560328889216,0.09167813996583579,0.08971284605774206,0.08837525936983129,0.0887836012088149,1.000225013205649,62,32.75
590.0,0.09172081125095022,0.09137868979300123,0.09004174391921435,0.09082333528876999,0.09160649356508842,0.0927745625009836,0.09332253321836613,0.09164522150224588,0.08969704041081442,0.08842551851769898,0.08878945365102475,1.0002253966316996,62,32.75
591.0,0.09172029384656227,0.09141506695653062,0.09006206502387405,0.09079883609699642,0.09159884832132711,0.09277120047845941,0.09328699556263645,0.09161411721770245,0.08968502177869661,0.0884813277854766,0.08879201398017897,1.0002257800619734,62,32.77777777777778
592.0,0.09172128959594521,0.09144948767701444,0.0900827546831492,0.09077395201401296,0.09158886241585763,0.09277266404950932,0.09324873189644034,0.09158491284399425,0.0896738053815734,0.088538130571877,0.08879157935338731,1.0002261634962926,62,32.77777777777778
593.0,0.09172436164923917,0.09148500419604273,0.09010453292825829,0.09074745987707528,0.09157670683191282,0.09277777967199095,0.09320914976136295,0.0915559371411871,0.08966475623061813,0.08859388689273134,0.08878697874116999,1.000226546935116,62,32.77777777777778
594.0,0.09172611991034067,0.09151938273562904,0.09012487938013082,0.09072202537773097,0.09156226366242629,0.0927860285099184,0.09316760204123939,0.09152851141265621,0.0896622152856465,0.08864632221264555,0.08878158683690511,1.000226930378795,62,32.77777777777778
595.0,0.0917332158157338,0.0915535581504394,0.09014470180053473,0.09069847734531186,0.09154529297846763,0.09279665646224564,0.0931263633303822,0.0915017956683535,0.08966014640359712,0.08869393524694448,0.08877317761170632,1.0002273138272448,62,32.75
596.0,0.09173708162016923,0.09158715067373652,0.09016160305190991,0.09067616994683696,0.0915243188206222,0.09280595767472058,0.0930905015875112,0.09147749829019898,0.0896602591178349,0.08874036236565376,0.08876680111731866,1.0002276972800335,62,32.75
597.0,0.091743926789487,0.09162225384002907,0.09018060130347509,0.0906552347808424,0.09150126104608797,0.09281709507398446,0.09305188250095492,0.09145519665349826,0.08966392101644574,0.08877818845741586,0.08875852626348137,1.0002280807392183,62,32.72222222222222
598.0,0.0917534730323047,0.09165737953344921,0.09020257718158842,0.09063768115713264,0.09147505966144846,0.09282342888223229,0.09301522770971833,0.09143114187335419,0.08967114437224356,0.08881091805233948,0.08875043973075201,1.000228464200076,62,32.69444444444444
599.0,0.09176266819856983,0.09169069858484359,0.09022063517619344,0.09062655279667955,0.09144574850101939,0.09282400103834743,0.09298173423088793,0.09141017263930601,0.08968199720457182,0.08884163516789428,0.08874301111162829,1.0002288476634529,62,32.69444444444444
600.0,0.09177320461611874,0.09172609943874561,0.09023693425096332,0.09061739703825168,0.09141444649103375,0.09282094045285029,0.09294968096933981,0.09138877969860068,0.08969598907348712,0.08887011158287061,0.08873565450284429,1.0002292311286154,62,32.69444444444444
601.0,0.09178487937407609,0.09176071632980647,0.09025457350865637,0.09060899850787905,0.09137823861899123,0.09281389183367017,0.09291988708425944,0.09136846223200334,0.0897097875114,0.08890076056190106,0.08872942601897069,1.0002296145951177,62,32.69444444444444
602.0,0.09179627065866308,0.09179383373668112,0.09027147945253843,0.0906050542820539,0.09133770351558819,0.09280195224261195,0.09289185130750383,0.09134560880287378,0.08972705161053757,0.08893307601115216,0.0887261234288473,1.000229998062554,62,32.69444444444444
603.0,0.09180551131176523,0.09182719720284856,0.09028189232976076,0.09060328769855712,0.0912995355877849,0.09278818539714208,0.09286499153577017,0.09132410529483172,0.08974512597435559,0.08896377404522161,0.08872678213909126,1.0002303815306297,62,32.69444444444444
604.0,0.09181648028577781,0.0918590228257742,0.09029137337444709,0.09060453245202371,0.09125747891295315,0.09277080912845871,0.09284067976909628,0.09129869712468812,0.08976210681467607,0.08899990855799456,0.08872968273859755,1.000230764997982,62,32.666666666666664
605.0,0.09182377476624332,0.09189361501979516,0.09030061502640967,0.09060838315936788,0.09121836291273065,0.09274746050336675,0.09281767499781779,0.09127355037603192,0.0897782940069248,0.08903291068401031,0.0887365140000424,1.0002311484662374,62,32.666666666666664
606.0,0.09183378746323241,0.09192773077433788,0.09030903261119659,0.09061236521792634,0.09117680288858107,0.09272148324733157,0.09279621861228451,0.09124315828163215,0.08979507116549422,0.08906563832230284,0.08875025033781403,1.000231531935628,62,32.666666666666664
607.0,0.09184086461575247,0.09195932711680621,0.09031443065233406,0.09061832234108488,0.09113448335646657,0.09269254424710925,0.09277671339717376,0.09121547117689842,0.08981718701111552,0.08909338285669012,0.08876919562159029,1.0002319154065136,62,32.666666666666664
608.0,0.09184481285080366,0.09199027303445256,0.0903198845009376,0.09062132155172825,0.09109172196120782,0.09266078346475175,0.09275795274051904,0.09119086158581748,0.08984106474838494,0.0891177072988945,0.08879592212885327,1.0002322988798404,62,32.638888888888886
609.0,0.09185053596361818,0.09201515588848874,0.09032600128163443,0.09062452501019838,0.09105085949897478,0.09262689134093029,0.0927406793508513,0.09116991520195862,0.08986339710126658,0.0891374803103241,0.08882724839337022,1.0002326823550998,62,32.638888888888886
610.0,0.09185604523880189,0.09203932273357159,0.09033525534103692,0.09062867179994089,0.09100707349510895,0.0925907457639934,0.09272231046550564,0.09115032534154635,0.08988735225852755,0.08914837880905566,0.08886759157350803,1.0002330658340812,62,32.583333333333336
611.0,0.0918691120430421,0.09206264998416644,0.09034298465710035,0.09063029750880068,0.09096500598605721,0.09255396372708703,0.09270241067628855,0.09113610246209433,0.08990805855976292,0.08915541557906263,0.08890745511848204,1.0002334493154246,62,32.583333333333336
612.0,0.09188650653304221,0.09208558981392191,0.09035021722572087,0.09062958336264544,0.09092312580027401,0.09251368405083588,0.09268220498570483,0.09112584484029018,0.08992548988932118,0.08916076722487144,0.08895082605868807,1.0002338327987936,62,32.583333333333336
613.0,0.0919047706899968,0.09210695903698773,0.09035850771789528,0.0906304847501847,0.09088462429775407,0.09247016756907964,0.09266066388148389,0.0911185566575761,0.08993940177180443,0.08916342468161438,0.0889966622157052,1.000234216283563,62,32.55555555555556
614.0,0.09193128729406608,0.09212614310754227,0.09036781783268089,0.0906312538408139,0.09084999288448047,0.09242339448856543,0.09263773724139497,0.09111096040468673,0.08995157661472888,0.089161011151457,0.08904343189527791,1.0002345997691684,62,32.55555555555556
615.0,0.09195909686452482,0.09214311557024638,0.09037645121573504,0.0906350592842627,0.09081569143506053,0.0923702732390814,0.09261665158897388,0.09110439883018172,0.0899625974226925,0.08916390840361618,0.08908774638740079,1.0002349832552482,62,32.55555555555556
616.0,0.09198440367027048,0.09215810032342298,0.09038571370933246,0.09063635654371853,0.09079065588872941,0.09231321690936088,0.09259756474853617,0.09109489076133488,0.08997169467309701,0.08917294062918286,0.08912983587063522,1.0002353667410926,62,32.55555555555556
617.0,0.09201560901767374,0.09217144262250403,0.09039423548447222,0.09063419184279661,0.0907703575373747,0.09225168070791166,0.09257753695768733,0.09108748227229999,0.08997673022545816,0.08918417594989297,0.089172314594877,1.0002357502264119,62,32.55555555555556
618.0,0.09204602250177071,0.09218434127414303,0.09040395684722012,0.09063255120103696,0.09075545692871637,0.09218601233034784,0.0925605955665552,0.09107981169946368,0.089975541183298,0.08919842691909988,0.08921342424614326,1.0002361337112577,62,32.55555555555556
619.0,0.09207769280661988,0.09219522579843316,0.09041353665965421,0.09062814418535874,0.0907441664154092,0.09211801958120097,0.09254154925854996,0.09107462257988963,0.08997032697025473,0.08921489065646594,0.08925834927019599,1.0002365171954903,62,32.55555555555556
620.0,0.09211397742112067,0.09220243358597557,0.09042645782235635,0.09062276111680422,0.09073239170196017,0.09204687305230802,0.09252343835133367,0.09106726062012457,0.08996327894882727,0.08923690600031067,0.08930112904505974,1.00023690067964,62,32.55555555555556
621.0,0.09214965741642173,0.09220995096199486,0.09044097638626104,0.09061327987036998,0.09072055658208543,0.09197769411630914,0.09250555740898986,0.09106143015299094,0.08994989505441452,0.08926299054373647,0.0893453026569431,1.0002372841639744,62,32.55555555555556
622.0,0.09218344724802296,0.092215438021134,0.09045596659942018,0.0906022267208687,0.09070860754195663,0.09190976392416657,0.09248955183811342,0.09105675635693791,0.0899381839787108,0.08929116901558123,0.08938656339034862,1.0002376676487126,62,32.55555555555556
623.0,0.0922194435557855,0.09222010843728844,0.09047035120683089,0.09058962542961863,0.09069333672009451,0.09184460940979641,0.09247122559113168,0.09105237178088828,0.08992258941656456,0.08932486569757203,0.08942953087503337,1.0002380511340525,62,32.55555555555556
624.0,0.09225539001411694,0.0922272504372984,0.09048891853741924,0.09057162485001027,0.09067432330433535,0.09178596856955244,0.09245404986902153,0.09104714158152914,0.08990372750936859,0.08935818317765913,0.08947186375673838,1.0002384346204933,62,32.55555555555556
625.0,0.09229326561209752,0.09223220570408756,0.09051233028132022,0.09055378592096154,0.0906512101854033,0.0917263003723418,0.09243453565913108,0.09104259563414817,0.08988620753532542,0.08939247009350229,0.08951391809664445,1.0002388181084032,62,32.55555555555556
626.0,0.09233338156637366,0.09223769665975917,0.090537037743142,0.09052909640364562,0.0906270777078518,0.09167293373620938,0.09241355812441127,0.09103727196968658,0.08987015840321452,0.08942662619983864,0.08955437002278416,1.000239201550355,61,32.52777777777778
627.0,0.0923744319396853,0.092244003150585,0.09056101547265401,0.09050147876457108,0.09060072745903341,0.09162240066551594,0.09239072733453388,0.09103056667748158,0.08985758946400728,0.08945890245883531,0.08959774859390916,1.0002395849942465,61,32.52777777777778
628.0,0.09241532240484078,0.09225161248786982,0.09058655428322004,0.0904729528016696,0.09057179115286834,0.09157690691222528,0.09236364377623357,0.0910240079382649,0.08984094467980171,0.08949607626812989,0.08964016272197504,1.0002399684405343,61,32.52777777777778
629.0,0.09245877068561269,0.09225761147644602,0.09061038669923314,0.09044341132989611,0.09054516106570636,0.09153034522088245,0.09233542573658154,0.09101731793005115,0.08982723445215045,0.08953103308869427,0.08968366119106169,1.0002403518897476,61,32.52777777777778
630.0,0.09250097800713193,0.0922684320876268,0.09063666580731178,0.09041320426346838,0.09052148137602864,0.09148606415793692,0.09230347660584144,0.09101325399320673,0.08981426367750799,0.08955883785538091,0.0897240844970713,1.0002407353419434,61,32.52777777777778
631.0,0.09254620559877415,0.09227688383141171,0.09065983832571246,0.09038303152629278,0.09049957923921202,0.09143912288002318,0.09226678849528744,0.09101053125396719,0.0898045887879832,0.08958522346901608,0.08976933237569357,1.0002411187968043,61,32.52777777777778
632.0,0.09259320147377259,0.09228539647634873,0.09068311686528703,0.0903519279859049,0.09048012481595359,0.09139152236527237,0.09222850659947585,0.0910054444012106,0.08979570709834742,0.08961507352924203,0.08981148762990193,1.0002415022541395,61,32.52777777777778
633.0,0.092640817228989,0.0922948249049301,0.09070985060288587,0.09031847022887442,0.09045984947369748,0.09134515632590792,0.09219085183891858,0.09100143730665321,0.08978633471569515,0.08964592406525407,0.0898483760083965,1.0002418857136248,61,32.52777777777778
634.0,0.09268995718770126,0.09230050549315497,0.0907349594859745,0.0902883135696619,0.0904368728357073,0.09129665365816209,0.09215172410001894,0.09099655374129148,0.08977894508242489,0.08967871614916174,0.08988907485836822,1.0002422691750494,61,32.52777777777778
635.0,0.09273761582257939,0.09231181251090922,0.09076203234121082,0.09026199360525167,0.09041090157234635,0.09124710225494896,0.09211197191884087,0.09098725891056493,0.08977013148299655,0.08971338758521402,0.08992845161964268,1.0002426526379171,61,32.52777777777778
636.0,0.0927877160351668,0.09232612748658871,0.09078725519757619,0.09023786214715251,0.09038521721039917,0.09119489416442964,0.09207044618632185,0.09097683606823864,0.08975803077202761,0.08974921450520562,0.08996944331504901,1.000243036101569,61,32.52777777777778
637.0,0.09282824391160972,0.09233957637684954,0.09080866211963239,0.09021586538724678,0.0903555225333096,0.09114773117522874,0.09203138199450882,0.09096391799843302,0.08974793636894891,0.08978858153842185,0.09001600714834856,1.0002434195659509,61,32.52777777777778
638.0,0.09286816433746421,0.0923594623295358,0.09082723693014258,0.09019707275369031,0.09033028700162621,0.09110075608019658,0.09198565329606878,0.09094974318356375,0.08973513763820293,0.08982635635387813,0.09006394011339328,1.0002438030311738,61,32.52777777777778
639.0,0.092907227310058,0.09237910784434508,0.09084282848764776,0.09018258169953217,0.09030086042238329,0.09105850047375855,0.09194272721585672,0.09093016043905755,0.08971967010073008,0.0898625338900377,0.090117995600582,1.0002441864973968,61,32.52777777777778
640.0,0.09294518484400023,0.09239957233658792,0.09085320956888635,0.09017317785535212,0.0902691161038167,0.0910201354697262,0.09189849877720331,0.09091075588412093,0.08970294812064514,0.0898978255247507,0.09017415246639426,1.0002445699648896,61,32.52777777777778
641.0,0.09298046717379435,0.09242191827758968,0.0908569951077992,0.09016894090641209,0.09023244378463992,0.09098703882181289,0.0918531381501799,0.09088789168298876,0.08968893412464626,0.08993053594910748,0.09023665644165568,1.0002449534340245,61,32.52777777777778
642.0,0.09301487257325589,0.09245105494032839,0.09085669854857008,0.09016534381435959,0.09019273391623342,0.09095738133447547,0.09180556561173976,0.09086393821577363,0.08967789415039185,0.08995787549153683,0.09030198529488301,1.0002453369049469,61,32.52777777777778
643.0,0.09304937682073967,0.09248022804297258,0.09085648921115476,0.09016456340384653,0.09014676876692776,0.09092768204702689,0.09176034253347291,0.09083697424847671,0.08967090753691795,0.08998560117269859,0.09036679357997303,1.0002457203776032,61,32.52777777777778
644.0,0.09308821768914094,0.09251231321595943,0.09085586972469449,0.09016588935252043,0.09009705365344975,0.0909003313660272,0.09171266841188458,0.0908081590239595,0.08966626784054466,0.09001212117611208,0.09042721938428708,1.0002461038519699,61,32.52777777777778
645.0,0.09312399386157327,0.09254759784522391,0.09085876631623468,0.0901677210247386,0.09004684742320027,0.09087355099525991,0.09166658607879229,0.09077941673874204,0.08966630033756391,0.09003095005572617,0.09048476363780217,1.000246487328251,61,32.52777777777778
646.0,0.09316490338002144,0.09258164241159933,0.09086330037797581,0.0901654904216664,0.08999807050729869,0.09084878467832215,0.09161933685236426,0.0907445619872982,0.08967184991485844,0.09004999206534163,0.09053894519624373,1.0002468708063743,61,32.52777777777778
647.0,0.09320727426519362,0.09261533485986961,0.09087101228459475,0.09016186833990221,0.08995332922659945,0.09082241500944348,0.09157008999949448,0.09070591956938541,0.08968908577339449,0.09006258765716119,0.09058834428785473,1.0002472542862757,61,32.52777777777778
648.0,0.09324943809364035,0.09264913219323688,0.09088011068441956,0.0901539362963377,0.0899115255816311,0.09079433322101535,0.09152335575026649,0.09066307027361119,0.08971459343375691,0.0900691333525525,0.09063901587383649,1.000247637767689,61,32.52777777777778
649.0,0.09328799553322581,0.09268475911206851,0.09089093373471578,0.09014509893273476,0.08987734906723584,0.09076450521393964,0.09147358039980923,0.0906208906966078,0.08974417909284942,0.09007463054988323,0.09068410590445723,1.0002480212509106,61,32.52777777777778
650.0,0.09332712749241531,0.09271609604327039,0.09089988134541428,0.09013483425628865,0.08984934461623491,0.09073446683133259,0.0914246960777731,0.09057950757787407,0.089777151017815,0.09007963179177628,0.09072567467238178,1.0002484047359546,61,32.52777777777778
651.0,0.0933661952042055,0.0927491965256457,0.09091161755769746,0.09012153384097775,0.08982505233940283,0.09069913633220683,0.09137283422193947,0.09054430283207138,0.08981448104000396,0.09007866123082194,0.0907657840847108,1.0002487882230584,61,32.52777777777778
652.0,0.09340118751190887,0.09278382675686178,0.09091888595159268,0.09010966645584732,0.08980450297962508,0.09066445473171443,0.09132362317719894,0.09051179257123868,0.08985011000101803,0.09007900770055023,0.09080212086097555,1.0002491717119,61,32.52777777777778
653.0,0.09343565647674952,0.09281664093592923,0.09092999422747612,0.09009901387667246,0.08978384397731416,0.09062939256892368,0.09127891992980763,0.09047984032343435,0.0898816513515301,0.09007653101614874,0.09083807750508903,1.000249555202444,61,32.52777777777778
654.0,0.09347234445440014,0.09285008386124426,0.09093949829163617,0.09008980025614015,0.08976154711925348,0.09059282644127371,0.09123909739777017,0.09045018392575917,0.08990977427709507,0.09007255769548428,0.0908722319614183,1.0002499386948416,61,32.52777777777778
655.0,0.09350878659384511,0.09288360111444882,0.09094724910435217,0.09008395928414024,0.08973589429961386,0.0905559763870313,0.09120379826012767,0.09042354328908472,0.08993267605127794,0.09006772303851147,0.09090712175333045,1.000250322189127,61,32.52777777777778
656.0,0.09354356746368483,0.09291563332954536,0.09095550482598745,0.09008243352591325,0.08970811807789468,0.0905206054013951,0.09117618037409332,0.0903946641401059,0.08995232163373476,0.0900605445698785,0.09094113934637998,1.0002507057019714,61,32.55555555555556
657.0,0.09358285394762482,0.09294762581728415,0.09096170366232254,0.09008241822984565,0.0896757865307392,0.09048963136146533,0.09115108215790203,0.09036631310202006,0.0899646449086574,0.09005609332674758,0.09097294315889731,1.00025108921686,61,32.55555555555556
658.0,0.09362269179362667,0.0929792722780482,0.0909672151724272,0.09008486665983363,0.08964265404486056,0.09046073325385294,0.0911289658939745,0.09034033223922716,0.08997452367342107,0.0900487436663447,0.09100148104491532,1.0002514727338834,61,32.55555555555556
659.0,0.09366261332547197,0.09300972086733222,0.0909736902001048,0.09008677933033188,0.08960856436184567,0.0904297884794106,0.09110855623943731,0.09031459316672981,0.08998059038443373,0.09004530604418196,0.09103166084017368,1.000251856252803,61,32.55555555555556
660.0,0.09370500677817238,0.09303817238129429,0.09097903264875593,0.09008755567054028,0.08958281429350018,0.09040007775560983,0.091090621135244,0.090288800842858,0.0899843610443946,0.09004352224995694,0.09105228195946562,1.0002522397731386,61,32.55555555555556
661.0,0.09374785285629025,0.09306749673312613,0.0909841847932241,0.09008375629638422,0.08955640517637746,0.09037353925656151,0.09107470517130675,0.09026715378507569,0.08998647932926367,0.0900447534791016,0.09106630340429109,1.0002526232943485,61,32.55555555555556
662.0,0.09379092102683423,0.09309686851109586,0.09099366470496574,0.09008057272039778,0.08953122664311135,0.09034422773011662,0.09105355624210633,0.09025172862840086,0.08998476112960642,0.0900453538950292,0.09108013257076213,1.0002530068157667,61,32.55555555555556
663.0,0.093834681109443,0.09312426513847895,0.09100475901007565,0.0900750194118252,0.08950956667066255,0.0903170942968487,0.0910276499054228,0.09024026515266582,0.0899797418076797,0.09004999020782178,0.09109036461258457,1.0002533903368531,61,32.55555555555556
664.0,0.09387663274518779,0.0931504745462293,0.09102016488839042,0.09006927925961764,0.08949243141504866,0.09029087768176726,0.09099480525769124,0.09023373650258024,0.08997144916253212,0.09005489567782898,0.09109903370682239,1.0002537738570338,61,32.52777777777778
665.0,0.09391455152351222,0.09317602100111,0.09103906644300941,0.0900587883361689,0.08947994648268381,0.09026410193983996,0.09096101326039085,0.09023880216549529,0.08995830322735178,0.09005497468446302,0.09110859529858135,1.0002541573759418,61,32.52777777777778
666.0,0.0939513826570935,0.0932011969569641,0.0910569831177678,0.0900492597309435,0.08946950873230602,0.0902391583850197,0.09092454824719995,0.09024556556159764,0.08994189668350483,0.09005824864637044,0.09111679916142167,1.0002545408935215,61,32.52777777777778
667.0,0.09398791047981286,0.09322223926418317,0.09107669023191121,0.09003669096339124,0.08945926072177457,0.09021658470116624,0.09088344310782034,0.0902584622724595,0.08992663668782389,0.09005830708663683,0.09112870588165814,1.0002549244119732,61,32.5
668.0,0.09401637179127731,0.09324173640722708,0.09109934717128267,0.09002621147756,0.08944738545805411,0.09019581215117632,0.09084277078389774,0.09027153867124725,0.08990845529262803,0.09005994729453284,0.0911457384002804,1.000255307912492,61,32.47222222222222
669.0,0.09404147885905903,0.09326170508116259,0.09112047024005239,0.09001620144509932,0.08943340363208155,0.09017926889173164,0.09080430039391245,0.09028447913969126,0.08988939661922919,0.09006209599422012,0.09116289810204586,1.000255691411608,61,32.47222222222222
670.0,0.09406286000729758,0.09328198644253967,0.09114045014760577,0.09000671996397902,0.08942009075763538,0.09016242533622779,0.09076960532641486,0.09029726211321484,0.08986923172822245,0.09006381436577925,0.0911816357074335,1.0002560749096698,61,32.47222222222222
671.0,0.09407822431892639,0.09329747673325071,0.09116149057135679,0.08999612059160889,0.08940445269828516,0.09014940572035492,0.09073785798699638,0.09030944557661927,0.08985430472664777,0.0900651727232686,0.09120251374612726,1.0002564584067626,61,32.47222222222222
672.0,0.09409436596507822,0.09331268123216079,0.09118372101628766,0.0899918764621835,0.08938715517717505,0.09013331643315074,0.090711121165889,0.09031970606265244,0.08983328342209984,0.09006962474276985,0.09121999721049102,1.0002568419032565,61,32.47222222222222
673.0,0.09410561428932614,0.09332489111753596,0.09120681713906921,0.08999106652688318,0.08936979821805133,0.09011728819655648,0.0906881889243263,0.09033221809505183,0.08981287735590984,0.09007407184344168,0.0912344006801905,1.0002572253996571,61,32.47222222222222
674.0,0.09411480844231275,0.09333637134329316,0.09122551342992125,0.08999598582368995,0.08935190639196249,0.09009866752955747,0.09067023572552285,0.09034390618149866,0.08979031595155655,0.09008137407721677,0.09124853098670284,1.0002576088965442,61,32.47222222222222
675.0,0.09411968450845797,0.09335004579414069,0.09123900861989429,0.09000254005632807,0.08933476000487227,0.0900766528126659,0.09065536153482284,0.09035706223502375,0.08976663990198873,0.09009319708017978,0.0912630468328114,1.0002579923944936,61,32.47222222222222
676.0,0.09412240393393828,0.09335934235816634,0.09125541630152263,0.09001354081221283,0.08931582543295341,0.09005366019502803,0.09064217637126842,0.09036831946950404,0.08974536360814908,0.09010580581794261,0.09127652857980852,1.000258375893804,61,32.47222222222222
677.0,0.09412141325738398,0.09337059375620932,0.09126789450070438,0.09002635189419791,0.08930002048765275,0.09002864859497804,0.09063156217161858,0.09038053622743561,0.08972206991741298,0.09011803893518829,0.09129163663873543,1.0002587593948185,61,32.47222222222222
678.0,0.09412178417832243,0.0933790431535292,0.09127630799333426,0.09004212571470038,0.08928187123964354,0.09000197286744323,0.0906198513812095,0.09039046840484014,0.0897011801709121,0.09013074381985671,0.09131380096089979,1.0002591428979908,61,32.47222222222222
679.0,0.09411936201816104,0.09338770877726116,0.09128096930510785,0.090060625066734,0.08926698277146994,0.08997909073064934,0.09060737105459071,0.09040093795923125,0.08968004230470018,0.09013998156086925,0.09133646184138162,1.000259526403455,61,32.47222222222222
680.0,0.09411244124662745,0.09339343125046248,0.09128285116793387,0.09007916915231562,0.08925278891358088,0.08996019180481497,0.09059920898408816,0.09041095247496636,0.08966130580105895,0.09014814467246249,0.09135943143247353,1.0002599099140803,61,32.416666666666664
681.0,0.09410715823657673,0.09339787599006458,0.09128604469904694,0.09009855131523807,0.08924059728250448,0.08994405792111636,0.09058844193578237,0.09041617414002054,0.08964400629273925,0.09015491422949823,0.09138247837146427,1.0002602934273455,61,32.416666666666664
682.0,0.09410224270655178,0.0934015846526477,0.09128626616634088,0.09011788811652172,0.08922686037004879,0.08993098612265395,0.09058168394989692,0.09041440993324985,0.08962929494973242,0.09016144719705066,0.09140801976505392,1.0002606769430387,61,32.416666666666664
683.0,0.09409957120851498,0.0934025144537559,0.09128699038586689,0.0901391476350883,0.08921692264674261,0.08992088711760093,0.09057054602863555,0.0904099261083504,0.08961813290118129,0.09016793895784286,0.09142849000449471,1.000261060461365,61,32.416666666666664
684.0,0.09409738362346445,0.09340189713087471,0.0912890351402608,0.09016023542702127,0.08921223719497226,0.08991135913026643,0.09055982974190016,0.09040311669700676,0.08961092105156233,0.09017383618965691,0.091441599641975,1.0002614439822457,61,32.416666666666664
685.0,0.09409746939039353,0.09340022191439401,0.09128915165245104,0.09018089899430405,0.08920895961977691,0.08990450508062109,0.09054913395755819,0.09039324743854103,0.0896081333684189,0.09018003945852397,0.09145007361737024,1.0002618275056339,61,32.416666666666664
686.0,0.09409628217446851,0.09339652175615094,0.09129171095153232,0.09019693531661811,0.08920798924226864,0.0898997376505971,0.09054582829428867,0.09038021376421981,0.08961259236934205,0.0901876241036616,0.09144678239505291,1.0002622110314827,61,32.416666666666664
687.0,0.09410038243107582,0.09339376835918588,0.09129232593937937,0.09021635791665507,0.08921008895644689,0.08989316480776409,0.09053845670773465,0.09036432799071555,0.08962505760543299,0.09019376832642348,0.09143490250510351,1.0002625945591963,61,32.416666666666664
688.0,0.09410695585971349,0.09339079249020653,0.0913002113845238,0.09023103424466354,0.08921492416154483,0.08988502986203861,0.09053332452932202,0.0903462807269189,0.08963971562129945,0.09019786227886319,0.09141685393275492,1.0002629781051235,61,32.44444444444444
689.0,0.09411066752080019,0.09338843699986914,0.0913069280685054,0.09024413769210132,0.08922523753109926,0.08987955381603752,0.09052708305010809,0.09032368991361187,0.08966053799667528,0.09020288582109712,0.09139421022930994,1.0002633616524887,61,32.44444444444444
690.0,0.09411694025625547,0.09338625300890578,0.09131311927437169,0.09025599831413106,0.08923707467155793,0.0898708532932142,0.09052552466761589,0.09030256869366,0.08968381023863033,0.09020583472296992,0.09136577504653136,1.0002637452011056,61,32.44444444444444
691.0,0.09412147597055551,0.09338363009476432,0.09131679367491558,0.09026563453866689,0.08924910453487059,0.08986721943588499,0.09052576852404558,0.09027940658076064,0.08971522150486638,0.09020150606693268,0.0913383748111934,1.0002641287507181,61,32.44444444444444
692.0,0.0941249376422421,0.09338366955813932,0.0913222170554798,0.09027228359247358,0.0892634730114235,0.08986351983636796,0.09052223665584544,0.09025817355610734,0.08974123360867885,0.09020239671071476,0.09131037804405956,1.0002645122847973,61,32.416666666666664
693.0,0.09412576526390644,0.09338178554480729,0.0913255968905328,0.09028253750928537,0.0892783820035227,0.08986268653398598,0.09051666765319157,0.09023932874206642,0.08976621512381847,0.09019856889729257,0.09128736866094296,1.0002648958366147,61,32.44444444444444
694.0,0.0941207308926984,0.09337981526995609,0.09132833842836634,0.09029453234660816,0.08929418500826986,0.08986791916956745,0.09050944555048214,0.09022001951845095,0.08979178231753235,0.09019210875596341,0.09126640911873449,1.0002652793898854,61,32.44444444444444
695.0,0.0941176713318215,0.09337768423154011,0.09132935695934373,0.09030656834084397,0.0893080120300713,0.0898733249193101,0.09050092072622289,0.09020137906934167,0.0898172772775486,0.09018303543449331,0.09125043961094627,1.0002656629447408,61,32.44444444444444
696.0,0.0941062681652217,0.09337513977985319,0.09132902429641279,0.0903249279938442,0.08932291481346506,0.08988656940159308,0.09049302429597886,0.0901821600151559,0.08983982429883493,0.09017280500827679,0.09123339540243698,1.0002660464843276,61,32.416666666666664
697.0,0.09409741252626432,0.09336834501418942,0.09132847808238756,0.09034047434273955,0.08933586178531032,0.08990230198696021,0.09048698812858404,0.09016254927384988,0.08986071696977817,0.09015998185214018,0.09122332704957185,1.0002664300250257,61,32.416666666666664
698.0,0.09408968213032629,0.09335907926180914,0.0913291625211508,0.09035573756511561,0.08935230428630482,0.08991793348919787,0.09047792415808702,0.09014528350626114,0.08988068209914848,0.09015281396542031,0.09120621757046585,1.0002668135665358,61,32.416666666666664
699.0,0.09408136880487988,0.09334599356636603,0.09132651428388222,0.09037087775799424,0.08936758722199291,0.08993767347583853,0.09046944385015589,0.0901303072084197,0.08990208046587396,0.09014961424561527,0.09118574321414893,1.000267197108408,61,32.416666666666664
700.0,0.09407225419859903,0.09333560663783054,0.09132341891862995,0.09038685096772632,0.08938225191663157,0.08995650658680378,0.09046289726796285,0.09011789922032931,0.0899224933188377,0.09014901897174059,0.09115838963209806,1.0002675806504295,61,32.416666666666664
701.0,0.09405960281542639,0.09332320935083994,0.09132209383507602,0.09040153301554496,0.08940100895918683,0.0899785044426766,0.09045113309037653,0.09010799109647762,0.08994230605996192,0.09014980557084715,0.09113078294294447,1.0002679641926013,61,32.416666666666664
702.0,0.09404761541939743,0.09331180909272183,0.09131887165647186,0.0904142789849918,0.08942357525129337,0.08999888729856566,0.0904403566858603,0.09010178787151445,0.08996120747879444,0.09014798115057482,0.09110198383166389,1.0002683477350875,61,32.416666666666664
703.0,0.0940350561631511,0.09330039943468467,0.09131443783633664,0.09042540150710812,0.08944711507202345,0.09001914620551346,0.0904337469686571,0.09009559664268223,0.08997666872230753,0.090151194768374,0.09106997494411855,1.0002687312781857,61,32.416666666666664
704.0,0.09401872957557005,0.0932905411553468,0.09131262964832468,0.09043599465466413,0.08946987664287774,0.09004071425710801,0.0904300352212564,0.09009169361498791,0.08999327360275915,0.0901480215252329,0.09103761191075953,1.0002691148221203,61,32.416666666666664
705.0,0.09399877814138093,0.09328016700402027,0.0913082981984855,0.09044274218267134,0.08949386936521184,0.09005764462590916,0.0904349044397788,0.09008995093466327,0.0900075369961239,0.09014879039903653,0.09100682306648475,1.0002694983669937,61,32.416666666666664
706.0,0.09397941384850672,0.09326870977716208,0.09130589533528363,0.09044868244837266,0.08951505902308521,0.09007468109123798,0.090440017020326,0.09008902264727588,0.09002131203929122,0.09014963589382845,0.09097745977524434,1.000269881912842,61,32.416666666666664
707.0,0.0939591717644889,0.09325970989733044,0.09130428439649405,0.09045105138187373,0.08953674953260125,0.09009315117767855,0.09045237250068319,0.0900880742329428,0.09002736251521745,0.09015321869446809,0.09094512635276109,1.0002702654597604,61,32.416666666666664
708.0,0.09393959423059375,0.09324834072441632,0.09130701838003537,0.09045395253624296,0.08955612499655786,0.09010948621221765,0.09046883449220475,0.09008895539669272,0.09003258933350546,0.09015414571766144,0.09091161397474626,1.0002706490080902,61,32.416666666666664
709.0,0.09392248909045786,0.09323327868116235,0.09131193548330228,0.09045216789861078,0.0895761014715297,0.09012785236585408,0.09048506923296246,0.09009196859024186,0.09003257199177883,0.0901585999344767,0.09087900480440572,1.0002710325580018,61,32.416666666666664
710.0,0.09390386454863765,0.09321728397020157,0.09131844713198635,0.09044984502863837,0.08959877511957734,0.09014510339692279,0.09050735215923107,0.0900981360010735,0.09002759538702299,0.09015938841809569,0.09084563195158528,1.000271416126188,61,32.44444444444444
711.0,0.0938870113632333,0.09320358434232974,0.09132598041664503,0.0904493859098136,0.08962182138722835,0.09016388495205803,0.0905275035163162,0.09010665290328712,0.09002032209173953,0.0901561521511478,0.0908095076325492,1.0002717996795658,61,32.416666666666664
712.0,0.09386724661439182,0.09319011880417351,0.09133253925798104,0.09045074266878167,0.08964260156238532,0.09018447451400237,0.09054829576884015,0.09011422906364935,0.09000567916587258,0.09015839329195637,0.09077786950925833,1.000272183234503,61,32.416666666666664
713.0,0.09385070453753619,0.09317698181906053,0.09133865235007588,0.09044895716074658,0.08966496506492609,0.09020372022884737,0.09056515297395049,0.09012916131252002,0.08998420617138092,0.0901619344013254,0.09074813775755154,1.000272566791129,61,32.416666666666664
714.0,0.09382977204000578,0.09316358469119766,0.09134289182624841,0.09044791035611989,0.08968815985448705,0.09022125010776454,0.09058240639300269,0.09015016874870903,0.08996317162845469,0.09016333663659212,0.09072030505337426,1.0002729503491599,61,32.416666666666664
715.0,0.09380950969815852,0.09315231527182395,0.0913483749300373,0.09044773230314042,0.08970726631174743,0.09023888902187933,0.09059792731143271,0.09016797352791539,0.08993898124009145,0.09016973050467413,0.09069464077412293,1.0002733339082244,61,32.416666666666664
716.0,0.09378754759431543,0.09313855322044463,0.09135550519619912,0.09044857653460014,0.08972870181092968,0.09025819715503988,0.0906107998567875,0.09018648644298605,0.08991615274926369,0.09016998189353635,0.09067322200058052,1.000273717467877,61,32.416666666666664
717.0,0.09376373106018357,0.09312568775686952,0.09136187698040513,0.09045093112180153,0.08974907567811474,0.09027823850147897,0.09062154568287835,0.09020531314175458,0.08989187849003341,0.090167632864585,0.09065819673649986,1.000274101027801,61,32.416666666666664
718.0,0.09374319068601833,0.09311443177714894,0.09136727106966468,0.09045343960992544,0.08977085505876989,0.09029443256321557,0.09063365024499594,0.09022237144993912,0.08987144833697792,0.09015723914013939,0.09064616163781654,1.0002744845878062,61,32.416666666666664
719.0,0.09372007461212312,0.09310025012142595,0.09137163017968654,0.0904571120151167,0.08979279754676399,0.0903137686030951,0.09064630147530782,0.09023748933642917,0.08985087612041627,0.09014988438766333,0.09063469073640373,1.0002748681476277,61,32.416666666666664
720.0,0.09369738311550226,0.09308527883847503,0.09137475424158262,0.09046154012567137,0.08981318628302268,0.09033189599733282,0.09065930751889577,0.09025149081323987,0.0898350000795914,0.09013339704745486,0.09063202463291943,1.0002752517068778,61,32.416666666666664
721.0,0.09367380453989389,0.09306947340512596,0.09138264902613132,0.09046454632861957,0.08983331997879644,0.09035063882780328,0.09067368001164232,0.09026810312502563,0.08981839246564428,0.09010876231346114,0.09063227222993508,1.0002756352652673,61,32.416666666666664
722.0,0.09364983463792333,0.0930518944376186,0.09139211395565391,0.0904670014087559,0.0898516089110823,0.09036878913480252,0.0906892708530173,0.09028153508079519,0.08980174831166109,0.09008270587901882,0.09063952319918343,1.0002760188226973,61,32.416666666666664
723.0,0.09362996404393385,0.09303523692378537,0.09139987274731746,0.09046784807234803,0.08986850422049276,0.09038619970423459,0.0907068776897381,0.09029237924393418,0.0897898520355577,0.09005186505162865,0.0906478096332069,1.0002764023793613,61,32.416666666666664
724.0,0.09360230533712595,0.09301715345925061,0.09141069019378577,0.09046500833045622,0.08988493716935324,0.09040692262021797,0.09072927826284787,0.09030507978038203,0.08977918654723062,0.09002108649659112,0.09065514472488072,1.0002767859352981,61,32.416666666666664
725.0,0.09357867005616212,0.09300129157278365,0.09142277146680722,0.09046291601945168,0.08989952213432117,0.0904267643201351,0.09074953325202204,0.09031356847881068,0.08976814097213606,0.08999290637714963,0.0906610918279335,1.0002771694908905,61,32.416666666666664
726.0,0.09355331208535049,0.0929900254231043,0.09143318111574474,0.090458994339707,0.08991050447557287,0.09044503320059677,0.09077530622013635,0.0903184612958999,0.08976186328889665,0.08996354882368224,0.09066732976484593,1.000277553046708,61,32.416666666666664
727.0,0.09353046298350469,0.09298026156676406,0.09144056987824727,0.09045704505437718,0.08992236670068951,0.09046342579622803,0.09080348338214123,0.09032045776007097,0.08975743142566785,0.08993698059655664,0.09066545844612482,1.0002779366035437,61,32.416666666666664
728.0,0.09350844926649245,0.09297081229224956,0.09144611341357589,0.0904530443403183,0.08993337978434017,0.09048268567292574,0.09083513306705372,0.09032270041095605,0.08975418931683218,0.08991148628021012,0.09066033330398052,1.0002783201621004,61,32.416666666666664
729.0,0.09348884512682722,0.09296170903743453,0.09144949472905889,0.09044941799532816,0.08994579458257619,0.09050079701785907,0.09086579052780983,0.0903233396284216,0.0897532863935677,0.08988745607987103,0.09065277960756328,1.0002787037394871,61,32.44444444444444
730.0,0.09347029426196406,0.0929503986812101,0.09145104695559916,0.09044827936725797,0.08995937190550703,0.09051777324419036,0.09089876158918828,0.09032381888481124,0.08975423756705705,0.08986180120393103,0.09064331064582337,1.000279087319704,61,32.44444444444444
731.0,0.09344838359117075,0.0929407308689723,0.09144967345808855,0.09044815479718177,0.08997363448938245,0.09053422064597923,0.09093132283434897,0.09032358895899142,0.08975793293869058,0.08983630759902622,0.09063552770806475,1.0002794709030574,61,32.44444444444444
732.0,0.09343028900502522,0.09293342595850555,0.09144379724776225,0.0904482479667092,0.08998793166669224,0.09055134411497556,0.09096039878908106,0.09032209073978485,0.08976391073497984,0.08981359544435182,0.0906248298084786,1.000279854489505,61,32.44444444444444
733.0,0.09341250364913586,0.09292567918076701,0.09143462328625311,0.09045288433935726,0.09000572176257894,0.09056398205907444,0.09098657675483979,0.09032102290191073,0.08977273017031807,0.0897903987798326,0.09061412218187954,1.0002802380790954,61,32.44444444444444
734.0,0.0933966751620587,0.09291872069046385,0.09142139558728477,0.09045496764081255,0.0900237720017781,0.09057781101991857,0.09100410928545138,0.09032332059055666,0.08978757339748422,0.0897669111574987,0.09060537212536897,1.0002806216718276,61,32.44444444444444
735.0,0.09338293358765258,0.09291176518228186,0.09140597803174035,0.09045978816729722,0.09004265521992443,0.09059132377416602,0.0910188434232147,0.09032203207429008,0.08980761443016654,0.08974251761093789,0.0905955607525285,1.00028100526735,61,32.44444444444444
736.0,0.09337187245406807,0.09290764399278995,0.09139153016921768,0.09046676162258277,0.09006102371381068,0.09060727512379724,0.09102769886129551,0.09031635160343765,0.08982799502845228,0.08971563765599454,0.09058760562665157,1.0002813888652438,61,32.44444444444444
737.0,0.09335820566982433,0.09290713805604647,0.09137712905555036,0.0904763251466917,0.09007312688219322,0.09062782596273496,0.0910346250669711,0.0903111590365804,0.08985278025797562,0.08968650576605193,0.09057695855151172,1.0002817724652786,61,32.44444444444444
738.0,0.09334934307552122,0.09290565936208096,0.0913573101416716,0.09048721382489781,0.09008350234905667,0.09065029806877796,0.09103690869408299,0.0903071836365078,0.08987789592775174,0.08966105368553601,0.09056579428812088,1.0002821560671458,61,32.44444444444444
739.0,0.09333789122331813,0.09290536355650952,0.09134078941989637,0.09049919507990133,0.09008979393641557,0.09067435664158627,0.09103716071907826,0.09030572714389887,0.08989865439836023,0.08963614440811275,0.09055747013029274,1.000282539670508,61,32.44444444444444
740.0,0.09332520163410216,0.09290421796235493,0.09132593564668452,0.09051342480541091,0.09009438178404072,0.0907001230559275,0.09103483403367602,0.09030420089655226,0.08991986798989922,0.08961447581264138,0.0905462666405616,1.0002829232749877,61,32.44444444444444
741.0,0.09331794461311549,0.09290210799312593,0.09131175295738597,0.09052602663713485,0.09009538663581992,0.09072045361222845,0.09103490912941872,0.0903063971221202,0.08993840486470298,0.089592957871035,0.09053697243095388,1.000283306880174,61,32.44444444444444
742.0,0.09331464314249537,0.09290293679684838,0.09130074456068256,0.09053725451125932,0.0900979111386062,0.090738955847985,0.09103252615838224,0.09030870922635398,0.08994753542992065,0.0895732467751259,0.09052923388468237,1.0002836904854722,61,32.44444444444444
743.0,0.09331267283327524,0.09290256852075106,0.09128785972670042,0.09054777471574807,0.0901009188809764,0.0907575661779537,0.09103207110389523,0.09031119509846242,0.08995775170250381,0.08955380551265917,0.09051989680445499,1.0002840740905063,61,32.44444444444444
744.0,0.0933126052838383,0.09290221293383082,0.09127516527941434,0.09055728427955877,0.09010467239633807,0.09077374777233758,0.0910335997234431,0.09031537895404326,0.08996450032573701,0.0895345321713386,0.09051076556152118,1.000284457694526,61,32.44444444444444
745.0,0.09331142387042779,0.09290121488593926,0.0912625679356022,0.09056919211063351,0.09010845178054312,0.09078752393414687,0.09103733186647413,0.09032188365222119,0.08997101914487803,0.08951798783316947,0.09049625126987838,1.0002848412970358,61,32.44444444444444
746.0,0.09331365264745974,0.09289835666295301,0.09124980975564079,0.09057828182275414,0.09011265642662404,0.0907968434803352,0.09104453248812898,0.09032786107199199,0.08997584739553983,0.08950360846114239,0.09048378167192592,1.0002852248976148,61,32.44444444444444
747.0,0.09331770847469202,0.09289482640643126,0.09123898899625546,0.09058855286207652,0.09011702259756833,0.09080489482470974,0.09105452125304905,0.0903333355451707,0.08997988034199593,0.08948987820832585,0.0904660059723542,1.0002856084957459,61,32.416666666666664
748.0,0.09332107957600509,0.09289469709676276,0.09122874078819272,0.09059686539879684,0.09012160882709837,0.09081073629835364,0.09106668504400788,0.09033762791163392,0.08997958901316229,0.08948282894973965,0.09044554018376488,1.000285992100631,61,32.388888888888886
749.0,0.09332441139978885,0.09289618577237492,0.09121851804093467,0.09060613809809016,0.09012813497711349,0.09081618269480742,0.09107721143833819,0.09034248509134216,0.08997923004514108,0.08947381390155612,0.09042407123082599,1.000286375703425,61,32.388888888888886
750.0,0.09332601239497197,0.0928986965673301,0.09121129369630071,0.09061236453721376,0.09013494269783352,0.09082153405615086,0.09109040221504494,0.09034754907668463,0.0899733752294885,0.08947006543512905,0.09040053038539543,1.0002867593046512,61,32.388888888888886
751.0,0.09332579677351703,0.09290086825491001,0.09120275922061208,0.09061810577283794,0.09014079470089803,0.09082748840805985,0.09110296179935955,0.09035358972722185,0.08997053824533244,0.08946847940494479,0.09037576758396093,1.0002871429047615,61,32.388888888888886
752.0,0.09332499633783058,0.09290425249697348,0.09119303954337901,0.09062342938706971,0.09014783466376708,0.0908355501513431,0.09111090498413948,0.09036080347859217,0.08996516196288128,0.08946927040525832,0.09035229007951998,1.0002875265038564,61,32.388888888888886
753.0,0.09332714043551575,0.09290787920182368,0.09118719750423826,0.09062963588373522,0.09015442820491773,0.09083873989798617,0.09111167478300555,0.09037216501607598,0.0899583254078569,0.08947010024658307,0.0903306305074315,1.00028791010227,61,32.388888888888886
754.0,0.0933287924333228,0.09290889940061679,0.0911820107967455,0.09063244794820605,0.09016009134161786,0.09084198292004887,0.09111048633214267,0.0903886882756362,0.08994674045262659,0.08947289125918424,0.09031526952662618,1.000288293699871,61,32.388888888888886
755.0,0.09333003303914882,0.09290640840479303,0.09117559545940465,0.09063531972633648,0.09016662964323241,0.090846779021495,0.09110720746020397,0.09040673640920954,0.08993683147240675,0.08947597322251667,0.0903011704081338,1.0002886772799768,61,32.361111111111114
756.0,0.0933339382894882,0.0929082756297687,0.0911690402727019,0.09063342108446162,0.09017506163937547,0.0908497702677409,0.09110309107755789,0.09042645973585665,0.08992591669706776,0.08947625154674176,0.09028784160538691,1.00028906085924,61,32.361111111111114
757.0,0.09333672154398757,0.09290873101145482,0.09116467402922683,0.0906335686522683,0.09018508867599796,0.09084847404819035,0.09110228705001953,0.09044299676833294,0.08991551946036326,0.08947618309482197,0.0902752070901788,1.000289444437932,61,32.361111111111114
758.0,0.09333941434730651,0.09291081470093053,0.09116317255415511,0.09063027253614458,0.09019499903457799,0.09084490501906162,0.09110663664428113,0.0904577488977566,0.08990576933962159,0.08947679101212039,0.0902593109172637,1.0002898280163046,61,32.361111111111114
759.0,0.09333611493997784,0.09290976469584256,0.09116148009319795,0.09062586060334844,0.09020418384313532,0.09084131939509604,0.09111504581372744,0.09047345849501776,0.08990057751465758,0.08948062194270377,0.09024179124484664,1.0002902115946353,61,32.361111111111114
760.0,0.09333672893950433,0.09291289294325489,0.09116512475282951,0.09062502830673422,0.090211757805462,0.09083588459607587,0.09112733748726386,0.09047789345241285,0.08989849514886858,0.08948237471422459,0.09021708401336047,1.0002905951730718,61,32.361111111111114
761.0,0.09333254541031179,0.0929166927588979,0.09117193530162584,0.09062136599439057,0.09021722843573315,0.09083561787854,0.09113824361599114,0.09048179702660286,0.08989843855960489,0.0894841264906817,0.0901929942661214,1.000290978751584,61,32.361111111111114
762.0,0.09333332372780877,0.09291978250619326,0.09117855023800354,0.09061638094188633,0.090219737163125,0.09083617979410664,0.09114878119619875,0.09048120765657991,0.08989834163912076,0.08949008486731075,0.09016899958644237,1.00029136232985,61,32.361111111111114
763.0,0.09332754240260356,0.09292367304751292,0.09118882975344351,0.09061239190202418,0.09022216579727618,0.09083926096967326,0.09115655453856782,0.09047611611847603,0.08990262840959953,0.08949938804451367,0.09014320191074938,1.000291745907514,61,32.361111111111114
764.0,0.09332347399812295,0.09292678420966238,0.09120093429844849,0.09060458101772191,0.09021865335086363,0.09084706032664962,0.09116362182878861,0.09047136390292257,0.08990760588526016,0.08950912211938532,0.09011893553381033,1.0002921294847082,61,32.361111111111114
765.0,0.0933154150869388,0.09293261745168345,0.09121503228465908,0.09059807048095211,0.09021278839485863,0.09085739887552474,0.09116563257421713,0.09046526817184365,0.08990985854723557,0.08952623289434537,0.09009420528549492,1.0002925130608207,61,32.361111111111114
766.0,0.09330586046984088,0.09293805862852161,0.09122860232700766,0.09059477038237039,0.09020698165111352,0.09087105367810756,0.0911652459244249,0.0904629117828477,0.08991025776356491,0.08953719054538267,0.09007197046969403,1.0002928966359412,61,32.361111111111114
767.0,0.0932962122145417,0.09294256489636825,0.09124501993622372,0.09058894183986935,0.09020013634211003,0.09088222734680057,0.0911593604359344,0.09046027468099162,0.08991471220160721,0.08954978852219404,0.09005404878065273,1.0002932802103568,61,32.361111111111114
768.0,0.09328528781775984,0.09294621772715961,0.09126090870350957,0.0905861417509472,0.09019178117180104,0.09089515411873854,0.09114823419319282,0.09045675918965952,0.08991950767505358,0.08956546747905261,0.09003821094449202,1.0002936637844273,61,32.361111111111114
769.0,0.09327239425345753,0.09295124418276056,0.09127869116799052,0.09058152621476608,0.09018865131581956,0.0909079963502497,0.0911338396705989,0.09044924089659971,0.08992571582072847,0.08958034423779859,0.09002441023472206,1.0002940473585424,61,32.361111111111114
770.0,0.09325962504219473,0.09295188594933615,0.09129957830145655,0.09057829207473034,0.09018215265845214,0.09092336666463754,0.09112040823875504,0.09044020655202016,0.08993451183267906,0.0895944268876065,0.09000998371819564,1.0002944309331228,61,32.361111111111114
771.0,0.09324054485708887,0.09295470129995201,0.09131668137525087,0.09056986775168323,0.09018217605319218,0.09093986121958851,0.09110832980625592,0.09042860722326962,0.08994494223510256,0.0896104604425254,0.08999864923156368,1.0002948145085304,61,32.361111111111114
772.0,0.09321910309664802,0.09295247791258142,0.09133671739139988,0.09056422104078704,0.09018042193191286,0.090955982226585,0.09109570601956507,0.09041372681051786,0.0899601045343356,0.08962982747230903,0.08998691663512078,1.0002951980848123,61,32.361111111111114
773.0,0.09319640382887791,0.09295076840108465,0.09135720212154186,0.09055896830134745,0.09017599290520084,0.09097067747995484,0.09108376545716639,0.09039821507218433,0.08997800229956648,0.08965025093676621,0.08997534184564752,1.0002955816623855,61,32.361111111111114
774.0,0.09316918440564895,0.0929473776162657,0.0913801365374343,0.09055483715051912,0.09017101855698557,0.09098286890030029,0.09107212752912767,0.09037902026158122,0.08999604123062449,0.08967803532443766,0.08996532471541745,1.0002959652413863,61,32.361111111111114
775.0,0.09314460566203427,0.09294358410094607,0.09140514728185317,0.09055052545142808,0.0901685673212375,0.09099092592635093,0.09105883778477884,0.0903613542258208,0.09001557470975048,0.08970062160309952,0.08995661174165157,1.0002963488219931,61,32.361111111111114
776.0,0.09311515280777602,0.09294041732614809,0.09142775508641274,0.09054773271940311,0.09016717133682156,0.09099822771050446,0.09104951447809044,0.09034418543624854,0.09003409109080193,0.08972309244417506,0.08994939895496872,1.0002967324043879,61,32.361111111111114
777.0,0.09308621682320181,0.0929345977262695,0.09144781976948377,0.0905495895481861,0.09016562667026425,0.0910008873493138,0.091044993703412,0.09032364988514355,0.09005460019187723,0.08974179662473525,0.08994734468384058,1.0002971159887666,61,32.361111111111114
778.0,0.093057238914646,0.09292744988631445,0.09146635551206898,0.09055251935520735,0.09016400772488055,0.09099887292216166,0.09103971230845741,0.09031013766852153,0.09007350955679937,0.08975746733158706,0.08995023538143299,1.0002974995751066,61,32.361111111111114
779.0,0.09302623139776552,0.09292279636032087,0.09147960467906197,0.09055481518765718,0.09015952068216668,0.09099290869393013,0.09104159051327988,0.09029723116223655,0.09009344241818332,0.08977302496025749,0.08995672409551843,1.000297883163412,61,32.361111111111114
780.0,0.09299819079370493,0.0929141498013883,0.09148854536679238,0.09056017689595762,0.09015458684593158,0.09098290910158761,0.09104763153745891,0.09028889262421445,0.09011031472696969,0.08979059563134413,0.08996228041492055,1.0002982667532982,61,32.361111111111114
781.0,0.0929682758298465,0.0929045006006754,0.09149698334321056,0.090569593971017,0.09014768820757046,0.0909772826235477,0.09105561826921332,0.09028175473707374,0.09012675971653004,0.0898049854821389,0.08996521455055345,1.0002986503444038,61,32.361111111111114
782.0,0.09294348217339915,0.09289406780002611,0.09150062419568708,0.09057724179595471,0.09014259457293888,0.09096861139220376,0.09106386496396489,0.0902749183230035,0.09014167355595744,0.08982437467233148,0.089967587477839,1.0002990339363298,61,32.361111111111114
783.0,0.09291659769793323,0.09288522823764805,0.09150426619348416,0.09058912153804655,0.09013616527527082,0.0909601879535389,0.09107435033520006,0.09027231039064793,0.09015319444638667,0.08984264537713046,0.08996535706992947,1.0002994175282371,61,32.361111111111114
784.0,0.09289404183046836,0.092875494006228,0.09150816963311434,0.0906003939532828,0.09013259759485234,0.09095213845537017,0.09108030218173647,0.0902721583416126,0.09016524304711919,0.08986235907964148,0.08995690998272624,1.0002998011191722,61,32.361111111111114
785.0,0.09287222814739868,0.09286861491012562,0.09150974811309481,0.0906153697942636,0.09012431434696089,0.09094344877033586,0.09108811175433991,0.09027462279200518,0.09017900455772922,0.0898822049437783,0.08994252356553735,1.0003001847085866,61,32.361111111111114
786.0,0.09284820086045886,0.09285866570269036,0.0915102589759695,0.09063154529434593,0.09011996120917841,0.09093649005386835,0.09109399478754117,0.09027758677761727,0.09019444140558326,0.0899041007060091,0.08992532951001696,1.0003005682962902,61,32.361111111111114
787.0,0.09283155279237294,0.09284774871777587,0.09151373151043087,0.09064282614551526,0.09011451966193887,0.09092825472375904,0.09110038274476662,0.09028326634885554,0.09020929669662736,0.0899183942738976,0.08991098525300527,1.0003009518819577,61,32.361111111111114
788.0,0.09281688362837294,0.09283186093706894,0.0915135046258853,0.09065771488877403,0.09010799269641437,0.0909225335016625,0.09110497457898832,0.09029082740498409,0.09022544336856232,0.08993594008215154,0.08989366674001506,1.0003013354658872,61,32.361111111111114
789.0,0.09280304504698093,0.0928194228890094,0.09151113068196191,0.0906747739614205,0.09009891949305729,0.09091785040898002,0.09110706443015827,0.09029988417378758,0.09024382066820635,0.0899499126078315,0.08987590167370288,1.0003017190481032,61,32.361111111111114
790.0,0.09278976098339234,0.09280802392571319,0.09150472019883028,0.09069321567713444,0.09009077726507594,0.09091248867321775,0.09110942757745404,0.09030934266631072,0.09026040002588885,0.08996544497415022,0.08985850764857992,1.00030210262875,61,32.361111111111114
791.0,0.0927780448155309,0.09279464093071542,0.09149520322040823,0.09071351230330135,0.09008284443863306,0.09090903988083135,0.09111368747830621,0.09032578959778696,0.09027539520588723,0.08997286827992823,0.08984146704385641,1.000302486208191,61,32.361111111111114
792.0,0.0927639390288319,0.09278240788666567,0.09148237247233,0.09072632008056615,0.09008085731668843,0.09090119985918155,0.09111724590638942,0.09034637159194302,0.09029062919924208,0.08998285129219305,0.08982868213927221,1.0003028697862981,61,32.361111111111114
793.0,0.09275511981032454,0.09277139119681688,0.09146587297529873,0.0907392794299403,0.09007738075004293,0.09089576582510416,0.09112175318662548,0.09037292682229305,0.09029981087375041,0.08998742692210174,0.08981653255787944,1.0003032533631733,61,32.361111111111114
794.0,0.09274538603351799,0.09276293767553315,0.09144538673343368,0.09075300750529995,0.09007654446211935,0.09088506982797497,0.09112718215654322,0.09040346306236294,0.09030924894836673,0.08999371893337497,0.0898016985877602,1.0003036369392804,61,32.361111111111114
795.0,0.09273194544350377,0.09275195248526003,0.09142742097136512,0.09076250815061682,0.09008109209827873,0.09087141375774166,0.09113512104358104,0.09043484224775421,0.09031490192267018,0.09000382326319678,0.08978900611807383,1.000304020515027,61,32.361111111111114
796.0,0.09272142999019337,0.09273937525726696,0.09140949290962083,0.09076901968854263,0.0900872629210274,0.09085550944077261,0.09114367200140347,0.09046945744262644,0.09032032402370797,0.09001426386406458,0.08977460353861222,1.000304404090822,61,32.361111111111114
797.0,0.09271500634241119,0.09272802124747839,0.09139326565568738,0.0907732348282243,0.09009081558316082,0.09083627470842101,0.09115793698343096,0.09050181534359061,0.09032433480617941,0.09002753273817879,0.08975655641722567,1.0003047876669744,61,32.361111111111114
798.0,0.09270919317092888,0.09271402859670001,0.09137792327819261,0.09077422008302889,0.09009905505242204,0.09081538400293897,0.09117312030376482,0.09053002798892076,0.09032946708185946,0.09004172653873056,0.08974103213310655,1.000305171243574,61,32.361111111111114
799.0,0.09270474091472225,0.09270046616014345,0.0913660880550556,0.09077525047401827,0.0901040963796681,0.09079521233768585,0.09119244501519203,0.09055615803696708,0.09033944198789139,0.09004941170616357,0.08972225074075599,1.000305554821239,61,32.361111111111114
800.0,0.09270278392088156,0.09268826542059948,0.09135552488840863,0.09077242444933228,0.09010992551732824,0.0907757289163125,0.09121120715846538,0.0905815018782763,0.09034737205563396,0.09005534614115819,0.08970586504082094,1.0003059384001898,61,32.361111111111114
801.0,0.09270134471437487,0.09267556236053665,0.09134653399095094,0.09076609095434586,0.09011515297333095,0.09075684952451588,0.09123047135524487,0.09060663829720615,0.09035766514893206,0.09005948480285657,0.08969053484505297,1.0003063219803192,61,32.361111111111114
802.0,0.09270194646006986,0.09265942776000456,0.09133593121910945,0.09075854151293666,0.09012135490765293,0.09074146557372612,0.09124563736535207,0.09063608522378618,0.09036584803748457,0.09006197457180729,0.08967849991665093,1.0003067055615478,61,32.361111111111114
803.0,0.09269783805732751,0.09264926006707483,0.0913263257478922,0.09074983458937616,0.09012668536839749,0.09072582353911515,0.09125721303108585,0.09067039397940686,0.09037195599101047,0.09006275935612906,0.0896690064041649,1.0003070891439447,61,32.361111111111114
804.0,0.09269326835510652,0.09264014565941156,0.09131585556959386,0.09074235542429111,0.09013392008029451,0.09071194564196798,0.09126383931628654,0.0907067276214871,0.09037506057182731,0.09006035164280829,0.08966400983121728,1.0003074727272567,61,32.361111111111114
805.0,0.09268768064574415,0.09263164934947839,0.09130392382021725,0.0907353465917501,0.09014171758152908,0.09069981677173214,0.09127032915118945,0.09073881377539919,0.09037690192411255,0.09005771288197602,0.08966397080556666,1.000307856311655,61,32.361111111111114
806.0,0.09268493948330331,0.0926245139031199,0.09129017349035318,0.0907247003041471,0.0901497660577457,0.09068919908812989,0.0912750095943144,0.0907701548462408,0.09037948237855475,0.09005337349603566,0.08966693424216773,1.0003082398970722,61,32.361111111111114
807.0,0.09268040988586769,0.09261812857905091,0.09127707114735344,0.09070782037064785,0.09016030123789782,0.09068381534359544,0.09128071635837577,0.09080150967515783,0.09038143934518265,0.09004740451958176,0.08967001400802214,1.0003086234836893,61,32.361111111111114
808.0,0.09267436161461555,0.09261304206961327,0.09126209403384665,0.09068978432749282,0.09017021552790107,0.0906810996896827,0.09128825724916964,0.09082767682474795,0.09038586671502492,0.09003997086775366,0.08967664513878591,1.0003090070715863,61,32.361111111111114
809.0,0.0926655994288332,0.09260720930060184,0.09124904740049324,0.09066867504746322,0.09018024681402453,0.09068620936936174,0.09129463714511198,0.09084827010817179,0.09039201627345989,0.09003169399863103,0.08968579276167615,1.0003093906607778,61,32.361111111111114
810.0,0.0926561001512937,0.09260123239915231,0.09123893831098724,0.09064605840923602,0.09018600699955143,0.09069756957641384,0.09130241379610522,0.09086018191710887,0.09040192754771569,0.09002214759077931,0.08969720453991668,1.0003097742512117,61,32.361111111111114
811.0,0.09264822288700607,0.09259304070853193,0.09122986227862313,0.09062622760713507,0.09019084085101634,0.0907123578251154,0.09130793830420911,0.09086789464984091,0.09041762717197092,0.09000615871574844,0.08970999383085622,1.000310157842998,61,32.361111111111114
812.0,0.0926377644726891,0.09258395991535108,0.09122088670825217,0.09060827550410858,0.09019126998767467,0.09073339904779128,0.09131468682086816,0.09086960467517201,0.09043662431234378,0.08999067704160457,0.08972339992826903,1.000310541427068,61,32.388888888888886
813.0,0.09262899045342378,0.09257579996941313,0.09121310234392954,0.0905909537814844,0.09018501715100061,0.09075602999763518,0.09132482425339762,0.09086650299416003,0.09045986564636509,0.08996754064282635,0.08974230477469836,1.0003109250212725,61,32.361111111111114
814.0,0.09261963190473703,0.0925661571374378,0.09120592091661282,0.09057042908152112,0.09017880948130222,0.0907810125941504,0.09133641953728701,0.0908606304844536,0.0904886045158874,0.08994510384821551,0.08975859609402624,1.0003113086085664,61,32.416666666666664
815.0,0.09261173538605452,0.09255446439438403,0.0912032174657174,0.0905531924320983,0.09017199084927897,0.09080398258775363,0.09135175823872416,0.09085215742185392,0.09051489185937817,0.08991925870227306,0.0897750498472439,1.000311692197693,61,32.416666666666664
816.0,0.09259874764893791,0.09254136141012015,0.09120330993520202,0.09053628547434221,0.09016497477756875,0.09082658778117152,0.09137050151127646,0.09084462125703933,0.09054186635922831,0.08989335905552626,0.08979046756580333,1.0003120757891504,61,32.416666666666664
817.0,0.09258956778817362,0.09252949079193687,0.09119930976511856,0.09052170584230662,0.0901558006383894,0.09084915098177818,0.09139144208422016,0.09083894306896913,0.09056753199021723,0.08986170063561923,0.0898078227834968,1.0003124593831512,61,32.416666666666664
818.0,0.09258061745486894,0.09251638823168351,0.09119849725055376,0.09050816855083058,0.0901484329967046,0.09086429947686385,0.09141066478644475,0.09083896470283663,0.09058605028170297,0.08983225331909483,0.08982851291524903,1.0003128429797625,61,32.416666666666664
819.0,0.09256755861352313,0.09250253250870057,0.0911949487883363,0.09050065191211717,0.09014574615611366,0.09087501291008256,0.09143141851030735,0.09084464052344603,0.09059909233786945,0.08980165377966616,0.08984997752599788,1.0003132265790826,61,32.416666666666664
820.0,0.09255807733116284,0.09248999382109932,0.09118969073700915,0.09049406337731512,0.09014058549668134,0.09088169929741294,0.09145217757262228,0.09085263538015245,0.09061083395589711,0.08977241526797666,0.08987144493069196,1.0003136101809456,61,32.416666666666664
821.0,0.09255125307613814,0.09247703395914449,0.0911816083131748,0.09049204799984631,0.09013778911797388,0.09088838339280896,0.09147229434983462,0.09086195182633473,0.09061504640959084,0.08974428761663004,0.08989230471102395,1.0003139937854226,61,32.416666666666664
822.0,0.09254529747634986,0.09246470300956332,0.09116662109874289,0.09049508727346019,0.09013487091808213,0.09089326143499137,0.09149238934080117,0.09087203977797785,0.09061603985368787,0.08972158561240078,0.08991248858323499,1.0003143773922112,61,32.416666666666664
823.0,0.09254067708285627,0.09245255074038197,0.09114526359659149,0.09050386857545503,0.0901358607401776,0.09089938870626131,0.09150959239989545,0.09088327564814241,0.09061036826665335,0.08970294459279687,0.08993097763908853,1.0003147610012135,61,32.416666666666664
824.0,0.09253892672151334,0.09243837134024005,0.09111407996530553,0.09051927737455541,0.09013834149710134,0.09090944224140197,0.09152382848708493,0.09089579947586358,0.09060220485386865,0.08968942867359166,0.08994545096898938,1.0003151446124272,61,32.416666666666664
825.0,0.09254052867208885,0.09242727151014347,0.09108338616335067,0.09053854104430298,0.09014044592813444,0.09091740263705224,0.09153437272121825,0.09090642027749271,0.09058808970680061,0.08968253696161266,0.08995653959066367,1.0003155282257692,61,32.416666666666664
826.0,0.09254311744766526,0.09241510798026437,0.0910528519707604,0.0905592307833906,0.09014365856073664,0.09092753923954124,0.0915399980925672,0.09091512356559107,0.09057403740277936,0.08968305553398054,0.0899621982512729,1.0003159118414544,61,32.416666666666664
827.0,0.09254598406957311,0.0924011799120224,0.09102307306112968,0.09057950348469498,0.0901466861304566,0.09093968783791286,0.09154406454063177,0.09092152988461624,0.09055984379353897,0.08969321508450427,0.08996153464760553,1.000316295459591,61,32.416666666666664
828.0,0.09254615286782944,0.09238180248003516,0.090997164506444,0.09059487824187282,0.09015420978001919,0.09095414110582956,0.09154993333548679,0.09092249467976246,0.09054679548509759,0.08971158376950744,0.08995752981545002,1.0003166790802358,61,32.416666666666664
829.0,0.09254888377905472,0.09236341356484923,0.0909744853243006,0.09060637884715478,0.09016285880188547,0.09096702489866884,0.09155614478056279,0.0909174484177052,0.09053594313149302,0.08973483575653327,0.08994965238827286,1.0003170627033768,61,32.416666666666664
830.0,0.09255147242955636,0.09234559530745814,0.09095742906623473,0.09061349802002386,0.0901745885428575,0.09097329091052078,0.09156572824416502,0.09090326970071842,0.09052968388786707,0.08976235036236821,0.0899405468608141,1.0003174463454738,61,32.44444444444444
831.0,0.0925509718666778,0.09232534214853642,0.09094306600777013,0.09061646098089628,0.09018804509287498,0.09098372935090634,0.09157795877010576,0.09088428054289535,0.09053037482364674,0.08978916698192392,0.08992844041061238,1.0003178299897382,61,32.44444444444444
832.0,0.09255059552062266,0.09230749964576074,0.09093377870590462,0.09061465626328465,0.09020260521579895,0.09098757771031257,0.09159007554700101,0.0908612766290207,0.09053306033663688,0.08981661974414018,0.08992047530441805,1.0003182136357864,61,32.44444444444444
833.0,0.092549846691609,0.09228858414871594,0.09092519430812913,0.09061069643236093,0.09021945574120578,0.09099209952023463,0.09160627899133844,0.09084009933705431,0.09053508100930953,0.08983670978732117,0.08991455830319857,1.000318597283367,61,32.44444444444444
834.0,0.09254698919393431,0.09226818182741987,0.09091668180490722,0.09060718799262259,0.09023842768590859,0.09099639296195108,0.09161752369649988,0.09081806649679877,0.09053865043909548,0.0898543857474971,0.08991650007223505,1.000318980931755,61,32.44444444444444
835.0,0.09254312083287781,0.09225212723724452,0.09090902071715248,0.09060569491746209,0.09025115266824264,0.09100480017152868,0.09162658428851596,0.0908019806983011,0.09053942411370766,0.08986498880967965,0.0899204771126856,1.0003193645802784,61,32.44444444444444
836.0,0.09253617673465615,0.09223520958428276,0.09089959863516317,0.0906033772364698,0.09026743208108598,0.09101595813393053,0.09163076130157985,0.09079163237499308,0.09053633907214384,0.08986979754635074,0.08993347251456286,1.0003197482280972,61,32.44444444444444
837.0,0.09253493876607854,0.09222292878886133,0.0908865047779929,0.09060102479114537,0.09028164252535169,0.09102458304489734,0.09163193541872634,0.09078711210550125,0.09053257114525093,0.0898663354326974,0.0899505620654188,1.0003201318747996,61,32.44444444444444
838.0,0.09252709421469783,0.09221130162666179,0.09087462008847212,0.09059843804228195,0.09029364014180116,0.09103113216121535,0.09163285549237361,0.09078855224188513,0.09052203286863421,0.08986303891066656,0.08997781671845069,1.0003205155200114,61,32.44444444444444
839.0,0.09251527833612888,0.09220224065981954,0.09086331655485451,0.09059517530732858,0.09030941333210704,0.09103676630072424,0.09163266874810151,0.09079961904070219,0.0905091570485187,0.08985455731465067,0.09000271350757179,1.0003208991633796,61,32.44444444444444
840.0,0.0925059142119975,0.09219806687972701,0.09085051643407273,0.09059531081357496,0.0903275281796193,0.091037765028403,0.09162960079040902,0.09081495151269692,0.09049089499507716,0.08984077128648879,0.09002996966007261,1.0003212828050028,61,32.44444444444444
841.0,0.0924976527340181,0.09218832672960335,0.09083784785084206,0.09059909842060798,0.09034581476090921,0.09103505236888744,0.09162750820955776,0.0908354688549995,0.09046988635446226,0.08982547601924908,0.09005954112905785,1.0003216664450592,61,32.44444444444444
842.0,0.09249005153039154,0.09217826371755584,0.09082953795062193,0.09060486111398908,0.09036178372927785,0.09103217026721339,0.09162235942332847,0.09085599555348714,0.09045027784208706,0.08980664326048515,0.09009011266585557,1.0003220500671544,61,32.416666666666664
843.0,0.09248327591412724,0.09216571059129049,0.0908228795205794,0.09061145067828547,0.09037645742524306,0.09102838977045413,0.09162171698987218,0.0908759602556811,0.09043038283907713,0.08978648170783668,0.09011973498337426,1.0003224336886825,61,32.416666666666664
844.0,0.09247391128218163,0.09215464630957329,0.09081898524522743,0.09061648404435581,0.09039225786959601,0.09102308868424508,0.09161736972754528,0.09089726521176053,0.09040952223805752,0.08976850221680185,0.09015079146753044,1.0003228173097338,61,32.416666666666664
845.0,0.09246698787524765,0.09214244290905813,0.09081967723541907,0.09062500345501022,0.09040192410461857,0.09101430784625357,0.0916140401940273,0.0909197076705578,0.09039176941182119,0.08974876799399686,0.09017857922170427,1.0003232009305654,61,32.416666666666664
846.0,0.09246107238638342,0.0921323651425856,0.090827077429972,0.0906305030099419,0.09040845267844869,0.09100581950217547,0.09160777338966256,0.0909376804900718,0.09037958578138469,0.08972854909128188,0.09020471263652582,1.000323584551282,61,32.416666666666664
847.0,0.09245240820463052,0.09212552963752405,0.09083885984764853,0.09063534572730617,0.09041907396311205,0.09099705285965151,0.09160085158848733,0.09095388567803422,0.09036354765971809,0.08971059946297551,0.09022682053014001,1.000323968172074,61,32.416666666666664
848.0,0.09244133405957987,0.09211799549787528,0.09085634793352708,0.0906431049982481,0.09042636696042407,0.09099040302591156,0.09159468951367285,0.09096453150082523,0.09035194488065967,0.08969131527478857,0.09024632513475285,1.0003243517931113,61,32.416666666666664
849.0,0.09243599768809763,0.09211038168324905,0.0908723590397866,0.09065068052117685,0.09043088271626709,0.09098086335616934,0.09158828671157128,0.09097567348236907,0.09034411356169816,0.08967323185004897,0.09026227179107767,1.0003247354143543,61,32.416666666666664
850.0,0.09243048484935631,0.09210648019394088,0.09088609720397732,0.09065711836573244,0.09043727664151048,0.09097386837440803,0.0915833610293189,0.09098179752460465,0.09033980224251682,0.0896561381119346,0.09027270148602218,1.0003251190361633,61,32.416666666666664
851.0,0.0924269318109856,0.092103713575238,0.09090097502126887,0.09066294829438021,0.09044033049760507,0.09096771018108245,0.09157697347881875,0.0909856308010471,0.09033779276192032,0.08964409186887809,0.09027841135488923,1.0003255026589466,61,32.416666666666664
852.0,0.09242473003813297,0.09210494259684011,0.09091760835176654,0.09066780373656244,0.09044090141059735,0.09096522535359557,0.09156788634916357,0.09098687476693464,0.09033879446368641,0.0896325841752502,0.09027854202749838,1.0003258862828626,61,32.416666666666664
853.0,0.09242553863745932,0.0921088500962939,0.09093042896307761,0.09067599400013045,0.09043950836409176,0.09096286889515252,0.09155970134821292,0.09098685600818582,0.0903430525623346,0.0896193450406237,0.09027413297943418,1.0003262699078315,61,32.416666666666664
854.0,0.09242612549594134,0.0921116072466539,0.09094599651387392,0.09068196993755423,0.09043643298288946,0.09096643925426127,0.09154889230581377,0.09098665196313432,0.09034898967557774,0.08961066605716239,0.09026288908795492,1.000326653533648,61,32.416666666666664
855.0,0.09242682935454676,0.09211245146635552,0.09096198165493857,0.09068864960400654,0.09043541545214985,0.09097379904253695,0.09153797268048357,0.09098513263032887,0.09035184258587357,0.08960428919885144,0.09024868047716982,1.0003270371600677,61,32.416666666666664
856.0,0.0924314721206322,0.09211360661312247,0.09098310233165453,0.09069595800888916,0.09043054271550009,0.09098007701441893,0.09152794350879444,0.09097774126608711,0.09035458814773717,0.08959852813939172,0.09023386790790291,1.0003274207869512,61,32.416666666666664
857.0,0.09243955779620704,0.09211454454441145,0.09100341733652952,0.09070525702385966,0.0904275951819594,0.0909842738859156,0.09151228028887874,0.09097184330778905,0.09035235811441245,0.08959971916032308,0.0902169647610508,1.0003278044141557,61,32.416666666666664
858.0,0.09244588450336773,0.09211598507856317,0.09102537527897192,0.09071886709728001,0.09041769505437668,0.09099222785660939,0.0914998418421032,0.09096585404848866,0.09034962605913702,0.08960042394034594,0.09019641426941098,1.0003281880414727,61,32.416666666666664
859.0,0.09245364035418396,0.0921149017666582,0.09104712032143109,0.09073453828104318,0.09040551303785427,0.09099951841278048,0.09149296879919651,0.09095679741669296,0.09034189597984815,0.0896047412141143,0.09017694307212322,1.000328571668743,61,32.416666666666664
860.0,0.09246103939271925,0.09211342433622184,0.09106985963922014,0.09074920667419399,0.09038990184374572,0.09100678944519647,0.09148654570557395,0.09095003984861738,0.09033355582879056,0.08961254833094859,0.09015605123758558,1.0003289552956254,61,32.416666666666664
861.0,0.09246881729471033,0.09210669175158065,0.09109594185372114,0.09076815705195936,0.0903720883755068,0.09100685659330146,0.09148536860838863,0.09094408657319092,0.09032229106405171,0.08962445991475243,0.09013458682817237,1.0003293389221513,61,32.416666666666664
862.0,0.09247770490229343,0.09210558778363498,0.09111822333692249,0.09078490092958441,0.09035643602220741,0.09100611759493925,0.09148592402999624,0.09093861424376085,0.09031113998902006,0.08963562221950669,0.0901094584837101,1.0003297225483812,61,32.416666666666664
863.0,0.09248637349684359,0.0921091243243421,0.0911400025310364,0.09080252514848007,0.09034074630193874,0.0909988608121907,0.09149123851096753,0.09093125148316272,0.09029978025242588,0.08964812147417808,0.09008208882597878,1.0003301061743497,61,32.416666666666664
864.0,0.09249563215961955,0.09211613601210604,0.09115952560352222,0.09082066231589139,0.09032598255397127,0.09098590781443092,0.09150237804595768,0.0909223249930687,0.09029060904429698,0.08965837013954671,0.09005296810479985,1.000330489800012,61,32.416666666666664
865.0,0.09250661619567913,0.09212593988292929,0.09117752232099886,0.09083809440752928,0.09031357446590503,0.09097057328682276,0.09151346844661805,0.09091126122252954,0.09028055546347544,0.08967123573388587,0.09002203898630788,1.00033087342548,61,32.416666666666664
866.0,0.09251595619646018,0.09213947284257919,0.09119455103760445,0.09085848456271146,0.09030254791315999,0.09094788683525674,0.0915227943268964,0.09090091926158583,0.0902718421761007,0.0896841344165757,0.08999267446895076,1.0003312570506786,61,32.416666666666664
867.0,0.09252233857781529,0.09215325511072893,0.09120835924103705,0.09087832481581498,0.09029386635577992,0.09092656033555273,0.091530794258606,0.09088874094374269,0.09026433137669769,0.0896980697309154,0.08996700691625945,1.000331640675744,61,32.416666666666664
868.0,0.09252591337284677,0.09216980326242594,0.09122062885907317,0.09089463522596988,0.09029183361147806,0.0909059508929882,0.09153373891973034,0.09087689902801509,0.09025977008795101,0.08970826839494479,0.08994458963259032,1.0003320243008065,61,32.416666666666664
869.0,0.09252849608902904,0.09218630937743663,0.09123486155730945,0.09090860421362641,0.09029195619485492,0.09088650526847708,0.0915295105608024,0.09086648383653456,0.09025819871463191,0.0897125098052559,0.08992897929507172,1.0003324079258225,61,32.416666666666664
870.0,0.09252691291637352,0.09220509327687117,0.09125002308982512,0.09091513733025137,0.09029598477575422,0.09087356951223464,0.09151906662427002,0.09085779210923796,0.09025841867308673,0.08971224484112589,0.08991855538907963,1.0003327915508986,61,32.416666666666664
871.0,0.09252568186184051,0.09223037591517001,0.09126070955237457,0.09092093076852875,0.09030709184367783,0.09085848495042699,0.09150311612938401,0.09084952113038218,0.09025437316342988,0.08971050213527351,0.0899123947131041,1.0003331751763767,61,32.416666666666664
872.0,0.09252376782041827,0.0922541953863948,0.09127040028699729,0.09092718733451526,0.09031494907411769,0.09084769403348684,0.09148315813831605,0.09084357039409015,0.09024791310514678,0.08971081591111775,0.0899099143047678,1.00033355880215,61,32.416666666666664
873.0,0.09252017091723364,0.09227963333696777,0.09127872365860741,0.09093263702183878,0.09032176244482232,0.09083667318580675,0.09146131146217068,0.09083796686449576,0.09024197295925844,0.08971818635603704,0.08990491120855655,1.0003339424285767,61,32.416666666666664
874.0,0.09251504699885163,0.09230366271367932,0.09128787344689705,0.09093941498975636,0.09032633710589585,0.09082967725087014,0.09143963792639578,0.09083550030900406,0.09023107628101176,0.08973046759774218,0.08989563842293888,1.0003343260558177,61,32.416666666666664
875.0,0.09251071407689869,0.09232544842894909,0.0912971480548292,0.09094800855502026,0.09032824574907321,0.09082354394231364,0.09141947259882047,0.09083546021816061,0.09021509864462667,0.08975120035733301,0.08988037604530956,1.0003347096841138,61,32.416666666666664
876.0,0.09250775707789911,0.09234367360505787,0.0913101861701116,0.09095534147967017,0.0903289054107441,0.09081672473300553,0.09140059953526819,0.09083317724618771,0.09019998038804673,0.08977356282334684,0.08986519183177881,1.0003350933138888,61,32.416666666666664
877.0,0.0925029857560204,0.09235851277460788,0.09132289563669446,0.09096441133508955,0.09032592862623935,0.0908126030504674,0.09138646855314442,0.09083104975554411,0.0901870069097593,0.0897972093653764,0.08984641217014995,1.0003354769458606,61,32.416666666666664
878.0,0.09249892373971914,0.09237684500368055,0.09133572221952414,0.09096977925760459,0.09032345132109218,0.09080641254517809,0.09137459294264345,0.09082324605192131,0.09017856313548313,0.08981945448214065,0.08982887686870213,1.0003358605804533,61,32.416666666666664
879.0,0.09249797566589876,0.09239075956780059,0.09134723469634316,0.09097705119198365,0.09032127605642311,0.09079734745995967,0.09136482871937442,0.09081233854218576,0.0901746937593092,0.08984017260735164,0.08981257293831997,1.0003362442177137,61,32.416666666666664
880.0,0.09249585576097635,0.09240758508259381,0.0913572568410335,0.09098227493544343,0.090319546776954,0.09078794792201794,0.09135433538185947,0.09080090393310951,0.09017141050447458,0.08985930773676712,0.08980020996954825,1.0003366278575399,61,32.416666666666664
881.0,0.09249945584028578,0.09242533963620192,0.09136346623840452,0.0909856530782918,0.09031993701113367,0.090776459784661,0.09134221036808607,0.09078545092794789,0.0901676420909172,0.08987896579091761,0.08979243772009712,1.000337011499706,61,32.416666666666664
882.0,0.09250287772416739,0.09244361695190827,0.09136689997200591,0.09098875200645487,0.09032160502831263,0.09077012287180625,0.09133044468472211,0.09077204079529119,0.09016373080730009,0.08989690922621085,0.08978040206286375,1.0003373951437973,61,32.416666666666664
883.0,0.09250705469393955,0.09246334440227598,0.09137298048509744,0.0909888322959898,0.0903225738907124,0.09076333040235074,0.09131407126733847,0.09075884927564515,0.09016135025942408,0.08991151780209765,0.08977388100158872,1.000337778789214,61,32.416666666666664
884.0,0.09251209113664678,0.09248262855651138,0.09137760844936245,0.09098464037674875,0.09032375017318901,0.09075988834866325,0.09129568742898028,0.09074453627363122,0.09016069523446442,0.08992266818884152,0.08977397525524092,1.0003381624350294,61,32.416666666666664
885.0,0.0925175699790078,0.09250160157463173,0.09138240603351455,0.09098273755852793,0.09032690992267046,0.0907589917883188,0.0912755901396289,0.09073050286990798,0.09015917310142593,0.08992769631414602,0.08977537378578111,1.0003385460803111,61,32.416666666666664
886.0,0.09252159825679043,0.09251779241577471,0.0913890813593553,0.09097730623505972,0.090330497199651,0.0907608429407369,0.09125634515808034,0.09071814240146474,0.09015646553181329,0.08992865504936023,0.08978221017997469,1.0003389297408067,61,32.44444444444444
887.0,0.0925260589645397,0.09253453302923513,0.0913992628716484,0.09097185182002569,0.09033736046377969,0.09076109995925538,0.09123720164429365,0.09070428720538273,0.09015125673510016,0.08992415152618984,0.08979225616695646,1.000339313399151,61,32.44444444444444
888.0,0.09252920563971516,0.09254351948196456,0.09141435009825842,0.09096182537516198,0.09034227887597539,0.09076013530854889,0.09122104123696187,0.09069576989537852,0.0901443998079049,0.08991906347328096,0.08980811484903187,1.00033969705492,61,32.44444444444444
889.0,0.09253153878266596,0.09255021885111235,0.09143115599962628,0.09095266552562849,0.0903504529237951,0.0907581845789414,0.09120551970979993,0.09068654871519821,0.09013451412065442,0.0899094948843919,0.08982979360354247,1.0003400807080942,61,32.44444444444444
890.0,0.09253185240148518,0.09255590585004372,0.09144722042116189,0.09094269469585062,0.09035791777945695,0.09075767517170229,0.0911895710858007,0.09067875061923554,0.09012423573744499,0.08989908860187841,0.08985555898177501,1.0003404643585687,61,32.44444444444444
891.0,0.09253193822082614,0.09255796197506998,0.0914642950258495,0.09093278144964637,0.09036703883489954,0.09075624827032712,0.09117435354128696,0.09067270470805608,0.09011034562744802,0.08989058997977316,0.08988259736075759,1.0003408480066684,61,32.44444444444444
892.0,0.09253426922345281,0.09256089867957566,0.09147690655946762,0.09092414043714661,0.09037471847907406,0.09075713322373877,0.09116067428470898,0.09066809020118075,0.09009197312764577,0.08988246467587896,0.08990996974838288,1.0003412316529858,61,32.44444444444444
893.0,0.09253648989788207,0.09255961995622448,0.09148872293174691,0.09091601993724613,0.09038338657748278,0.09075935035677128,0.09114626336300612,0.09066369572079543,0.09007595229876256,0.08987526409352148,0.08993685715197962,1.0003416152981448,61,32.44444444444444
894.0,0.09254086430970693,0.09255666941797666,0.09149720941743385,0.09090891879174687,0.0903907406194776,0.09075895312644794,0.09113459003540277,0.09066031539058203,0.09006225996428746,0.08986865720066022,0.0899628276565308,1.000341998942972,61,32.44444444444444
895.0,0.09254963716518336,0.09255221990619986,0.09150370442000959,0.09089987415631479,0.09040004229492528,0.09075944025609055,0.09112509615142984,0.09065577983451543,0.0900511661056529,0.08985837986959153,0.0899870494155446,1.0003423825881765,61,32.44444444444444
896.0,0.0925600974740893,0.09254965295238152,0.09150694346103981,0.09089212863923735,0.09040733169120123,0.0907567412122479,0.0911208321845688,0.09065043470128822,0.09004126879797575,0.08984535020771495,0.09001199189963391,1.0003427662340965,61,32.44444444444444
897.0,0.09257548166112463,0.09254527188612151,0.0915093565802629,0.09088556781422416,0.09041667147863588,0.09075131096224945,0.09111553614989892,0.09064422737116255,0.0900349219610418,0.08983012005783,0.0900346909457306,1.0003431498810027,61,32.44444444444444
898.0,0.0925921987167066,0.09253906515930271,0.0915124584103304,0.09087896648358022,0.09042631437548544,0.09074799896368738,0.09111193604636038,0.09063687526654778,0.09003253083245161,0.08980842825217755,0.09005676800940532,1.0003435335287456,61,32.44444444444444
899.0,0.09261391115575297,0.09253212876416045,0.09151299343516446,0.09087046583850902,0.09043465591496352,0.09073918439704491,0.09111016950166914,0.09063050991854515,0.09003387965611293,0.08978705158997335,0.09007897399222746,1.0003439171768307,61,32.44444444444444
900.0,0.09263341502490328,0.09252817217828258,0.09151774643021927,0.09086414656982271,0.0904393070146132,0.09073084915589241,0.09110629869395555,0.09062301472623266,0.09003683971386654,0.08976054200538085,0.09010397629900554,1.000344300824878,61,32.44444444444444
901.0,0.0926553378020071,0.0925242821005294,0.09152295800232338,0.09085820396694841,0.0904431503051906,0.09072321095556544,0.09110372969118274,0.09061381827024681,0.09003558558452968,0.08973536911951592,0.09012904564528593,1.0003446844560302,61,32.416666666666664
902.0,0.09267050416849723,0.09251830401493502,0.09152943913095024,0.09085756993087978,0.09044504371816413,0.0907174952773117,0.09110581446646487,0.09060350655792881,0.09003535401275797,0.08971193334975221,0.09015011044620994,1.000345068086552,61,32.416666666666664
903.0,0.09269255455621374,0.09250938034432525,0.09153568425052526,0.09085734570150096,0.09044035604478146,0.09071693608946335,0.09110088730039564,0.09059376017495788,0.0900392200459793,0.08968931725134353,0.09017001694405412,1.0003454517162382,61,32.416666666666664
904.0,0.09270500957340812,0.09250404752118943,0.09154271018414291,0.09085597136346764,0.09043722662127242,0.09071667917459884,0.09109730368127221,0.0905868705774015,0.09003989298841185,0.08966823168801054,0.09019189895919442,1.0003458353450696,61,32.416666666666664
905.0,0.09271993862010512,0.09249789977400596,0.09154895903586419,0.09085731150009305,0.09043417748449037,0.09071522624074699,0.09109359218818933,0.09058134004598224,0.09004264501373098,0.08965014221084784,0.09020499384612266,1.000346218972868,61,32.416666666666664
906.0,0.09273130719987306,0.09249467312586125,0.09155309391231738,0.09085804572829355,0.09042740566312964,0.09071852452665459,0.09108735272275795,0.09057763695118898,0.0900472630331926,0.08963645802768463,0.09021484869612552,1.0003466025997674,61,32.416666666666664
907.0,0.09274244035646807,0.0924942375292093,0.09155844317236934,0.09085948964723799,0.09041843644125606,0.09072239040189489,0.09108117805483848,0.09057626642676907,0.09005135051673943,0.08962601792414061,0.09021674274230346,1.0003469862259151,61,32.416666666666664
908.0,0.09275157964554005,0.09249097188091104,0.09156148731534702,0.09086201519078042,0.09041384234195159,0.09072716925203232,0.09107300507769563,0.09058007851900952,0.09005469668637218,0.08961953496559871,0.09021299596363404,1.0003473698515577,61,32.416666666666664
909.0,0.09276132879864431,0.09249161867797663,0.09156399070435997,0.09086668061602271,0.09040592262866742,0.09073466845869783,0.09106316598289163,0.09058539002256412,0.09005798211540439,0.08961143628121385,0.09020557617759158,1.0003477534767165,61,32.416666666666664
910.0,0.09276871498948942,0.09249128442795441,0.09156625071519787,0.09087422016817666,0.09040104036603414,0.09074446508361891,0.09105411373024241,0.0905950769704233,0.09005579233135129,0.0896025196428843,0.09019466566325497,1.0003481371013059,61,32.416666666666664
911.0,0.09277850030865058,0.09249449168752397,0.09156452848659109,0.09088386121066519,0.09039679082640087,0.09075361427604797,0.09104280266333441,0.09060629975576462,0.09005122681886277,0.08959560430031414,0.09018080737856096,1.0003485207253968,61,32.416666666666664
912.0,0.09278561575513802,0.0924998284547041,0.0915614098124383,0.09089637111639647,0.09039360418462293,0.09076083262344327,0.09103008575695833,0.09061574824674268,0.09004039584408059,0.08959484586277983,0.09017017367906321,1.0003489043490403,61,32.416666666666664
913.0,0.09279417592627179,0.09251064939543752,0.09156064424393047,0.09090504667748106,0.09038591854917609,0.09076752598723223,0.09101875973847318,0.09063017586254869,0.09003057103777116,0.08959275896386554,0.09015306857755359,1.0003492879724116,61,32.416666666666664
914.0,0.09280112612005846,0.09251888209186336,0.0915587038998309,0.09091358949058828,0.0903795930873292,0.09077175866740193,0.09101182658368846,0.09064273941039558,0.09002115280098744,0.08959378372217283,0.09013652270902535,1.0003496715960107,61,32.416666666666664
915.0,0.09280896840328398,0.09252836946711761,0.09155741600358573,0.0909248596071119,0.09036997798681408,0.09077532957687869,0.09100358568648965,0.09065184740621103,0.09001424153265639,0.08959628772969001,0.09011917880757049,1.0003500552200737,61,32.416666666666664
916.0,0.09281326368086161,0.09253758892106535,0.09155741970406468,0.09093674741451849,0.09036123214050755,0.09077902561092842,0.09100042186961683,0.0906583997994877,0.09000502008875418,0.08959766730681795,0.0901036592952506,1.0003504388445363,61,32.416666666666664
917.0,0.09281622672797006,0.0925461436254227,0.09156009506718563,0.0909446610376901,0.09034953157079725,0.09078683057933437,0.09099671780904742,0.09066125356201579,0.0899990182583965,0.08960107118554966,0.09008928003334511,1.0003508224694135,61,32.416666666666664
918.0,0.09281817129923205,0.09255372419073811,0.09156322005410857,0.09095088223116263,0.09033590582684918,0.09079791667978919,0.09099436136700605,0.09065995948787445,0.08999638698001655,0.08960140451237923,0.09007928045265746,1.000351206094472,61,32.416666666666664
919.0,0.09281900435004199,0.09256152994729443,0.09156765434089359,0.09095465563325035,0.09032313742501469,0.0908115081653681,0.09099693967372903,0.09065501645353959,0.08999327471762926,0.08960325883668661,0.09006561716390976,1.0003515897200148,61,32.416666666666664
920.0,0.0928214739778601,0.09256875517359196,0.09157228415400194,0.09095515250633611,0.0903134071915706,0.09082647535917938,0.09099905497597725,0.09064565114538836,0.0899926474035612,0.08960274201013248,0.09005433643577843,1.0003519733460302,61,32.416666666666664
921.0,0.09282625573142901,0.09257364152206388,0.09157396327060648,0.09095495366520943,0.09030188147584624,0.0908458653076332,0.09100278861334489,0.09063796957818362,0.0899887810040219,0.08960081975618821,0.09004544403547841,1.000352356972652,61,32.416666666666664
922.0,0.09282456957213726,0.09257982459135587,0.09157565864807074,0.0909580813069124,0.09029383143731652,0.09086351514511816,0.09100700997374322,0.09062904189497004,0.08998369077251675,0.08959831683152117,0.09003920741342855,1.0003527405997386,61,32.416666666666664
923.0,0.09282060166621207,0.09258974632208035,0.09157540551568769,0.09095873582333482,0.0902817293194187,0.09088036606615596,0.09101032543377514,0.09062570154106352,0.08998198012507662,0.08959685143167054,0.0900316879700803,1.000353124227202,61,32.416666666666664
924.0,0.0928127866718028,0.09259878268234398,0.09157639330579719,0.09096216301824593,0.09027331147240315,0.09089710967937892,0.09101303610582037,0.09062249219928774,0.08997735105875332,0.08959603152713899,0.09002405712130414,1.0003535078549177,61,32.416666666666664
925.0,0.09280304872535657,0.09260961471269427,0.09157630355568006,0.09096607964522982,0.09026763629085419,0.09090668095493531,0.0910197979399921,0.0906246217183774,0.08996816831885954,0.08959571907349055,0.09001622753485268,1.0003538914829608,61,32.416666666666664
926.0,0.09279068395107126,0.09261989884138552,0.09157505020661032,0.09097079779542558,0.09026118361974349,0.09091476926156047,0.09102504046681721,0.09063307709662094,0.08995760957994141,0.08960057029420622,0.09000560098503167,1.0003542751110497,61,32.416666666666664
927.0,0.09277428758853805,0.09263043833147243,0.09157328983246224,0.09097449950669667,0.09025758020220626,0.09091929800291361,0.09103207733273823,0.09064182377523172,0.0899530990222811,0.08960484081828124,0.0899934313136598,1.0003546587391106,61,32.416666666666664
928.0,0.09275659121134155,0.09264408189964511,0.09157101543867639,0.09097858031280283,0.09025647797065288,0.0909227621892456,0.09103751133857636,0.09065109283780703,0.08994279700244079,0.08961152859742065,0.08998261055570109,1.0003550423669447,61,32.416666666666664
929.0,0.09273522068135474,0.09265430175269056,0.09156963340705185,0.09097926432420723,0.09025822385388226,0.09092506399389672,0.09104293686252782,0.09065942468002512,0.08994194640829682,0.0896206550321226,0.08996876198578263,1.0003554259944707,61,32.416666666666664
930.0,0.09271177511569641,0.09266686320020977,0.09156902483338751,0.09097715018081791,0.09026257803770206,0.09092679704178896,0.09105255796047461,0.09066611347725709,0.08994006423789908,0.08962832606445134,0.08995456645931316,1.0003558096216272,61,32.416666666666664
931.0,0.09268585022406285,0.09267817898455714,0.09156876601645593,0.09097209757623866,0.09027202303356253,0.09092617812345413,0.09106075931103601,0.09067229333269718,0.08994276538571816,0.08963731453496716,0.08993997371325546,1.0003561932486258,61,32.416666666666664
932.0,0.09266085529131589,0.09268889270630098,0.09156857849515018,0.09096010896786207,0.09028310802681747,0.09092762987822388,0.09107127547685487,0.09067702940974658,0.08995017535370774,0.08964390289713212,0.08992502735954526,1.000356576875277,61,32.416666666666664
933.0,0.09263401631654201,0.09269642577955088,0.0915726852977682,0.09094768270585041,0.09029316599781893,0.09093028437755869,0.09108284051352616,0.0906765580214217,0.08996036954960288,0.08965065346211253,0.08991228546754113,1.0003569605019142,61,32.416666666666664
934.0,0.09261029699633992,0.092700213893255,0.09157420089123258,0.09093666653523051,0.09030314949873261,0.09093062073743483,0.09109576266739054,0.09067579540623699,0.08997230116696907,0.0896592624433245,0.08989908087976656,1.0003573441285256,61,32.416666666666664
935.0,0.09258735949673094,0.09269917982720735,0.09157778775723498,0.09092429460701634,0.09031432445858714,0.09093112151275681,0.09110901112599674,0.09067398457568329,0.08998426565472091,0.08966769875561381,0.08988870697099965,1.0003577277551636,61,32.416666666666664
936.0,0.09256304712823647,0.09269797976140655,0.09158100009230051,0.09091001410705163,0.09032615786699684,0.09093140480539269,0.09112495422661754,0.09066962780121061,0.08999963755688338,0.08967664458006955,0.0898776504434538,1.0003581113822297,61,32.416666666666664
937.0,0.09254071286060002,0.09269101198438597,0.09158394145941612,0.09089274216814892,0.09034290947058639,0.09092929136114004,0.09113960100834494,0.09066513199927559,0.09001580096228075,0.0896879880321922,0.0898693706910949,1.0003584950100723,61,32.416666666666664
938.0,0.09252715441983404,0.0926833508736587,0.09158447140973155,0.09087707797314838,0.09035838497562247,0.09092397081827724,0.09115121179844417,0.09065986374867871,0.0900305967294893,0.08969923124033904,0.08986357163936771,1.0003588786391977,61,32.416666666666664
939.0,0.09251030379870237,0.09267030514044895,0.09158661786450153,0.09086636781650122,0.09037399907621405,0.09091518657842262,0.09116374548583597,0.09065844640583025,0.09004772971963186,0.08970712299103467,0.08985944438030728,1.0003592622700388,61,32.416666666666664
940.0,0.09249492564209683,0.09265763283564526,0.09158644180757164,0.09086109882529589,0.09039001237043277,0.09090730452666815,0.09117176725684664,0.0906620975707836,0.09005933132239476,0.08971371428232262,0.089855326450414,1.0003596459030744,61,32.416666666666664
941.0,0.09248395168234712,0.0926442676543418,0.09158401718553026,0.09085827065499989,0.09040498803513686,0.09089568570381572,0.09117672859750972,0.0906667499934306,0.09006986395096067,0.0897197988963022,0.08985571417150852,1.0003600295384774,61,32.416666666666664
942.0,0.0924702823316638,0.09262746668315106,0.09157897688984237,0.09085820639950297,0.09042087148155759,0.09088944471999279,0.0911779073226677,0.09067457203924853,0.09007811441113674,0.08972296992322538,0.08986160796206555,1.0003604131766455,61,32.416666666666664
943.0,0.09245728287426623,0.09261334132230878,0.09157115121028297,0.09086456857791742,0.09043260733978939,0.09088486316705692,0.09117559477821811,0.09068008418102948,0.09008587986506653,0.08972318352535184,0.08987224696363134,1.000360796817511,61,32.416666666666664
944.0,0.09243910322495959,0.09260182262355991,0.09156143821126257,0.0908738314694628,0.0904430354843345,0.0908829240961139,0.09117271254590378,0.09068568877210531,0.0900928810314284,0.08971953454194234,0.08988821546379541,1.0003611804774575,61,32.44444444444444
945.0,0.09242632955127128,0.09259188582729737,0.09154766469729386,0.09088911651373026,0.09044342132877105,0.09088233724251829,0.09117015630893248,0.09068747302313111,0.09010500145265311,0.08971077904989395,0.08990740611463334,1.0003615641227124,61,32.416666666666664
946.0,0.0924126564791915,0.09258380768360532,0.09153133058900838,0.09090282033331229,0.09044518228920367,0.09088361771896354,0.09116290561469031,0.09068986667861594,0.09011339001022499,0.08970161331170598,0.08993476404809442,1.0003619477691994,61,32.416666666666664
947.0,0.0924026707918128,0.09257652786166194,0.09150882803688515,0.0909199848113996,0.0904472685108767,0.09088824134544221,0.09115313781802385,0.09069173583911572,0.09012472705509243,0.08968830619987243,0.08996091013395785,1.0003623314167192,61,32.416666666666664
948.0,0.09239567872108975,0.09257021589109043,0.09148899601481521,0.09093693240125063,0.09044802966702296,0.09089303437244538,0.09114092236020817,0.09069258735894023,0.09013497694860671,0.08967289321053373,0.08998845510674226,1.000362715065322,61,32.416666666666664
949.0,0.09238884739285269,0.09256134044012018,0.09146831764681572,0.09095342383314359,0.09044854735844549,0.09089956219245778,0.09112634027247922,0.09069563266097065,0.09014841346861653,0.08965894290882816,0.09001373752756782,1.0003630987148708,61,32.416666666666664
950.0,0.09238420794667292,0.09255285072654915,0.09144757068785736,0.09096847562905375,0.09044860006344838,0.0909042272606204,0.091112498402032,0.09069558983179199,0.09017057766640472,0.08964566894786183,0.09003322218996916,1.0003634823648326,61,32.416666666666664
951.0,0.09238531432968768,0.09254558510656567,0.0914288552713274,0.09098344535600486,0.09045269590811336,0.0909043207449791,0.09109228726208736,0.0906952827740626,0.09019166454936277,0.08963320343606622,0.09005121826409282,1.000363866014918,61,32.416666666666664
952.0,0.09238925832973262,0.09253476258040556,0.09141146293215656,0.0909942383450297,0.09045967696285376,0.09090355532569823,0.09107372697062055,0.0906961351065817,0.09021324385111641,0.08962495098299815,0.09006324526502388,1.0003642496647862,61,32.416666666666664
953.0,0.09239668893642539,0.09252100211934011,0.09139516670540482,0.09100194809279782,0.09046802061435347,0.09090396227187403,0.09105309363378622,0.09069867596812053,0.09023224759341171,0.08962250620499487,0.09007132816132006,1.0003646333143947,61,32.416666666666664
954.0,0.092406416661839,0.09250836493531164,0.09137991584152236,0.09100595658955334,0.09047528946300668,0.09090054391200142,0.09103825520738736,0.09070040456598337,0.09025440477757683,0.08962140300137966,0.09007406899537354,1.0003650169634954,61,32.416666666666664
955.0,0.0924111524236444,0.09249297626719677,0.09136428483140129,0.09101167698076391,0.09048298368980802,0.09089688144253237,0.09102675007973232,0.09070354248616819,0.09027550136932548,0.0896288909483792,0.0900707670802815,1.000365400611794,61,32.416666666666664
956.0,0.09241748028856092,0.09247731792726237,0.09134762786446662,0.09101436883571332,0.09048725704194321,0.09089481885469684,0.09101555375136633,0.09071237976690344,0.09029225433328601,0.08963679665951339,0.09006993592259678,1.0003657842588676,61,32.416666666666664
957.0,0.09242520656992595,0.09246545729196495,0.0913276953772078,0.09101977704381538,0.0904892489157481,0.09089575814276607,0.09100388649599023,0.09072248449623224,0.09030625566132985,0.08964464489234952,0.09006576000488965,1.0003661679047722,61,32.416666666666664
958.0,0.09242987445530486,0.09244944340247768,0.09131208448516927,0.09102764906978442,0.0904938196575075,0.09089519327564373,0.0909944399372651,0.0907375541209274,0.09031620829033174,0.08965296375444026,0.09005732808860452,1.0003665515500049,61,32.416666666666664
959.0,0.09243615402081694,0.09243834717008462,0.09129242642496373,0.09103380266516291,0.0904972421049791,0.09089479784102845,0.09098634044140898,0.09074985351668671,0.09032201009529087,0.08965798177122611,0.09005798613044994,1.0003669351946447,61,32.416666666666664
960.0,0.09244471542958117,0.09242999688065728,0.091270937293898,0.09104050242989947,0.09049595351936746,0.09089309517715478,0.09098232611705433,0.0907618412982984,0.09032785352980903,0.08966013397859612,0.09005997017219584,1.000367318839055,61,32.416666666666664
961.0,0.0924527557995432,0.09241783106270997,0.0912550389729784,0.0910478792532817,0.09049357121977071,0.09088957863286068,0.09098205162041072,0.09077115705618226,0.09033638559486643,0.08965846099109813,0.09006299926732997,1.0003677024835747,61,32.416666666666664
962.0,0.09245826075018161,0.09240697156507581,0.0912395984232422,0.0910515642289274,0.09048993664288073,0.09088378373281229,0.09098727180861449,0.09077834353418893,0.09034378359454073,0.08965932906175918,0.09006924977357882,1.000368086128343,61,32.416666666666664
963.0,0.09246738711890945,0.09239691772632,0.09122826780010354,0.09104939162615666,0.0904894600229711,0.09087693451958441,0.09099332821960054,0.09078339196868279,0.09035797329003936,0.08965346158055117,0.0900719628879892,1.0003684697734458,61,32.416666666666664
964.0,0.09247754486804477,0.09238530320268525,0.09122242416502432,0.0910439762327986,0.09048946433994838,0.0908691232129302,0.09100605906077781,0.0907846472185152,0.09037105356601068,0.08964724431140787,0.09007202022818563,1.0003688534188646,61,32.416666666666664
965.0,0.09248571795455945,0.09237779376041083,0.09121854633689727,0.0910347434962394,0.09049108853202052,0.0908612054997994,0.09101902735308731,0.09078233249684782,0.0903850033739483,0.08964438682375497,0.09006939842473896,1.0003692370648378,61,32.416666666666664
966.0,0.09250056598345367,0.09236740557302038,0.09121898385768507,0.09101888045905303,0.09049655231370726,0.09085076597519452,0.09103319988773782,0.09077768504049302,0.09039680686372757,0.0896437990396653,0.09006498270510747,1.0003696207113748,61,32.416666666666664
967.0,0.09251172238015418,0.09236084071510604,0.09122039999399369,0.09100100293185046,0.09050608287491282,0.09083848661260094,0.09104772632585058,0.09077229885216673,0.09040316737528672,0.08964814344800487,0.0900601398362123,1.0003700043586667,61,32.416666666666664
968.0,0.092527744444252,0.09235037196160092,0.09122077051299225,0.09097895140626215,0.09052094248798023,0.09082509778830408,0.09106277914024062,0.09076655662728443,0.09040599003878194,0.08966124675197604,0.09004994383465821,1.000370388006857,61,32.416666666666664
969.0,0.09253801531556967,0.09234217093050535,0.09122110341271931,0.09095569059935427,0.09053844718270837,0.09081241309419386,0.09107625201803757,0.09076052184885644,0.09040236537065785,0.08968685145083082,0.09003694741994038,1.0003707716558945,61,32.416666666666664
970.0,0.0925491141778696,0.09233520965819597,0.09122293661835346,0.09093132835266131,0.0905564962755154,0.09080171501869985,0.09108966412919524,0.09075413811688324,0.09039013764542758,0.08971768529209041,0.09002273700846655,1.0003711553058778,61,32.416666666666664
971.0,0.09255269991160338,0.09233285564834469,0.09122068594801774,0.09091094670552241,0.09057244700656303,0.09079312730800833,0.09110119717851206,0.09074990983526249,0.09037615378122167,0.08975259368283987,0.09000892893829789,1.0003715389567125,61,32.416666666666664
972.0,0.0925546577044914,0.09233121326631169,0.09121562690423131,0.09089062505658288,0.09058322937802323,0.0907873969369972,0.09111359387772665,0.09074730610798488,0.09036170910350844,0.08978926632656309,0.08999730493347106,1.000371922608407,61,32.416666666666664
973.0,0.09255320351090959,0.09233350995106333,0.09121045090237254,0.09087095112359957,0.09058962735449894,0.09078585202669923,0.09112412962368234,0.09074540572655358,0.09034420572422097,0.08982388006612085,0.08999109723906003,1.000372306261291,61,32.416666666666664
974.0,0.09255101667033133,0.0923387498117306,0.09120067235538658,0.0908530763637469,0.09059532701018443,0.09078790249993818,0.09113427444259378,0.09074394390525746,0.0903281466227306,0.08985488778442036,0.08998469943704009,1.0003726899158651,61,32.416666666666664
975.0,0.09255166829448264,0.09233949744033337,0.09119149034276793,0.09083451930727912,0.09059995401015414,0.09079355270750653,0.09114258941675064,0.09074236258350271,0.09031279066089228,0.08988551323962712,0.08997914255629115,1.0003730735720902,61,32.416666666666664
976.0,0.09254815509353838,0.09234355736744573,0.0911782877597238,0.09081839286578912,0.09059866068308481,0.09080178457963518,0.09114661736891715,0.0907423943664334,0.09030149167865067,0.08991389832592496,0.08998022412830743,1.000373457229953,61,32.416666666666664
977.0,0.09254679359236793,0.09234723743507696,0.09117187145543752,0.09080163415863275,0.09059480917109691,0.090808679779749,0.09115568085965695,0.09074398175566363,0.0902907092841767,0.08993240875677938,0.08998004162796158,1.0003738408890985,61,32.416666666666664
978.0,0.09255118939916177,0.09234999987756835,0.09116858502627628,0.0907855329697801,0.09058708373490858,0.09081569903375908,0.09116236041388776,0.0907451774656134,0.09028010497112815,0.08994326837928329,0.08998523026497579,1.000374224548842,61,32.416666666666664
979.0,0.09255088370011325,0.09234936528613566,0.09117236818690984,0.09076745558590696,0.09057736272149916,0.09082527116942539,0.09116920198988494,0.0907494479015438,0.09027186126240083,0.08995067779923108,0.08999071959346203,1.0003746082090068,61,32.416666666666664
980.0,0.09255696323588478,0.09234646142793883,0.0911762196165379,0.09075198069834439,0.09056146525466077,0.09083272613944454,0.09118010486524362,0.09075329498315732,0.09026584606585394,0.08995551366592024,0.08999442290349514,1.000374991868981,61,32.416666666666664
981.0,0.09255738936499985,0.09234736286245288,0.09118199589808824,0.09073904234828419,0.09054402813250885,0.09084035653430915,0.09119207303035602,0.09075488015401983,0.09025674335940749,0.08995835363493176,0.09000315719632215,1.000375375528171,61,32.416666666666664
982.0,0.09256057659718304,0.09234921242402638,0.09119053147305343,0.09072615074180437,0.09052542225070344,0.09084563887947726,0.091207518500142,0.09075838179690615,0.09024412722060073,0.0899557088621389,0.09001249742773217,1.0003757591862563,61,32.416666666666664
983.0,0.09256726635970611,0.09234774834992708,0.09120266285951303,0.09071303021109046,0.09050606329524864,0.09085626664577683,0.09122394979961197,0.09075729929359207,0.09023072918192442,0.08995107701220643,0.09002005682197982,1.000376142843062,61,32.416666666666664
984.0,0.09256901669616699,0.09234676070563419,0.09121369124986974,0.09070576466589944,0.09048721700557472,0.09086474205098757,0.09123845104903389,0.09076278042336693,0.09021835204354281,0.08993937459597691,0.09003038300028525,1.000376526498821,61,32.416666666666664
985.0,0.09257696182713715,0.09235014837726574,0.09122008348771059,0.09069999239291691,0.09046313127484107,0.09087373959306862,0.09125649154719222,0.09076414976459589,0.09020446096707335,0.08993294396449593,0.09003481394489342,1.0003769101536677,61,32.416666666666664
986.0,0.09258294900888299,0.09235328165615653,0.09122343364172575,0.09069757229549169,0.09043821781054319,0.0908843655003368,0.09127213357556584,0.0907632543924639,0.09019441140573907,0.08992102323583656,0.09004665827256293,1.000377293807785,61,32.416666666666664
987.0,0.0925895416917853,0.09236066875781887,0.0912249750762242,0.09069786491936584,0.09041231555261338,0.09089839440913638,0.09128412253343059,0.09075881113077028,0.09018834849214746,0.0899060330690233,0.09005660881712306,1.0003776774619124,61,32.416666666666664
988.0,0.09259715114270022,0.0923637116589818,0.09122395246700657,0.09070225983022909,0.09038711456958193,0.09091109243890566,0.09129382237768797,0.0907547240780867,0.09018562386820214,0.08988823908477787,0.09007037658783726,1.0003780611164665,61,32.416666666666664
989.0,0.09260530332204091,0.09236791743957433,0.09122098423227572,0.09071074127250328,0.09036262240764123,0.09093028214491566,0.0912994668581933,0.09075159233790162,0.09018242276297843,0.08987060009119845,0.09007651889032946,1.0003784447720196,61,32.416666666666664
990.0,0.09261570651270626,0.09237021006767561,0.09121477608776199,0.09071886966752912,0.0903375881629186,0.0909477057175395,0.09130411575951944,0.0907513531861918,0.09018299692682141,0.08985628962564318,0.0900792237020984,1.0003788284288706,61,32.416666666666664
991.0,0.09262827034692712,0.09237349986958836,0.09120674339313864,0.09072624593454662,0.09031493952518868,0.09096294381063977,0.0913081415349028,0.09075361675829331,0.09018477135238699,0.08984315729016278,0.09007688925884272,1.0003792120870818,61,32.416666666666664
992.0,0.0926377655079333,0.09237711971578207,0.09119814960810621,0.09073160027450447,0.09029097580770236,0.09097857345306463,0.091310659907177,0.0907578814033252,0.09018790265420373,0.08983555272450508,0.09007342167765706,1.0003795957464228,61,32.416666666666664
993.0,0.09264692746311066,0.09238219430482844,0.09118837504801186,0.09073648772120348,0.09027183917900071,0.0909928713738104,0.09131281511923316,0.0907591408654441,0.09019236661450276,0.0898341690828701,0.09006279962254252,1.0003799794070172,61,32.416666666666664
994.0,0.09265628050761072,0.09238374202235229,0.09118359882258768,0.09074063197609956,0.09025290256049312,0.09100359617578699,0.09131365911214041,0.09076899209083679,0.09019448778823788,0.08983685381577704,0.09004562518442304,1.0003803630688082,61,32.416666666666664
995.0,0.0926648248233133,0.09238615210002452,0.09117827209415855,0.09074730381951776,0.09023699105515776,0.09101063119621866,0.09131598556749342,0.09077929319311655,0.09019408122593679,0.08983916325514422,0.09002805538925125,1.0003807467317853,61,32.416666666666664
996.0,0.0926731762632761,0.09238885813534928,0.09117497076172523,0.09075107021195507,0.09022744224330084,0.09101317713424834,0.0913146587582795,0.09078793918427482,0.09019248672526024,0.08985183250385025,0.09000552546166359,1.0003811303956278,61,32.416666666666664
997.0,0.09267952241649229,0.09239020438328605,0.09117336181971233,0.09075098783131401,0.09022266711476155,0.09101194200398108,0.09131278648128942,0.09079738679922851,0.09019707137199691,0.08985489802599277,0.08999069279958125,1.0003815140600787,61,32.416666666666664
998.0,0.0926842980878981,0.09239290066073101,0.09117221828315895,0.09075332797900545,0.09022417979582073,0.09100580267615149,0.09131258357650361,0.09080723824558745,0.09020090208794108,0.08985525649427162,0.08997319682510896,1.0003818977246222,61,32.416666666666664
999.0,0.0926883488122676,0.0923945620776993,0.09117278295263788,0.0907543058307105,0.0902250424562605,0.09100219371141423,0.09131255216805119,0.09081455122669103,0.09020579565772309,0.08985325520854799,0.08995889827440294,1.0003822813888512,61,32.416666666666664
1000.0,0.09268776108090787,0.09239506917392601,0.09117153772236035,0.09075662725444457,0.09023397930583572,0.09099412834291985,0.09131110109548211,0.0908194232835454,0.09021013508885314,0.08985260557571215,0.08995030411612369,1.0003826650525507,61,32.416666666666664
