time_fs,population_site_1,population_site_2,population_site_3,population_site_4,population_site_5,population_site_6,population_site_7,trace,max_rank,mean_rank
0.0,1.0000000046000004,0.0,0.0,0.0,0.0,0.0,0.0,1.0000000045377984,1,1.0
1.0,0.9887366055305647,0.005610836425918486,1.4827096312701416e-5,7.008039360687886e-6,7.007984524020284e-6,1.4780701464905324e-5,0.00560894120756039,1.0000000069235042,10,7.541666666666667
2.0,0.9560571609616191,0.021840201770993356,0.00011334801624396864,-6.728422486247633e-6,-6.7334304858698394e-6,0.00011317046729162638,0.021889589999455818,1.00000000930043,10,7.541666666666667
3.0,0.9053204980209477,0.04677453516867663,0.0005388947948264287,-2.904597144023001e-5,-2.8931239513181953e-5,0.0005570634263179882,0.04686699751422391,1.0000000116518382,11,7.708333333333333
4.0,0.8413546058468774,0.07774632970572944,0.00156481837094898,-0.00015782856147011817,-0.00015728640418392835,0.0016054802476332655,0.07804389483425694,1.0000000139775913,13,8.583333333333334
5.0,0.7700223304328885,0.11104511274738495,0.003880086917568503,-0.00010896416380747156,-0.00010664814847671824,0.003983821563516667,0.11128427699466327,1.000000016281536,16,9.625
6.0,0.6971649637975004,0.1433647131485168,0.007733961413183518,1.756425185116428e-5,2.1128259588813354e-5,0.00770018143598971,0.14399750631979436,1.000000018564224,16,9.75
7.0,0.6284834688743719,0.17236651210234727,0.0129262461038566,0.0003304879542352596,0.00034174805143009386,0.013302828096987693,0.17224872971166602,1.0000000208326936,17,10.875
8.0,0.5685385828302909,0.1944942165981848,0.020176433650054684,0.0008152200565051617,0.0008466624990514795,0.020783732422482395,0.19434517509761223,1.0000000230919797,21,12.25
9.0,0.5207120502351907,0.2088709085982981,0.028750471981938506,0.0017408206277155366,0.001790971693097211,0.029483472052843386,0.20865133021745905,1.0000000253443406,23,13.375
10.0,0.487083257829842,0.21550915488402878,0.03764258097934317,0.003120557679392698,0.0031942861818432945,0.038402438058413355,0.21504775204242244,1.0000000275930834,24,13.958333333333334
11.0,0.46760380178807676,0.2150713695347038,0.046131646279634134,0.004785167463170914,0.004895713440660933,0.04743954415252083,0.21407278724550732,1.000000029842072,26,14.291666666666666
12.0,0.4603545946364427,0.2097821397473095,0.05307310985390891,0.006585795226885191,0.006744599098325403,0.055488635537206954,0.2079711580562678,1.0000000320941451,27,14.958333333333334
13.0,0.46206309551280617,0.20147412976123447,0.05796539681199144,0.009260156453755964,0.009454413058588223,0.06052866031925359,0.19925418249825824,1.0000000343536868,28,15.791666666666666
14.0,0.46834769610862376,0.19315592267170723,0.059913074388817045,0.012262301956715344,0.012512096037544681,0.06300088543149107,0.19080806009128054,1.0000000366239765,29,16.583333333333332
15.0,0.4745942072669772,0.18691359306585262,0.059259785156432494,0.015506105382179612,0.015992092555397797,0.06261976228125403,0.18511449326269477,1.0000000389085886,31,17.333333333333332
16.0,0.47504437536869915,0.1847131787242926,0.0572370342475819,0.019265321389855643,0.01995402197122201,0.05996644599974052,0.183819663573914,1.0000000412131027,34,18.916666666666668
17.0,0.46698143090262484,0.18832031737879132,0.054526306846722696,0.022267076486181855,0.02361803412395466,0.05644317514951952,0.1878437027150889,1.0000000435406806,38,20.666666666666668
18.0,0.4482561320010902,0.1970176648710431,0.052729861169311464,0.024735706044910804,0.02667740397077626,0.053539354116214695,0.19704392377731458,1.0000000458884606,41,21.458333333333332
19.0,0.41828038777802523,0.21015820650581432,0.05275764324906482,0.026365631429559482,0.02899623843528082,0.052355786040307266,0.2110861548823548,1.0000000482582057,45,22.125
20.0,0.37819334106132035,0.2266570053108393,0.055645688114406754,0.026791180197677778,0.030321148979924464,0.0539970107422459,0.22839467630174803,1.000000050645958,46,22.458333333333332
21.0,0.33122941187797195,0.24413381309245533,0.06169823544497779,0.02650001065978344,0.030780297609525224,0.058994900782550465,0.24666338364396329,1.0000000530490232,48,24.041666666666668
22.0,0.2815458459932378,0.2600474523581157,0.07107398138662467,0.02576706043206915,0.030588894583824574,0.06772381959979164,0.263253001181879,1.000000055473341,52,26.25
23.0,0.23335660578947287,0.2721950772464492,0.08346079722993878,0.025063450233186794,0.03036695531781271,0.07971236622615632,0.2758448059249639,1.0000000579057775,53,26.708333333333332
24.0,0.1911707865150622,0.2785447396445392,0.09817665288959238,0.02498071213730143,0.03071492330346802,0.09424667803164008,0.28216556788334063,1.0000000603427404,55,27.125
25.0,0.15773279853212788,0.27800943935312095,0.1144008249521715,0.02606469593591073,0.032014229621223,0.11058120150495412,0.28119687294447887,1.0000000627817862,57,27.625
26.0,0.1349956728969917,0.2704642939157859,0.130590055667847,0.028865411212012894,0.034917592972122526,0.12714536366952509,0.2730216749482356,1.000000065220318,58,27.875
27.0,0.12282096984813518,0.25661321084564287,0.14577086944985848,0.03388212252839772,0.03980780743056703,0.14271504244829672,0.25839004516821795,1.000000067656916,59,28.458333333333332
28.0,0.11995531967739445,0.23829978781307581,0.15871860606141866,0.04104727732613117,0.04653069675731833,0.15662079441358195,0.2388275881038467,1.000000070090567,60,28.958333333333332
29.0,0.12442325756010068,0.217320553436184,0.16870373500829317,0.05027150225481054,0.055058919137592845,0.16766598427767745,0.21655612090889362,1.0000000725213507,61,29.333333333333332
30.0,0.1331848851562932,0.19596349621949344,0.1751986076994001,0.06115892561677202,0.0653130476173909,0.17531627108241463,0.19386484161091347,1.000000074940475,62,29.416666666666668
31.0,0.14418793282601705,0.1760313593479828,0.17775503717574032,0.07329749805705572,0.07690936619361702,0.1790791900982148,0.17273969373008405,1.0000000773665096,64,31.791666666666668
32.0,0.15513711237495295,0.15894553703579656,0.17675593390842623,0.08599648306854216,0.08912644641793875,0.17940736694961645,0.15463120009745426,1.0000000797905222,65,32.291666666666664
33.0,0.16467482648089907,0.14541699085422544,0.17242137603693944,0.09909994805454606,0.10150366938736598,0.1763852190888195,0.1404980523724106,1.0000000822130037,66,32.833333333333336
34.0,0.17235686478977152,0.1353945350839674,0.16579449998569754,0.11205427817730912,0.1133336379818167,0.17073419577191556,0.13033207290693566,1.000000084635213,67,33.208333333333336
35.0,0.17808467063690345,0.12854511021543133,0.15778181077074058,0.12453079429310383,0.12423077307938547,0.16329261288367652,0.1235343152413302,1.0000000870583692,68,33.666666666666664
36.0,0.18191908686274824,0.12394132186973289,0.14968977760344682,0.13574652470644683,0.13433406926669397,0.15502036107591044,0.11934894816100385,1.0000000894837837,68,33.916666666666664
37.0,0.18430214326292169,0.12060827283975607,0.1422010860484227,0.14582345571146893,0.14336512597608173,0.14694062813260206,0.11675938000443781,1.0000000919134908,69,34.25
38.0,0.18566052989457404,0.11802374492972734,0.13592927623222192,0.1546912690570057,0.15136880412056544,0.13969566475703535,0.11463080542021564,1.0000000943491427,69,34.625
39.0,0.18600591538939296,0.11560183554521586,0.1311726044215736,0.16207456501987896,0.15868047289422035,0.13383573905053636,0.1126289645339876,1.0000000967926022,70,34.875
40.0,0.18533283977881074,0.11309659315270856,0.12790128153993152,0.16868363016228285,0.16534038201359258,0.12951940500843287,0.11012596765126324,1.0000000992448201,70,35.25
41.0,0.18391520399583747,0.11040725683562068,0.12583181478484787,0.17461196318269842,0.17157443771303477,0.12654105245098304,0.10711837280540848,1.0000001017062232,70,35.583333333333336
42.0,0.1821142507480958,0.10737419330816816,0.12418400862728307,0.18055197634765263,0.17791131061603402,0.1242581222591326,0.10360624232110936,1.0000001041652757,70,35.458333333333336
43.0,0.1800390537480692,0.10402177939853188,0.12242125269007854,0.18690712943676646,0.18467026958150337,0.12221805351118681,0.09972256832806665,1.0000001066320008,71,35.833333333333336
44.0,0.177821243876685,0.10050877882343465,0.11977418685867858,0.19426795586570905,0.1922264293881092,0.11980735250416139,0.09559416185047172,1.0000001091050457,71,36.0
45.0,0.17556204619664845,0.09714251756223284,0.115731334087971,0.20284365148571235,0.20074445000450822,0.11636775862265021,0.0916083536859086,1.0000001115834292,72,36.333333333333336
46.0,0.17305947958475526,0.09415874038707145,0.11014694198074305,0.2127224295503455,0.21027811530594218,0.11167846362789033,0.08795594369134782,1.000000114065893,72,36.375
47.0,0.17014514952917742,0.09193789349196917,0.10295404396427076,0.22374486998366455,0.22060372757422514,0.1054824364028467,0.08513199566665591,1.0000001165506103,72,36.666666666666664
48.0,0.16657472596114228,0.09064775584932289,0.09454049287415064,0.23530997209870574,0.23147559363378806,0.09805529812492982,0.08339628057188778,1.0000001190517258,73,38.208333333333336
49.0,0.16208227432386485,0.09038264263653402,0.08538020577826587,0.24696635511854262,0.2424252680678009,0.08996440712363804,0.08279896856761106,1.000000121554054,73,38.458333333333336
50.0,0.15643461614376306,0.09110457731156618,0.07632525472215988,0.25804857260001984,0.2529680824896454,0.08177612087606435,0.08334289997567539,1.0000001240566931,73,38.541666666666664
51.0,0.14973351846504981,0.09275868261349876,0.0681444279370419,0.26790330093615844,0.26253346104752884,0.07409923062686405,0.08482750499450449,1.000000126558445,73,38.541666666666664
52.0,0.14222817263796622,0.09486949315895918,0.0617612802611991,0.27594301964508977,0.2705937626297271,0.06775930883525201,0.08684509195224242,1.0000001290582323,73,38.625
53.0,0.13414320936906057,0.09712728873829242,0.05765218656454308,0.28174196355894315,0.2767620657837714,0.06349451450006525,0.0890789031025152,1.0000001315549913,73,38.416666666666664
54.0,0.12611031787523883,0.09896218064469271,0.056368031704827834,0.28507493314982546,0.2807269877512607,0.06163025912174306,0.09112742386301514,1.0000001340484035,73,38.583333333333336
55.0,0.11838763946823694,0.10018414372699314,0.05814429708748435,0.28588137169958655,0.2823895315190191,0.062308117539400534,0.09270503555974018,1.0000001365382631,73,38.666666666666664
56.0,0.11137479079970238,0.10047648022479153,0.06256359160498784,0.28446703018249314,0.2820126663675805,0.06563736970411684,0.09346821020347894,1.0000001390249507,73,38.708333333333336
57.0,0.10548625769976899,0.09990282878099994,0.06935674476980555,0.28114335543871977,0.2797435309172245,0.07113680737675225,0.09323061658794156,1.000000141509012,73,38.708333333333336
58.0,0.10059164944728362,0.09859029709858946,0.077729959926699,0.27644474137354175,0.276073509605049,0.07843431667341229,0.09213566992872449,1.000000143991101,72,38.875
59.0,0.09679331134723482,0.09670301575713104,0.0869366130106594,0.27081004450723745,0.2714630284462364,0.08693220910590248,0.09036192435975335,1.0000001464719535,71,38.458333333333336
60.0,0.0938401349339158,0.09462851541835361,0.09635578557899296,0.2646447412703969,0.2663963739997226,0.0959711868359844,0.08816341096632008,1.000000148941484,71,38.333333333333336
61.0,0.0916433994471042,0.09250411399904458,0.1054756929044449,0.25849175922880474,0.26132311688724336,0.10489759999892445,0.08566446900873888,1.000000151412103,70,37.875
62.0,0.08994632192089527,0.09050675730481035,0.11389941293407725,0.2525756683111055,0.2565636382030432,0.11334619420059906,0.08316216108466883,1.0000001538969985,71,38.833333333333336
63.0,0.08851461593834704,0.08881041984789928,0.12159112386261973,0.2470760750354248,0.2520419876614824,0.12110108401606177,0.08086485008512426,1.0000001563847543,71,38.708333333333336
64.0,0.08727296333180867,0.08731264701818119,0.1285194145842315,0.24200170479505578,0.247874588464014,0.12822709120936773,0.07879174953555197,1.0000001588760088,71,38.541666666666664
65.0,0.08606119766790987,0.08595193251480161,0.13496093465029702,0.23731697442627825,0.2439115161793316,0.134911801939791,0.07688580405498321,1.0000001613711915,71,38.5
66.0,0.08481435033328684,0.0845114594921632,0.14121515255765407,0.23289980997081014,0.23999417338429335,0.14146501181724083,0.07510020637723092,1.0000001638704792,71,38.291666666666664
67.0,0.08358073712378242,0.08288470598023596,0.1476266972373188,0.22857044407364532,0.2358711238308952,0.14819830860246688,0.07326814958789957,1.0000001663740392,70,38.0
68.0,0.0822141633853559,0.08105060432936786,0.1545093616434884,0.22418580232186475,0.23139046231582,0.15531568553734934,0.07133408941102586,1.0000001688820648,69,37.75
69.0,0.08076246575539713,0.07894186471190888,0.1618647247201084,0.21962767709668096,0.2265216630756606,0.16291170414057118,0.06937007195607607,1.0000001713942044,68,37.25
70.0,0.07919229100875215,0.07663728541776663,0.16975657728222726,0.2148480348708531,0.22128461534815463,0.1709061663266041,0.06737520370352354,1.000000173895677,67,36.708333333333336
71.0,0.07755949746389103,0.07428891412100873,0.17796651296942362,0.20993066275289207,0.2157393752437091,0.1791055494715414,0.06540966444001502,1.0000001764002766,65,36.0
72.0,0.07598140252019589,0.07205888974522379,0.18616237195346808,0.20490774991395289,0.20997939232194163,0.187213098055372,0.06369727447312552,1.0000001789210815,65,36.458333333333336
73.0,0.07441804496333107,0.07020520156430847,0.19401641734713257,0.19989295760680156,0.20422938686944994,0.19494896788592728,0.062289205268319894,1.0000001814430686,63,35.916666666666664
74.0,0.07282624961425643,0.06884661990403483,0.2012549081388607,0.19512825903816652,0.19877395132634068,0.20188308835791374,0.0612871076485511,1.000000183965922,64,36.75
75.0,0.07138978063870735,0.0681393746262556,0.20735733345858678,0.1907862022368919,0.19378553323767056,0.2076589320236306,0.060883030328819567,1.000000186488355,63,36.333333333333336
76.0,0.07037147817324374,0.06823199234685094,0.2120339714330386,0.18694616093367408,0.18927044366176066,0.21196982006638945,0.06117632245667736,1.0000001890094368,61,34.375
77.0,0.06967568058237358,0.06906486360748472,0.21508634152384884,0.18380100580954178,0.1856139688552896,0.2145623431876122,0.062195988010133076,1.0000001915140824,60,33.458333333333336
78.0,0.06952846768262812,0.07056934649067076,0.2163319330403226,0.18146529558808017,0.18281825898582696,0.2153139125838845,0.06397297970800703,1.0000001940172194,59,32.833333333333336
79.0,0.06997419973015978,0.0726359724166937,0.21589213121945897,0.17998172327561596,0.18089221407320363,0.21426437196411988,0.0663595839017174,1.0000001965187708,58,32.25
80.0,0.07122029248771597,0.07503341043105684,0.2138856744737904,0.1792697099100049,0.1797430880853311,0.21161864868286936,0.06922937501044796,1.0000001990190166,57,31.916666666666668
81.0,0.07337230911688451,0.0775345306536084,0.21048690763410655,0.17931681681072792,0.17940624181663664,0.20761603668982304,0.07226735887385859,1.0000002015334442,58,32.75
82.0,0.07635206469639139,0.08000127904383852,0.20611756166602832,0.17992692295506205,0.17960197837877956,0.2026651013263513,0.07533529604250869,1.0000002040467562,57,32.291666666666664
83.0,0.08008509993453086,0.08221129913450159,0.20114696498555557,0.18099890920340242,0.18020996184201504,0.1971064926776104,0.07824147884442742,1.0000002065598432,57,31.916666666666668
84.0,0.08446594305698739,0.08414657933012389,0.1957830536386774,0.18235844261569567,0.1810569064899845,0.19125665081369472,0.0809326331903069,1.000000209073267,57,31.708333333333332
85.0,0.08929998335346716,0.08581353477737196,0.19022597284795836,0.18392909353523076,0.18202670023463435,0.185354628482667,0.08335029841860865,1.000000211587737,56,31.25
86.0,0.09427989656198507,0.0873192917573452,0.184594689317401,0.18567863704173462,0.18305531410679668,0.17953138664992208,0.08554099873052622,1.0000002141035074,56,30.958333333333332
87.0,0.0991991290667734,0.088792757299443,0.1789519976903401,0.18752406743807115,0.1841224933790473,0.1738416141425215,0.08756815766708755,1.0000002166210842,56,30.666666666666668
88.0,0.10386183623007536,0.09041190319669135,0.17321749595110947,0.1894521159966585,0.18525593579362887,0.1682215307368637,0.08957940129789033,1.0000002191407136,56,30.375
89.0,0.10815503407331878,0.09224083480270101,0.16739384996610196,0.19145797941832765,0.18643845274294202,0.16262750881577814,0.09168656190603786,1.0000002216630057,56,30.958333333333332
90.0,0.11203265131736448,0.09433418897411898,0.16141081655053954,0.19353357623036177,0.18778630738217952,0.156973911215134,0.09392877258021969,1.0000002241877155,56,30.583333333333332
91.0,0.11546629062112682,0.09672890392111384,0.15524499985648696,0.1957163146317241,0.18933743362328054,0.15114036505864667,0.09636591906430747,1.0000002267144845,56,30.291666666666668
92.0,0.11850056574576902,0.09939143978022086,0.14887823324629207,0.19797298963364052,0.19113635588203567,0.1451338407660484,0.09898680425193193,1.0000002292437378,56,30.208333333333332
93.0,0.121332183717039,0.10220951599439464,0.14238845409140077,0.20028299778140293,0.1931428006760459,0.13892554619701247,0.10171873337988155,1.0000002317749788,56,30.125
94.0,0.12413386492843487,0.10502030194466912,0.1358565122843383,0.20258247324457748,0.1953080484099983,0.13263379514210916,0.10446523841600178,1.0000002343079282,56,29.958333333333332
95.0,0.1271292649546511,0.10764871998238258,0.12949741805653384,0.2047630573954945,0.19755243896399644,0.12635493875520776,0.10705439879608912,1.0000002368421514,56,29.958333333333332
96.0,0.1304690261662648,0.10992872092279843,0.12344221003676997,0.2067730301445532,0.19975345931220284,0.12031184834152496,0.10932194451515057,1.000000239377062,56,29.75
97.0,0.1343854317126116,0.11170073478238221,0.11788177895055257,0.20845018663412945,0.20176417109941075,0.11468457073088506,0.11113336806441886,1.0000002419121905,56,29.583333333333332
98.0,0.13885792659129922,0.11290544251277881,0.11307326918706351,0.20970749685882878,0.20341039010942993,0.10969472553001852,0.11235099371969126,1.0000002444469067,56,29.458333333333332
99.0,0.1439593951163235,0.11345442615329536,0.10910075568079787,0.2104339691159082,0.204598705565967,0.10551645953834488,0.1129365358725633,1.0000002469809992,55,29.291666666666668
100.0,0.14960687400970088,0.11342972844372562,0.10602631244316348,0.21053538463258853,0.20523371797933102,0.1022657634587613,0.11290246860864547,1.000000249513716,55,29.25
101.0,0.15561268304104187,0.11293027546954341,0.10392397175382768,0.20997677125854558,0.20521310143007082,0.09998251120070596,0.1123609379534765,1.0000002520450089,55,29.208333333333332
102.0,0.1616993420883584,0.11217485910393138,0.10272814203860739,0.2087796183790333,0.20453184544740782,0.09865793842970004,0.11142850914978009,1.0000002545746203,55,28.916666666666668
103.0,0.16764125051881396,0.11121913994825249,0.10238851282192217,0.2069392262332511,0.2032281532504859,0.09820817725439676,0.11037579713749697,1.0000002571024196,54,28.625
104.0,0.17312035241436668,0.1104156002400221,0.10270327517116414,0.20452762239924208,0.20135393011902014,0.09850227346734326,0.10937720587976155,1.0000002596287199,54,28.541666666666668
105.0,0.17784744356337256,0.10991960830384659,0.10353081778156802,0.20161786830636516,0.19899456222357098,0.09939294361788793,0.10869701841932822,1.000000262153737,53,28.458333333333332
106.0,0.18171928982671218,0.1098238192324603,0.10467445396761918,0.19836084209317764,0.19626151681461287,0.10067794137565175,0.10848240142973593,1.0000002646777688,52,27.875
107.0,0.18456923973988065,0.11033304208013885,0.10605641078045197,0.19481024605784267,0.19320806706953275,0.10220628043423315,0.108816981101664,1.0000002672015442,52,27.875
108.0,0.18646046056328286,0.11139773312696956,0.10749106512578328,0.19102111162486213,0.18994860275363346,0.10388896531488885,0.10979233127794975,1.0000002697251655,51,27.583333333333332
109.0,0.18730696032880317,0.11308749593743858,0.10894920576202002,0.1871241137811593,0.18655235429161093,0.10562615624652298,0.11135398596441513,1.0000002722497696,51,27.25
110.0,0.1873025296090236,0.11534110327369361,0.11038172400066773,0.1830835105147432,0.18306871550754258,0.10739308629339187,0.11342960563877175,1.0000002747756345,51,27.041666666666668
111.0,0.18660144572460188,0.11796703711118656,0.11184677896954585,0.1789930924245716,0.17948897800995517,0.10919045445588416,0.1159124906695331,1.0000002773030756,51,26.875
112.0,0.1853276105950203,0.12089838438584173,0.11336662029150421,0.17483254105412807,0.17582830771762792,0.11106766390029288,0.1186791519502923,1.0000002798325047,51,26.875
113.0,0.18363129881526016,0.12396035190610483,0.11505176805255071,0.17059625290397337,0.1720509441722519,0.11307444338361992,0.1216352231924315,1.0000002823639909,51,26.833333333333332
114.0,0.18156646972271104,0.12716911855199028,0.11691611099717045,0.16628404412505013,0.16814208152917726,0.11523078964701444,0.12469167038689512,1.000000284897807,51,26.75
115.0,0.17927606649917854,0.13035772690935613,0.11901480238623757,0.16190545493408198,0.1640629665549472,0.1175684518881343,0.12781481832419642,1.0000002874339293,52,26.791666666666668
116.0,0.17673805984851432,0.13363925313335764,0.12133650183153195,0.15745314970883142,0.1597942010758146,0.12005307677224193,0.1309860476640616,1.0000002899721514,52,26.75
117.0,0.17394584203476543,0.13700781288221903,0.12380534802062651,0.15297429387130165,0.1553446157124355,0.1226737750807627,0.13424860497221192,1.0000002925121207,52,26.708333333333332
118.0,0.17101295187561316,0.14048981940706148,0.12636238232735336,0.14843109200400512,0.1507354309429419,0.12531864484095248,0.13764997371778168,1.000000295053508,52,26.708333333333332
119.0,0.1678403440426566,0.1441369956793889,0.12890638529857273,0.14390732028631034,0.1460135955980513,0.12791494594501657,0.1412807108080848,1.0000002975958808,52,26.708333333333332
120.0,0.16448750773264562,0.1480420627157997,0.13127968014697292,0.139477602749508,0.14121993161828247,0.13033859059075223,0.14515492464704954,1.0000003001388105,52,26.75
121.0,0.16098917681558136,0.15222450685423877,0.13346841193634038,0.13514758054714743,0.13639399885256073,0.13246099134340233,0.14931563639506584,1.0000003026821358,52,26.875
122.0,0.15757072372458528,0.15657925818474974,0.13527516424757663,0.13096646378392787,0.1316679389707208,0.1341788766618798,0.15376187971387106,1.000000305225113,52,26.875
123.0,0.15421883164139724,0.1611660123011977,0.13666734627028237,0.12698500246113434,0.12709743003179122,0.13545091221233085,0.15841477291134745,1.0000003077672812,52,26.916666666666668
124.0,0.1512547491862019,0.1658432581841754,0.13760371189582551,0.12319408198129429,0.12271864559726214,0.13620487713742777,0.16318098638848486,1.0000003103084703,52,26.916666666666668
125.0,0.14877256623229507,0.17049486887695606,0.13807232698871108,0.1196211740241958,0.11862210922381189,0.13644078515578634,0.16797648240918606,1.0000003128487414,52,27.041666666666668
126.0,0.1469787155378983,0.1749030277048691,0.13808621136425323,0.11631863260486973,0.11484827322053945,0.1362388907821544,0.17262656423539852,1.000000315387781,52,27.041666666666668
127.0,0.14598760808982608,0.17904165145511305,0.13776024027512013,0.1132571963915887,0.11137791945917662,0.13562218558165376,0.17695351673524468,1.000000317925522,52,27.041666666666668
128.0,0.14593305469594126,0.1827430819536121,0.13712785999307112,0.11046701888066633,0.10821313843362472,0.13470371955097857,0.18081244701633445,1.0000003204620285,52,27.041666666666668
129.0,0.14693884554514197,0.1858481172314929,0.1362415444724553,0.10795573087561204,0.10533413529312063,0.13358763303198054,0.18409431660980313,1.0000003229974064,52,27.0
130.0,0.14903603080920802,0.18830299386466076,0.1352336069291168,0.10563338792050132,0.10276391771989023,0.1323176040080305,0.18671278434261207,1.0000003255318184,52,26.958333333333332
131.0,0.15264419203996019,0.1898571458561631,0.1340869876727286,0.1035813630244889,0.10043565982076616,0.13098503957270718,0.18840994012489745,1.0000003280495098,52,26.5
132.0,0.15704290570005583,0.19083333520297394,0.13290951971457196,0.10174863281441818,0.09829994588439575,0.12965481520318425,0.18951117610951243,1.0000003305669118,52,26.5
133.0,0.16209807016403996,0.19130652555040736,0.13170457177765713,0.10012710625323802,0.09635423266671209,0.12832802839170257,0.19008179834272723,1.000000333084283,52,26.5
134.0,0.1676495536249245,0.19136398097971502,0.13048471910488174,0.09871594031031793,0.09459340487667954,0.12700096654982954,0.1901917702176451,1.0000003356017921,51,26.375
135.0,0.1735748474650472,0.19108603106134775,0.1292433315739371,0.09749565496244013,0.09302275930167443,0.1256588661293296,0.1899188476881779,1.0000003381197522,51,26.25
136.0,0.17979793396501406,0.19052685338986175,0.12796738518312362,0.09645283610167711,0.09163996567938333,0.12427915318865153,0.18933621319266383,1.000000340638174,51,26.083333333333332
137.0,0.18622764074028028,0.18973135242236885,0.126665116745832,0.09558361036207809,0.09045534322624808,0.12284733298688191,0.18848994673589842,1.0000003431573834,51,25.958333333333332
138.0,0.19278476320426033,0.18875098951856675,0.12533413194094223,0.09486912678902663,0.08947962974014442,0.1213802424112252,0.1874014621348918,1.0000003456768543,51,25.875
139.0,0.1994282341232897,0.18767315045401126,0.12401584420287805,0.09418687645997936,0.08859913334778839,0.11986516638452557,0.18623194330327722,1.0000003482135478,51,26.125
140.0,0.2061025550196618,0.186445457313365,0.12264942466586075,0.09368245266307404,0.08795124236077964,0.11829405514980103,0.1848751636405821,1.0000003507509239,50,26.041666666666668
141.0,0.2128378383552508,0.18507472327711924,0.12125116321908058,0.09332070033900368,0.08745960363504471,0.11669583465175663,0.1833604898737996,1.0000003532888533,50,25.666666666666668
142.0,0.2195054589784891,0.18360282316028803,0.11984325125057083,0.09309245540443237,0.0871698733945706,0.1150327236754679,0.1817537700254102,1.0000003558270265,49,25.291666666666668
143.0,0.22623598656552782,0.1819847342940174,0.11839652638470456,0.09293024223982639,0.08706668656089389,0.1133719209627301,0.18001426141894133,1.0000003583644397,48,24.875
144.0,0.23276555374855187,0.18030966139936377,0.11701419644841933,0.09288120131629546,0.08713861712950088,0.11171103217490681,0.17818009874547588,1.0000003609003139,46,24.458333333333332
145.0,0.23916903360127417,0.17856661235307736,0.11563562499558815,0.0928947761301134,0.08737542788648636,0.11010586835047768,0.17625302017995179,1.0000003634347712,45,24.083333333333332
146.0,0.24523841371243496,0.17676867636970423,0.11437271934282385,0.09301195089355288,0.08774758725124199,0.10866577649579055,0.17419524194795372,1.0000003659513,45,23.333333333333332
147.0,0.25088156957858593,0.17504335578312913,0.11318061360502946,0.0931740063500522,0.08819637382370517,0.10735261846254271,0.17217183092594449,1.0000003684667893,44,23.041666666666668
148.0,0.2560385330801588,0.1734238459870656,0.11205996063095781,0.09338196581929424,0.0887075238140559,0.10616767558972591,0.17022086612215634,1.0000003709812126,44,22.958333333333332
149.0,0.2605874113070004,0.17195839597378135,0.11101947468014053,0.09363063942855836,0.08926755836652092,0.10511922941739751,0.16841766438333478,1.0000003734945309,44,22.875
150.0,0.2644782106512887,0.17068059769143362,0.11006310568970636,0.09390765688761946,0.08985989946447061,0.10419809312005068,0.16681281256453834,1.0000003760069036,44,22.833333333333332
151.0,0.26763725950400274,0.1696263542551883,0.10920143224270829,0.09420931637941962,0.09047463609190541,0.10341678685798145,0.16543459324937354,1.0000003785183766,44,22.75
152.0,0.2700063979660103,0.16881521359870272,0.10844893988774426,0.09453757732194028,0.09110128833649617,0.10278140061936902,0.16430956336095423,1.0000003810290148,44,22.666666666666668
153.0,0.2715632051642581,0.16823528976612037,0.10782387822132868,0.09488728306391342,0.09174473016566857,0.1023116672998866,0.1634343299200376,1.0000003835390108,44,22.666666666666668
154.0,0.2723088070641448,0.16789288986909273,0.10733611383829511,0.09524250804274985,0.09239644681443383,0.10201077582528331,0.16281284465659734,1.0000003860483946,44,22.625
155.0,0.2722417825866998,0.16775541424070678,0.10699848668073482,0.09560862859577787,0.0930610395218795,0.10187877940476692,0.16245625758918353,1.0000003885575457,44,22.583333333333332
156.0,0.27140845924347395,0.16780504744329477,0.10683062472807353,0.09598493753117424,0.09373961913672496,0.1019338904279932,0.16229781261815587,1.0000003910666866,44,22.458333333333332
157.0,0.26983344069666554,0.16800591724515446,0.10683749967418132,0.09638389604084101,0.09443210416603105,0.10218177418170983,0.16232576163378082,1.0000003935761606,44,22.416666666666668
158.0,0.26758911390901957,0.16833035243463298,0.10702927937997542,0.09679582039432727,0.09513344158085013,0.10262164541432314,0.16250074303507953,1.0000003960860064,44,22.333333333333332
159.0,0.26473671993463976,0.16873272651278287,0.10741689800442863,0.0972331243559901,0.09584610752885861,0.10324967866203597,0.16278514365982857,1.0000003985963646,44,22.333333333333332
160.0,0.2613379504050484,0.16918827562648045,0.10800119376886094,0.0976938535659181,0.09656624168240967,0.10406756807338727,0.16314531804732246,1.0000004011072217,44,22.375
161.0,0.25742359859607394,0.16966650276936499,0.1087832786092074,0.09819367566279848,0.09730613497072026,0.10507545250125087,0.1635517605723324,1.0000004036195496,45,22.416666666666668
162.0,0.2530734177443981,0.17013351684785755,0.10975651385785634,0.09873591675933895,0.09806203798253861,0.10626217259836845,0.1639768304046941,1.0000004061328533,45,22.375
163.0,0.24833991862862584,0.17055570752089325,0.11091711783182695,0.0993241066659923,0.09884246657542377,0.10761072771047718,0.1644103637766512,1.0000004086476872,46,22.5
164.0,0.24329717242447674,0.17092479192577617,0.11225254867900022,0.09996686448785916,0.09964421744335962,0.10911203641105259,0.16480277985397696,1.000000411163299,46,22.583333333333332
165.0,0.23800292534097464,0.17120127311304273,0.11374611114362976,0.10067242090141812,0.10048070577706843,0.11075974657051667,0.16513723089600926,1.0000004136804563,47,22.625
166.0,0.2325181014612309,0.1713635285696817,0.11538439872031409,0.10144310028127233,0.10135679055535456,0.11253456569132418,0.16539993098156053,1.0000004161985347,47,22.875
167.0,0.2269191404039106,0.17139385057070827,0.11714622828515475,0.10228289008108538,0.1022870197231079,0.114422130822903,0.16554915889276353,1.0000004187174325,47,22.875
168.0,0.22125220255995465,0.17127499516979586,0.11901653256615063,0.10321035175022551,0.10328040923905733,0.11639503708919385,0.16557089292555444,1.0000004212377311,48,23.041666666666668
169.0,0.21558046880824278,0.17099794030450852,0.12095692297971203,0.10422559837048309,0.10435153054089015,0.11843598925611952,0.16545197356080865,1.0000004237585607,48,23.125
170.0,0.2099296864515016,0.17054449336279096,0.122954172662987,0.10534134681024095,0.10550987055211761,0.1205193371466505,0.16520151935583907,1.0000004262799251,48,23.125
171.0,0.204381903499568,0.16991305569001225,0.12497622069117707,0.10655704866416181,0.10676576374622349,0.12262689934809014,0.16477953722535874,1.0000004288023885,49,23.333333333333332
172.0,0.19897386778238849,0.16909652253415172,0.1269960517442677,0.10788736061872943,0.10813963695933583,0.12472993435579013,0.16417705739281488,1.0000004313252762,49,23.416666666666668
173.0,0.1937066041124985,0.16810431755585656,0.12899184979884204,0.10935025918076387,0.10963403751093802,0.12680644645819683,0.16340691929363935,1.000000433848535,49,23.708333333333332
174.0,0.18863894162101483,0.16693480733696175,0.1309334935297119,0.11094065386919454,0.11125538363806833,0.12883152632931014,0.16246563011002055,1.0000004363720785,49,23.791666666666668
175.0,0.18379496465557152,0.16560496004703953,0.13279451232302092,0.11266241064239176,0.11301900223806784,0.1307843791627897,0.1613402098891631,1.0000004388958432,49,23.875
176.0,0.1791710942706903,0.16411731207350327,0.13455618888966803,0.1145327547173111,0.11493444223123063,0.13263615722135735,0.16005249207832822,1.000000441419887,50,24.375
177.0,0.1748110013129703,0.1624871635920391,0.1361944089603998,0.11654494080428092,0.1169930755351749,0.1343590815121191,0.15861077228957435,1.0000004439443553,50,24.5
178.0,0.17069320682795072,0.16072658434905437,0.13769456856464113,0.11871320407535817,0.11920773914139976,0.13594140256300086,0.1570237410098572,1.0000004464690597,50,24.541666666666668
179.0,0.16682289755158491,0.1588544728126383,0.13904430924136704,0.12104484650760156,0.12156140737338829,0.13736205346588123,0.1553104621037166,1.0000004489939767,50,24.625
180.0,0.16319564682788187,0.15688794140635362,0.1402249045369658,0.12353287846061257,0.12406499042187928,0.13860798719887615,0.15348610272875257,1.0000004515191223,50,24.666666666666668
181.0,0.15979227992291545,0.15483959714754258,0.14123112492624385,0.1261737475150016,0.1266966584327068,0.13966488955986156,0.151602156602442,1.0000004540445135,50,24.708333333333332
182.0,0.156634963207153,0.15273977203355915,0.14205691755108701,0.12895924723944494,0.12944570055041754,0.1405309913511974,0.14963286469963463,1.0000004565702887,50,24.625
183.0,0.15369575081348344,0.15059621113599314,0.14269543188798062,0.13188631880327187,0.13231311037285576,0.1412060869958872,0.14760754914910526,1.000000459096376,50,24.625
184.0,0.15096113245729398,0.14843022194650676,0.1431469402056925,0.13494475793913346,0.13528469047605313,0.14169423194196018,0.14553848671835762,1.0000004616227953,51,24.666666666666668
185.0,0.14842283677078325,0.14625734374214697,0.14342321642729727,0.13811100091777279,0.1383391011274179,0.14199141430675893,0.14345555091948448,1.0000004641494595,51,24.708333333333332
186.0,0.1460559774095023,0.14410301028875372,0.14351892579803605,0.14137225963070654,0.14147476477660556,0.14211625620862328,0.14135927262631928,1.000000466676345,51,24.75
187.0,0.14383975887357392,0.14196529323562987,0.14345013930397085,0.14471670058499655,0.14468287383705997,0.14207594094334675,0.1392697624871558,1.0000004692035316,51,24.833333333333332
188.0,0.1417640190862381,0.1398742215236152,0.14322168276678554,0.1481129332589583,0.14794572141450107,0.14187812535289962,0.13720376839022336,1.000000471731017,51,24.958333333333332
189.0,0.1398032648869889,0.13782290069937433,0.14284711026605423,0.1515605529442149,0.15125980088620644,0.14153347648400233,0.13517336815402492,1.0000004742586652,51,24.958333333333332
190.0,0.13795384966117205,0.135835685726685,0.14235724941893665,0.15501208847984102,0.15459762589843987,0.14105968772978972,0.1331842899337205,1.0000004767863848,51,25.0
191.0,0.13620001538528398,0.13392342369268775,0.14175933262449422,0.15845326153275047,0.15793811680384937,0.1404751621022711,0.13125116723512223,1.000000479314258,51,25.0
192.0,0.13450903224840616,0.1320783245799394,0.14107686358870528,0.16187609755488727,0.16128135468876673,0.13978674883480324,0.12939206040877535,1.0000004818420813,51,25.041666666666668
193.0,0.1328891596098876,0.13031813541881926,0.14032850282198658,0.1652500126143529,0.16458997266370884,0.13902275506486572,0.12760194623843724,1.0000004843698571,51,25.041666666666668
194.0,0.1313307941912372,0.12864260990471035,0.13953156521882557,0.16855635988448062,0.1678655534736423,0.13820429794656047,0.12586930634027263,1.0000004868975285,51,25.0
195.0,0.1298190241393294,0.12706017500160882,0.1387091607621143,0.1717752554321318,0.17107641892708772,0.13735224321382092,0.12420821201122548,1.0000004894251178,51,25.041666666666668
196.0,0.12833950033179692,0.1255651219997461,0.13788025347560617,0.1748928847504504,0.1742006482680916,0.13648634965506848,0.12263573353397596,1.000000491952534,51,25.041666666666668
197.0,0.12689737659883873,0.12415992244962128,0.13706356772292716,0.17789086759704079,0.1772213798464371,0.13562805663884442,0.12113932368837657,1.0000004944798806,51,25.0
198.0,0.12548096444445075,0.12284342779319601,0.13627945595738897,0.18075082195168687,0.1801139954206902,0.13480151736610546,0.11973031413569839,1.0000004970070149,51,25.0
199.0,0.12408628521211405,0.12161403489144816,0.13555005828712158,0.18345798309387398,0.1828768461927852,0.13401787229726211,0.11839741962151679,1.0000004995339211,51,25.0
200.0,0.12270877051467372,0.1204655454849662,0.13489273902882778,0.1860063611787975,0.18549538066867235,0.1333040752863878,0.11712762996051457,1.0000005020606373,51,25.041666666666668
201.0,0.12134190965738477,0.11939488773260075,0.1343270272527256,0.1883786394611133,0.18795003943032365,0.13267270411139265,0.11593529700379517,1.0000005045871334,51,25.041666666666668
202.0,0.11998156641685011,0.11839909926945409,0.13386282828355414,0.19056940969629732,0.19023512216166127,0.13214948027919302,0.11480300106883208,1.0000005071136375,51,24.958333333333332
203.0,0.1186399539976694,0.11747518691515585,0.13351638792340448,0.19255505789111146,0.19233367029192955,0.13174459578524234,0.11373565689734462,1.0000005096396556,51,24.958333333333332
204.0,0.11731481950191236,0.11662294217353653,0.1333016463190237,0.1943323793315167,0.194232255459098,0.1314797852849901,0.11271668415759752,1.000000512165476,51,24.958333333333332
205.0,0.11600658824312739,0.11583392630049277,0.13321789317432503,0.19590167121274182,0.19592316644683977,0.13135541835679684,0.11176185101884331,1.000000514690964,51,24.916666666666668
206.0,0.11471841402055559,0.11509757122689246,0.1332751575318243,0.19726712582514133,0.19740748166812852,0.13137574755800394,0.11085901944795591,1.0000005172163016,51,24.916666666666668
207.0,0.11345700933175477,0.11442142929410053,0.13346768058921077,0.1984169393371534,0.19867239805075373,0.13155639948933356,0.11000866371140305,1.0000005197415096,51,24.916666666666668
208.0,0.11221794066440649,0.11379403969267912,0.1337966140975767,0.19936636618190826,0.19972351262721882,0.1318779955928394,0.1092240534720202,1.0000005222664472,51,24.916666666666668
209.0,0.11101437717054868,0.11322192514628478,0.1342533303331882,0.20010439160966062,0.20057311383021084,0.13235357894020303,0.10847980782338344,1.0000005247912784,50,24.875
210.0,0.10984281808994155,0.11269346673507098,0.13483567228219775,0.20065520048207378,0.20121451393337375,0.13296686073155584,0.1077919951240348,1.0000005273160457,50,24.875
211.0,0.10872469640024042,0.1122131095553241,0.1355325956401838,0.2010077023396269,0.2016599312420592,0.13370298228800334,0.10715951243752224,1.0000005298407588,50,24.791666666666668
212.0,0.10766192278446593,0.11178366045586363,0.13633044267495215,0.20117591944617752,0.20190808967159016,0.13455819026684646,0.10658230712770629,1.0000005323654018,50,24.708333333333332
213.0,0.10665656266442283,0.11140188797121536,0.13721126655287622,0.20117612406001337,0.20197466042793152,0.13551398468445397,0.10606604859130855,1.0000005348900203,49,24.625
214.0,0.10571770322822097,0.11106426924790422,0.13816435846970826,0.201019927965906,0.20187108122851619,0.1365535561217902,0.10560964121477759,1.00000053741462,49,24.583333333333332
215.0,0.10485674917203154,0.1107760801244307,0.139175742690528,0.20071867335706253,0.20159311699908447,0.1376630133780934,0.10521716428018654,1.0000005399392136,49,24.458333333333332
216.0,0.10408103749993566,0.11053916293492452,0.14022998765128614,0.20027906206560855,0.2011683362544152,0.13882066752853664,0.10488228859133399,1.0000005424638376,49,24.458333333333332
217.0,0.10338596998222038,0.11035666987940744,0.1413138312152682,0.19972230970571156,0.2006038878941478,0.13999973029202242,0.10461814608188907,1.000000544988465,49,24.375
218.0,0.10278986000640346,0.11022211431506976,0.14240500284075003,0.19904837345032877,0.1999129871221028,0.14118409847595115,0.10443811136470724,1.0000005475131108,49,24.375
219.0,0.10229128566362497,0.11014143739429537,0.1434977086837077,0.19827366131026783,0.1991057478278783,0.14235776385497936,0.10433294536519654,1.0000005500377491,49,24.291666666666668
220.0,0.10190233410897953,0.11011504376017311,0.14457084588618863,0.19741602952914017,0.1982037311949051,0.14350342456938217,0.10428914357584165,1.0000005525624098,49,24.208333333333332
221.0,0.10162080081829128,0.11013750721356913,0.1456103236072637,0.19648427740062435,0.19721330477028548,0.14461066266152212,0.10432367867779863,1.0000005550871505,49,24.125
222.0,0.10146384320151958,0.1102093318461886,0.14660002498429262,0.195487878716435,0.19614624920679047,0.14565249816935222,0.10444073154953126,1.0000005576119093,49,24.041666666666668
223.0,0.10141836869175204,0.11034124349898797,0.1475300640767586,0.19444012280005712,0.19501471392393027,0.1466253827981572,0.10463066440855644,1.0000005601359994,48,23.916666666666668
224.0,0.10150730405485528,0.11053368612533024,0.14837610568770787,0.19335396296968246,0.19383436102556847,0.14750541807649345,0.10488972478271241,1.0000005626601478,48,23.875
225.0,0.10172209491438904,0.11078176474024215,0.14912646754529515,0.1922360940277587,0.19261971986249213,0.14828841320226355,0.10522601095361234,1.0000005651838526,47,23.666666666666668
226.0,0.1020742552236508,0.11108018233744968,0.14976968346798472,0.19109782666277064,0.191373186698564,0.14897902105969024,0.10562641231974337,1.000000567707654,47,23.666666666666668
227.0,0.10255053619970554,0.11144589809159113,0.15030308869127665,0.18994648303961714,0.19010409172626158,0.14953964216211849,0.10611083038317395,1.000000570231543,47,23.625
228.0,0.10315978895804796,0.11187617396123822,0.15071437513066735,0.18878476346572343,0.18881502045929247,0.1499895687650458,0.10666088207838065,1.0000005727561967,48,23.583333333333332
229.0,0.1039039893016068,0.11235647873357456,0.15100938930677762,0.1876173501191464,0.1875349064351813,0.15030712717871442,0.10727133426817478,1.000000575280975,48,23.583333333333332
230.0,0.10478231253059869,0.11289975888090145,0.15117728141083428,0.1864506841872091,0.186255398965185,0.15048746919776887,0.10794767269562,1.0000005778059158,48,23.625
231.0,0.10578638528488057,0.11349808449612238,0.15121404900963584,0.18529438538976561,0.18499581561021353,0.15053561800155402,0.10867624260104211,1.0000005803310148,48,23.625
232.0,0.10692540665221963,0.11414666433157113,0.15113042286595413,0.18414702582445017,0.18374180272291227,0.15046213060553684,0.10944712991650342,1.000000582856947,49,23.666666666666668
233.0,0.10819615413560238,0.11484866207440915,0.15093037561550174,0.18298942939045462,0.18249804729869024,0.1502783296915958,0.11025958723901859,1.0000005853830705,49,23.666666666666668
234.0,0.109586966255538,0.11559463040564533,0.15062266972541888,0.18183873810941953,0.18127566852684485,0.14997537841707495,0.11110653653162869,1.000000587909369,49,23.666666666666668
235.0,0.11109571149326898,0.11638048365996254,0.15021016572793353,0.1806966208941317,0.18007265940944084,0.14956791762565902,0.11197703168766567,1.000000590435861,49,23.666666666666668
236.0,0.11271405819585657,0.11721233358075711,0.1496900176555963,0.17956053313434248,0.17889274623495363,0.149052449056369,0.11287845516685605,1.0000005929625293,49,23.666666666666668
237.0,0.11443741335690612,0.11807292421579443,0.14908933558201187,0.17842383200035253,0.17772891740288863,0.1484369560189388,0.11381121697470897,1.0000005954893998,49,23.791666666666668
238.0,0.11625122015373436,0.11896195175325358,0.14840887817645043,0.17729264644383844,0.17657250021893714,0.14773384962618574,0.11477955170623545,1.0000005980164317,49,23.75
239.0,0.11815530396112335,0.11987760976846619,0.14766240924683344,0.17614988886102914,0.17542966315993244,0.14695448992573676,0.11577123568268964,1.0000006005436117,49,23.916666666666668
240.0,0.12013314885480639,0.12082348682865258,0.14686125886709306,0.17500715194378147,0.1742931160850903,0.14610405290755937,0.11677838764617812,1.0000006030709596,49,23.916666666666668
241.0,0.12217997117061509,0.12179340108858026,0.14601121662464847,0.17385280765756347,0.173160999666056,0.1451946447108973,0.11780756474233463,1.000000605598494,49,24.083333333333332
242.0,0.12428224514301134,0.12279062140107548,0.14511804167183254,0.17269266602731045,0.17202416343252283,0.14423891125255917,0.11885395926008042,1.0000006081261923,49,24.0
243.0,0.1264350546897992,0.12381304280391803,0.14419287159168143,0.1715185070057221,0.17087162999034153,0.14324861762090052,0.1199208870139447,1.0000006106541042,49,24.041666666666668
244.0,0.1286240697142293,0.12485625435027739,0.1432477719893594,0.17032652836179568,0.16971093846266178,0.14223171497282497,0.12100333539312266,1.000000613182066,49,24.166666666666668
245.0,0.1308436012296609,0.12592595058882072,0.1422888975879497,0.16911514432072972,0.16853545419540877,0.14119925726461544,0.12209231058528654,1.0000006157102714,49,24.416666666666668
246.0,0.1330697829126041,0.12701439869572556,0.14133005973725302,0.16788662965015008,0.16734103183086652,0.1401686159610129,0.12319009951326036,1.0000006182386691,49,24.458333333333332
247.0,0.13529894506670032,0.1281187555203518,0.14037338494045995,0.16663634219482057,0.16612575752453734,0.13913613301463884,0.12431130256791076,1.0000006207672198,49,24.458333333333332
248.0,0.1375166703201975,0.1292530184634591,0.13943050618107372,0.16535247737067343,0.1648842898341657,0.13812154214756198,0.12544211904101954,1.00000062329595,49,24.458333333333332
249.0,0.13972115685240594,0.1304042682511214,0.1385096116926791,0.16404080997991288,0.16360149884918357,0.13713816512502514,0.12658511513670065,1.0000006258248242,49,24.375
250.0,0.14189427193924437,0.13157321389118484,0.13761962658502092,0.1627069528625464,0.1622903235442519,0.13620142344571248,0.12771481614801652,1.000000628353773,49,24.416666666666668
251.0,0.14403020314270704,0.1327550157654848,0.13677008300380566,0.16134492197248668,0.16093972460246872,0.13531420876354908,0.12884647369453775,1.0000006308828364,49,24.416666666666668
252.0,0.1461126175062911,0.13395137686436923,0.13597505342909358,0.159959828130047,0.15954782410046714,0.1344763728439888,0.12997756059994872,1.000000633412004,49,24.416666666666668
253.0,0.14814180051397619,0.1351568595755872,0.1352344376653295,0.15853839173270098,0.15811841604892252,0.13369863776961016,0.13111209269733062,1.0000006359412552,49,24.416666666666668
254.0,0.150113969333123,0.13637928233187765,0.13455897204601378,0.15708166957902958,0.15664591986171283,0.13298562934279792,0.1322351960382381,1.0000006384705895,49,24.416666666666668
255.0,0.15201375045936466,0.1375999311661145,0.1339525510544338,0.15559554233304476,0.15513422778097344,0.13233707663490288,0.1333675616333795,1.0000006410000086,49,24.416666666666668
256.0,0.15384160354428802,0.13882921501158424,0.13341776367543537,0.15408077539956558,0.15358317120876985,0.13174931180132857,0.13449880295073371,1.0000006435295055,49,24.416666666666668
257.0,0.15558590723638163,0.14005438341617238,0.13295855143868732,0.15253701295944497,0.15199642652986758,0.13122265723722903,0.13564570730353606,1.0000006460591158,49,24.375
258.0,0.15724649962614903,0.141285460864351,0.13257454888581754,0.15097403796293965,0.15037638141544327,0.1307550264912414,0.1367886934050332,1.0000006485887716,49,24.375
259.0,0.15882366594087888,0.14251110721370203,0.13226058974904792,0.149391347388918,0.1487320065415534,0.13034730287114607,0.1379346314754318,1.0000006511184767,49,24.375
260.0,0.16031744517589933,0.14374367926134765,0.13201593858273022,0.14778123607816443,0.14706319987071823,0.1300003917634126,0.1390787629781411,1.0000006536482113,49,24.375
261.0,0.16173230512287073,0.14496861786100765,0.13183096737314212,0.14615604340306812,0.14537848726438649,0.12970924451203938,0.14022499070364697,1.0000006561779606,49,24.375
262.0,0.16305371704426191,0.14618162151536104,0.13170514032240618,0.14452431898976584,0.14369248787010744,0.12945807132286277,0.14138530170518718,1.000000658707751,49,24.416666666666668
263.0,0.1643074026218463,0.14739084487536405,0.13163207456742923,0.1428835840370588,0.14199018099339494,0.12925965171027443,0.1425369224942823,1.0000006612374521,49,24.5
264.0,0.1654820346750341,0.14858825177597354,0.13160510859346972,0.14124560844351017,0.1402888511862967,0.1290982145582416,0.14369259459684963,1.000000663767174,50,24.541666666666668
265.0,0.1665764197873765,0.14977065550269675,0.1316220844514061,0.13961738141342972,0.1385952087040363,0.12897351380686148,0.14484540269331492,1.00000066629692,49,24.416666666666668
266.0,0.16760184244048357,0.150935485360817,0.13167161038929515,0.13799987968153887,0.1369218490221687,0.12888510865394645,0.1459848933406125,1.0000006688266596,49,24.416666666666668
267.0,0.16856948921444523,0.1520837538758131,0.13175172683757513,0.1363964091301392,0.13525141167713506,0.12882561518686308,0.1471222654965697,1.0000006713563394,49,24.458333333333332
268.0,0.16947793732654082,0.15320478336072668,0.13185906927472898,0.13482096864529303,0.13359387440837794,0.12879469830826104,0.1482493426242947,1.0000006738860208,49,24.416666666666668
269.0,0.17033923849247729,0.154305009040943,0.13198370532292175,0.13326840587004704,0.13196704360538103,0.12878790460235245,0.14934936954374803,1.0000006764156655,49,24.416666666666668
270.0,0.17115466630726087,0.15536719452950631,0.13212515754419604,0.13175282737280444,0.13037634363047212,0.12879956904526496,0.1504249205779702,1.000000678945272,49,24.458333333333332
271.0,0.17192850044012228,0.15639507443341313,0.13227007845892705,0.13027782490871298,0.1288218948253845,0.12883168822962068,0.1514756202408667,1.0000006814748466,49,24.458333333333332
272.0,0.1726677150641911,0.15738229406460424,0.13242140631880397,0.12884405015201783,0.12731324746928896,0.12887716911196814,0.1524948018857221,1.0000006840043976,49,24.458333333333332
273.0,0.17337912546827564,0.1583226058474495,0.13257145434954354,0.1274594977447906,0.12585579198339333,0.12892765554773122,0.1534845556549285,1.0000006865339093,49,24.458333333333332
274.0,0.17406451354687924,0.1592217002328938,0.13272285653238006,0.12612502285468907,0.12445557009676522,0.12898290758607006,0.15442811827608505,1.0000006890635618,49,24.5
275.0,0.17473870245844803,0.1600702013465087,0.13286154622077498,0.12485014384215168,0.12311062857321549,0.12903473847718167,0.15533473073710585,1.0000006915931836,49,24.5
276.0,0.17540301154333168,0.16086842539784443,0.13298601178685182,0.12363773181598751,0.1218311930853099,0.12907836778993817,0.15619595276571693,1.0000006941227804,49,24.5
277.0,0.17605146035341995,0.16161116456088687,0.13309746800542657,0.12248895066160397,0.12062718420867193,0.12911997335558278,0.15700449556895174,1.0000006966523407,49,24.5
278.0,0.1766982173108959,0.1622984934934345,0.13318482845241464,0.12141307056729299,0.11949687568424766,0.12914766561540958,0.15776154812039808,1.000000699181891,49,24.458333333333332
279.0,0.1773432367892026,0.1629263487330459,0.13325468907190927,0.12040890355682755,0.11843959535390065,0.1291616743646666,0.15846625390404062,1.000000701711394,49,24.458333333333332
280.0,0.17798348886420495,0.1634910910793383,0.13330143475311212,0.11948507415930248,0.11745650052158375,0.12916139677379676,0.1591217181517113,1.0000007042408467,49,24.458333333333332
281.0,0.17861597836272552,0.1639929632763632,0.13332496561260565,0.11863790525818246,0.11655978794687737,0.12915173355116114,0.1597173728245376,1.0000007067702525,49,24.458333333333332
282.0,0.1792385662889082,0.16443549163327378,0.13332307417543487,0.11787030161628569,0.11573895844378722,0.12913078401537145,0.16026353318868503,1.0000007092995438,49,24.5
283.0,0.17985718270108567,0.1648160911402737,0.13330029309762514,0.1171800259422537,0.11500445184089074,0.12909799784581233,0.16074466932308526,1.000000711828824,49,24.458333333333332
284.0,0.18046976292736944,0.16513254618235723,0.13325397213546694,0.11656858402383857,0.11434611084639647,0.1290542206486678,0.16117551765616103,1.0000007143580543,49,24.458333333333332
285.0,0.18107311243478977,0.16539203396769062,0.13318672561475098,0.11603124960763356,0.11377065096173668,0.12900987475882147,0.16153706960392933,1.0000007168871499,49,24.416666666666668
286.0,0.18166679644974812,0.16558629112580306,0.13309764685877312,0.11556907093147518,0.11327702366045783,0.1289596315330162,0.1618442589191742,1.000000719416244,49,24.375
287.0,0.1822439600341973,0.16572099231817514,0.13298795149617273,0.11518590416893615,0.11286665559842066,0.1289042945901102,0.16209096380147942,1.0000007219452896,49,24.375
288.0,0.18280667193720246,0.1658004865273821,0.1328519765593599,0.114878585937356,0.11253827149332948,0.12884386133242692,0.1622808707493695,1.0000007244742257,49,24.291666666666668
289.0,0.1833379336319697,0.16582696507102251,0.13269769815601545,0.11464422040021148,0.11230133891614162,0.1287840373494846,0.16240853354043466,1.0000007270030775,49,24.208333333333332
290.0,0.183845872326201,0.1657952269221918,0.13252280287669707,0.11448791383291586,0.11214515719937669,0.12872311407139064,0.16248064236466017,1.0000007295312292,48,24.125
291.0,0.18431872382584244,0.16571084553887053,0.13233502016894566,0.11440441710437023,0.1120694317326024,0.1286661088551792,0.16249618489567835,1.000000732059289,48,24.166666666666668
292.0,0.18475230241769025,0.1655730183988933,0.13213252792847427,0.11439762472808027,0.1120747236974224,0.12861529685976583,0.16245524061841646,1.0000007345865414,47,23.833333333333332
293.0,0.18514382282265363,0.1653916221054744,0.1319155074031784,0.1144611988118565,0.11216184498165702,0.1285730304944358,0.16235371055608006,1.0000007371131343,46,23.708333333333332
294.0,0.18548465708457446,0.16516416061523195,0.13169302305714017,0.11459412962214444,0.11232616156107209,0.12854414590684138,0.1621944618542391,1.000000739639043,45,23.541666666666668
295.0,0.18576829436484857,0.1648904803412752,0.13146624541510243,0.11479507472483001,0.11256317464478141,0.12852566547419744,0.16199180726210943,1.0000007421649442,45,23.541666666666668
296.0,0.1859820698418122,0.1645844011368182,0.1312442355187966,0.11505074708660712,0.11287331684459782,0.12852814286003378,0.16173783146436838,1.0000007446908323,45,23.541666666666668
297.0,0.1861308041909207,0.164242300577954,0.13102585366268274,0.11535916164220436,0.11325459133903637,0.1285503756704242,0.16143766019571543,1.0000007472167356,45,23.541666666666668
298.0,0.1862071797705951,0.16386550843233247,0.13082147524834367,0.11571461417258419,0.1137002203677839,0.12859004230970839,0.16110170950351338,1.000000749742659,45,23.541666666666668
299.0,0.18620539657382823,0.1634586335908531,0.13063293700141584,0.11611619462536518,0.11420451357427282,0.12864714765842375,0.16073592930732994,1.000000752269289,46,23.583333333333332
300.0,0.18612123202280162,0.1630236632654708,0.13045808493899438,0.11655866045398931,0.11477608428723957,0.12872773604205298,0.16033529384761075,1.0000007547959548,46,23.583333333333332
301.0,0.1859612089872273,0.16256449968583625,0.13030574340680295,0.11703193451014371,0.11540177778232094,0.1288252596244248,0.15991033338809224,1.0000007573226446,46,23.541666666666668
302.0,0.18571008625972268,0.16208730858992343,0.1301795504764078,0.11753962220286497,0.11608103921335568,0.12894367573068533,0.15945947743931033,1.0000007598500698,47,23.625
303.0,0.18537402155230917,0.16158430782526897,0.1300790830062933,0.11808157497674028,0.11680730662523017,0.1290878486537168,0.15898661980018114,1.0000007623775378,47,23.625
304.0,0.18494782129430984,0.16106325890116446,0.1300065576920847,0.118657005497819,0.11757576439919276,0.12925533558664437,0.1584950215960786,1.0000007649050915,47,23.625
305.0,0.18443594800980376,0.16052174205309705,0.12996536224142677,0.11926063239344879,0.11838795570853662,0.12944935910430871,0.15797976798495844,1.0000007674333797,48,23.666666666666668
306.0,0.18383231415419313,0.1599623973388249,0.12995732755253037,0.11989397782094914,0.1192345253130938,0.12967333513903098,0.15744689270532636,1.000000769961745,48,23.666666666666668
307.0,0.18314169297722985,0.15937795131679988,0.12998221509839722,0.12056074939480536,0.12011583669673771,0.1299286681732901,0.15689365889513487,1.000000772490192,48,23.666666666666668
308.0,0.18235412703473888,0.15877685843799771,0.13004468280351922,0.12125634178791904,0.12102169964603053,0.13021552129098202,0.15633154407974456,1.0000007750187287,48,23.666666666666668
309.0,0.18148721964821565,0.15815783552080054,0.1301399159664981,0.12197510996274984,0.12195805450001825,0.1305372857500474,0.15574535626122352,1.0000007775473487,48,23.666666666666668
310.0,0.1805375278689269,0.15752583599198888,0.13026499519598717,0.12271816730409743,0.12291352384070289,0.13089131154556424,0.15514941839099988,1.0000007800760646,48,23.666666666666668
311.0,0.17950255845092367,0.1568766856186055,0.13042844106438134,0.12348662804400265,0.12389069886589613,0.13127492042023725,0.15454085020301236,1.000000782604857,48,23.625
312.0,0.17840160339614541,0.15621201512686822,0.13062527452786948,0.12427113695268985,0.12488975267442419,0.13168686021135684,0.15391414230659828,1.000000785133753,48,23.625
313.0,0.17722278060322302,0.1555401296746581,0.1308520895105618,0.1250832244522398,0.1259030603387327,0.13212105440446856,0.15327844874106744,1.000000787662751,48,23.666666666666668
314.0,0.17597239456452346,0.15486066873036333,0.13111377538201088,0.1259183351691581,0.1269282815250801,0.13257928542870714,0.15262804945420202,1.000000790191843,48,23.625
315.0,0.17465998889583026,0.15415808577991905,0.13140265408604512,0.12678541642188523,0.12796671879017635,0.13305745165363123,0.15197047715576426,1.0000007927210486,48,23.625
316.0,0.17329280416130485,0.15344348464362195,0.13171965432924732,0.12768380516391017,0.12900743233178982,0.13355246966090448,0.15130114502246822,1.0000007952510448,49,23.75
317.0,0.17187246328182892,0.1527175718016084,0.13206131104676253,0.12860929603628546,0.13005439588828874,0.1340664217768617,0.150619338011739,1.0000007977811727,49,23.75
318.0,0.17041359182678936,0.1519862988265771,0.1324210967877658,0.12955837094248765,0.13110688838294385,0.1345984313930083,0.14991612221401446,1.0000008003113852,49,23.75
319.0,0.16891557642674826,0.15124377955408153,0.1328023071875918,0.13053200930622733,0.13215993398986728,0.13513526198935225,0.1492119344500371,1.0000008028417045,49,23.791666666666668
320.0,0.16738280390297383,0.15048849638881306,0.13320589673057362,0.13153380412699844,0.13322114344033384,0.13567918965426862,0.14848947119034897,1.000000805372108,49,23.708333333333332
321.0,0.16582659821887943,0.1497211006486932,0.1336249130051882,0.1325589554736328,0.13428372382997314,0.13622171724132412,0.14776379954711444,1.0000008079026041,49,23.708333333333332
322.0,0.16425651365196986,0.14894932573746542,0.13405356735158624,0.13360655542315478,0.13534721458800786,0.13675696110969177,0.1470306726334716,1.0000008104331446,49,23.75
323.0,0.16267096857887,0.14816839393865103,0.13449766827313814,0.13467108919185705,0.13641347795497535,0.13728314889065713,0.14629606619781405,1.0000008129637614,49,23.75
324.0,0.16108642475076787,0.14738363585164946,0.1349508054581584,0.13575542236093058,0.13747621849763703,0.13779339985463818,0.1455549087828672,1.0000008154944455,49,23.75
325.0,0.15949917780589043,0.14659560336241956,0.13540578265282915,0.1368590850078983,0.1385469831503645,0.13828477524756497,0.1448094108604258,1.0000008180251885,49,23.75
326.0,0.15792339757497825,0.14580135119688553,0.13586604226188861,0.13797506165673562,0.13961433590311878,0.13875994183674734,0.14406069018782205,1.0000008205559736,49,23.75
327.0,0.15635184522206294,0.14501313908241423,0.13632091761816903,0.1391041815185054,0.1406850639586094,0.13921940069971833,0.14330627504954602,1.0000008230868227,49,23.791666666666668
328.0,0.1547927627226906,0.14422553024842613,0.13676987946711397,0.14024648391441386,0.14175168807708136,0.13965934323867504,0.1425551380115557,1.0000008256177562,49,23.833333333333332
329.0,0.1532532783842586,0.14344289850749178,0.1372158565559163,0.1413995637956841,0.14281303684849003,0.1400834144561292,0.14179277966293033,1.000000828148702,49,23.833333333333332
330.0,0.15172933999481678,0.1426678871965049,0.13765408442123117,0.14255818067714768,0.14386807163724108,0.14049000141623957,0.14103326539860556,1.0000008306795822,49,23.916666666666668
331.0,0.15022985556537027,0.14190086498867546,0.1380861322052443,0.14371528193395022,0.14491615337260813,0.14087977349931813,0.14027277170747726,1.000000833210441,49,23.958333333333332
332.0,0.14874571634130496,0.14113960347313,0.13850892321913943,0.14488163827622236,0.14595418194893778,0.14125198720495877,0.13951878533984985,1.0000008357413412,49,24.0
333.0,0.14729427095062975,0.14040001109723724,0.1389115755893729,0.14604316515736543,0.14697635810342016,0.14160660044725976,0.1387688569892186,1.0000008382723036,49,23.875
334.0,0.14588140707894748,0.13966932696234824,0.13929608031993476,0.1472016100604236,0.14798722977405346,0.141943195396755,0.13802199127295664,1.0000008408032186,49,24.0
335.0,0.14450066831610137,0.13896279344573836,0.13966914652177986,0.14835557732974589,0.14897643473039293,0.14226444053458884,0.1372717825179974,1.0000008433341423,49,24.0
336.0,0.1431490423284628,0.13826829286302733,0.140033175344887,0.14949794791985666,0.1499487175215308,0.14256655751825018,0.136537112431322,1.0000008458651315,49,23.958333333333332
337.0,0.1418337569349491,0.13759936444501705,0.14037653947552042,0.1506235115522656,0.15090815677654754,0.1428533443623825,0.13580617491160352,1.0000008483960872,49,24.0
338.0,0.1405568333907649,0.13694350145855114,0.1406951417043545,0.1517364445078539,0.15185434360606867,0.14311420991227178,0.13510037640942468,1.0000008509270866,49,23.958333333333332
339.0,0.13931964440576583,0.13630353371022072,0.14099639302618835,0.15283277685506416,0.15279387495857993,0.14335393265855412,0.13440069790592438,1.0000008534580942,49,23.958333333333332
340.0,0.1381250482526623,0.1356903682324537,0.1412780463552928,0.15390841303964936,0.15371210844071861,0.14356885021856647,0.13371802151196,1.000000855989101,49,23.958333333333332
341.0,0.13698140579520032,0.13510040113227478,0.14154200292215346,0.15495800459457018,0.1546117784553357,0.14376670462943925,0.1330405610534084,1.000000858520179,49,23.916666666666668
342.0,0.13588135644893456,0.13453229073631895,0.14178097054453928,0.15598333219318408,0.15549636102713033,0.14393403861519474,0.13239251154808118,1.000000861051177,49,24.041666666666668
343.0,0.13482751735236237,0.1339923937580355,0.1420045292654422,0.15697427077770246,0.15637167644764713,0.14407357255456296,0.13175690348861788,1.00000086358217,49,24.0
344.0,0.13381255301809492,0.13347995580839722,0.1422111667142222,0.1579295257016576,0.1572344942604474,0.14418139951013473,0.13115177116250828,1.0000008661132616,49,24.25
345.0,0.1328463416881293,0.13298745489855918,0.14239910519276158,0.15885896200492436,0.15808394230247358,0.14425929796977338,0.13056576464994593,1.0000008686443642,49,24.166666666666668
346.0,0.13192590362504628,0.13252010548432627,0.14257742096800996,0.15974145241265875,0.15891372000370924,0.14431636545881446,0.13000590328511014,1.0000008711754755,49,24.166666666666668
347.0,0.13104813603804533,0.1320842071195849,0.14274098191504445,0.16058525372301993,0.1597205743498979,0.14434652526711034,0.12947519535607568,1.0000008737065753,49,24.166666666666668
348.0,0.13021890752878248,0.1316712291925437,0.14289532974608435,0.16139182302254243,0.1604993280729704,0.14436246658385074,0.1289617921530847,1.0000008762376549,49,24.166666666666668
349.0,0.1294397611816459,0.13128596997977066,0.14303952166279543,0.16214722366353898,0.16125118871467084,0.14436089948074599,0.12847631414775848,1.0000008787687247,49,24.166666666666668
350.0,0.1287074445756392,0.1309251327095805,0.14317869398378844,0.16285598414891728,0.16197247464864833,0.14434641105017815,0.12801474024529444,1.0000008812998455,49,24.125
351.0,0.1280189480811934,0.1305935804413314,0.14330802367124468,0.1635151599533369,0.162666480583146,0.14431014001489093,0.12758855114799322,1.0000008838309367,49,24.125
352.0,0.12737571400926942,0.1302875565056915,0.1434342922658053,0.16412258904191368,0.16333209692997727,0.14427302830254182,0.12717560936900266,1.0000008863619974,49,24.125
353.0,0.12677264411581987,0.13000447807206084,0.14355388232291488,0.16468188171431697,0.16396427520363155,0.14422531740973699,0.12679841011676038,1.0000008888930374,49,24.125
354.0,0.12621483068501618,0.12974906972515654,0.1436710974905319,0.16519039000792488,0.16455792084335127,0.14416732256013096,0.12645026017408842,1.0000008914239995,49,24.083333333333332
355.0,0.12570556245674602,0.12951372308808284,0.14378473325207333,0.16564491012508784,0.16511027232711395,0.14410802347676885,0.1261336692912566,1.0000008939549265,49,24.041666666666668
356.0,0.12524790543790976,0.12930581713419978,0.14388844819030855,0.1660495297016144,0.16562272901718353,0.1440551005220576,0.12583136654475197,1.0000008964858211,49,24.041666666666668
357.0,0.12483478655513627,0.12911999629917006,0.14399105220022115,0.1663981700754615,0.16608786340058077,0.14401075873881478,0.1255582718095492,1.0000008990167302,49,24.0
358.0,0.12446127289644313,0.12895552177828049,0.14409382915357663,0.1666926990976566,0.16649806833695752,0.14397001471950957,0.1253294956273962,1.0000009015476183,49,24.0
359.0,0.12413298958273436,0.12881764763787384,0.14418904115698591,0.16693741689582264,0.16686021252398875,0.14393797542628323,0.1251256209169055,1.000000904078392,49,23.916666666666668
360.0,0.12384875626109501,0.12870489947692873,0.14428290706245853,0.1671255540614622,0.1671637537406833,0.14392307109820296,0.12495196497030324,1.0000009066089328,49,23.791666666666668
361.0,0.12360632395668843,0.12861220607164806,0.14437291506912514,0.16726469260786372,0.16741601647894366,0.14391676446430204,0.12481199055306855,1.0000009091394408,49,23.75
362.0,0.12340311494981873,0.12855094556343885,0.14445614103149743,0.1673675717386114,0.16760750379086875,0.14392055494033448,0.12469507971762102,1.0000009116699906,49,23.625
363.0,0.12324790852846153,0.1285145494711752,0.14453414645277474,0.16742000101791152,0.16774414256119716,0.14393679965297673,0.1246033665782136,1.0000009142005069,49,23.583333333333332
364.0,0.12313702899742157,0.12850234168610264,0.14460739200681874,0.16742675753598318,0.16782094073607576,0.14395774205063044,0.1245487137801437,1.000000916730975,49,23.541666666666668
365.0,0.1230825790775031,0.12850655706758954,0.1446678082160206,0.16739207532778144,0.1678531791747343,0.14398458212805573,0.12451413833193278,1.0000009192614159,49,23.541666666666668
366.0,0.12307039126304237,0.12853545744672304,0.14473218187345133,0.1673111133195953,0.1678286960445048,0.14401461943578506,0.12450846247093629,1.0000009217918349,49,23.5
367.0,0.12310665513563558,0.12858547380326474,0.14479307023064253,0.1671809346147209,0.16776314638890275,0.14404043279016773,0.12453121142113158,1.000000924322266,49,23.458333333333332
368.0,0.12319406883126173,0.12865667309529705,0.1448599445556377,0.16699897017401324,0.1676470188079737,0.14406115445431333,0.12458309699572223,1.0000009268520174,48,23.416666666666668
369.0,0.12332957944626913,0.12874728878970473,0.14491748002204238,0.16677175111746884,0.1674956622728588,0.14408156951437426,0.12465759828190814,1.000000929382424,49,23.458333333333332
370.0,0.1234974533805631,0.1288566970249413,0.1449799056655024,0.1665040815144461,0.1673093226452579,0.14409858582543564,0.12475488591886669,1.0000009319128103,49,23.458333333333332
371.0,0.12371243705283505,0.1289894204579123,0.14503886251430417,0.1661852482801775,0.16708196616178345,0.14410113672176117,0.12489186331661105,1.000000934443183,49,23.458333333333332
372.0,0.1239729586178254,0.1291462533185257,0.1450885553164146,0.1658210155308204,0.1668186496895073,0.14409841275462484,0.1250550918080154,1.0000009369735339,49,23.458333333333332
373.0,0.1242791253234826,0.1293210452205988,0.1451346671377238,0.16541703871465943,0.16651397698810122,0.14409787503032542,0.12523721115051198,1.0000009395032032,48,23.416666666666668
374.0,0.12462890798987296,0.12952277123804765,0.14516689160849885,0.1649775846722592,0.16616457316709748,0.14409536147110336,0.12544485194819008,1.0000009420328677,48,23.416666666666668
375.0,0.12501496494906508,0.1297442461182894,0.1451916045318579,0.16450829347750265,0.16577012235147986,0.14409413583421654,0.1256775773629781,1.0000009445631863,49,23.458333333333332
376.0,0.1254404412229713,0.1299894864070883,0.1452045642988629,0.1640110030386743,0.1653306999301859,0.14409186173849595,0.12593289051943485,1.000000947093512,49,23.458333333333332
377.0,0.12590149331150308,0.13024765518626547,0.1452037160003233,0.16349505788852972,0.16485512229355048,0.14408436294707272,0.1262135420587944,1.0000009496238382,49,23.458333333333332
378.0,0.12639397509164302,0.13053268042820182,0.14518681989471904,0.1629559057408039,0.1643406406299529,0.1440700928688003,0.1265208375622634,1.000000952154183,49,23.458333333333332
379.0,0.12692189554072617,0.1308394640282879,0.14515535928419462,0.16239001126728972,0.1637976435799183,0.14404454698837135,0.12685203405796147,1.0000009546845485,49,23.458333333333332
380.0,0.1274878008433112,0.13116721015832425,0.14510843023566564,0.1618005299197973,0.16322685363799266,0.14400100070108787,0.1272091317809678,1.0000009572149455,49,23.458333333333332
381.0,0.12809134281809348,0.13151495532489713,0.1450452168553308,0.16119308052168752,0.16262807603560944,0.14394639740118587,0.1275818908507726,1.0000009597453734,49,23.458333333333332
382.0,0.12872306695837477,0.13187426417922465,0.14496153280978324,0.16057538021328036,0.16201093790050597,0.14386680467755444,0.12798897559931938,1.0000009622758421,49,23.458333333333332
383.0,0.12938855624880977,0.13225341356356593,0.14486125318918638,0.15993731251093257,0.16137675999188195,0.14376354532566646,0.12842012403850195,1.0000009648063422,49,23.458333333333332
384.0,0.13008518151254683,0.13264963930048748,0.14474538127733944,0.15928668852549102,0.16073436179826406,0.14363393030918492,0.12886578467578924,1.0000009673369006,49,23.5
385.0,0.13081225118469106,0.13306408753380444,0.14461220577258088,0.15862008973429723,0.1600771195080569,0.14347810785797296,0.1293371083383266,1.0000009698675294,49,23.5
386.0,0.13157454462954982,0.13348805905066294,0.1444618865566,0.15794223053251538,0.15940782818953328,0.14330326562653026,0.1298231578750212,1.000000972398208,49,23.5
387.0,0.13236848840779994,0.13392880057341497,0.14429215749808966,0.15725548658008007,0.15873023212959647,0.14310610996357975,0.13031969983858646,1.0000009749289458,49,23.5
388.0,0.13318979721354735,0.13438162403530884,0.1441109438060898,0.15655466604905263,0.1580404650417306,0.1428852494347369,0.13083823194147626,1.0000009774597403,49,23.5
389.0,0.13403399222206522,0.1348467861485646,0.1439138400297118,0.15585166427928554,0.15733978719480468,0.14264917942121194,0.13136573075714955,1.000000979990591,49,23.5
390.0,0.13490740043529698,0.1353221934306064,0.14371192352112705,0.15514159708219624,0.1566237911412294,0.14239948787473755,0.13189458909850188,1.000000982521495,49,23.5
391.0,0.1358025622503994,0.13580829954902573,0.14349586680692364,0.15442362772337073,0.15591084515736925,0.1421347299950484,0.13242505363250487,1.0000009850524418,49,23.5
392.0,0.13672552544240757,0.13630654714089782,0.1432718840162916,0.1536961432214157,0.15518814272181367,0.1418628692739673,0.1329498758288357,1.0000009875834281,49,23.5
393.0,0.13766005210080487,0.1368150302070231,0.14303817438240585,0.15296287760762123,0.154465758344157,0.14157433324709595,0.133484764287505,1.000000990114412,49,23.541666666666668
394.0,0.13860586260412608,0.13732522832494512,0.14279596568747874,0.15222702571455202,0.15374675310669747,0.14127370679301707,0.13402645047680325,1.000000992645419,49,23.541666666666668
395.0,0.13956468789309054,0.13784374929660986,0.14254074971525144,0.15148919123184784,0.15303173934861278,0.14096483742912166,0.13456604032412814,1.0000009951764588,49,23.541666666666668
396.0,0.14053734465126322,0.13836741358718707,0.14228066544335305,0.1507472680932966,0.1523202789697739,0.14064572994661834,0.13510229707822982,1.0000009977075226,49,23.541666666666668
397.0,0.14151168214387133,0.13889672017083435,0.14201256015300578,0.1500096972855751,0.15160893117223223,0.14032322221964064,0.13563818715565387,1.000001000238611,49,23.541666666666668
398.0,0.14249421999319017,0.1394286922045034,0.14173697655820103,0.14927814909047257,0.1508961998944059,0.13999446615612968,0.13617229893506186,1.0000010027697614,49,23.5
399.0,0.1434755042497568,0.13996321806253018,0.14145521379250417,0.14854895703662588,0.15019513381142507,0.13966569245757912,0.13669728595267416,1.000001005300895,49,23.541666666666668
400.0,0.1444606333310596,0.1405071935494473,0.14116909015837226,0.14782609578635966,0.14948113973024232,0.13932987124347446,0.1372269840952893,1.0000010078320425,49,23.541666666666668
401.0,0.1454349702223519,0.14105394560781775,0.14088289641494137,0.14711739585750291,0.14876553252626099,0.13900191196512357,0.13774435783145766,1.0000010103632526,49,23.5
402.0,0.14639702251553277,0.14159708307238325,0.14060632538342138,0.1464154414609391,0.14805079164244597,0.13868165318648806,0.1382526956954594,1.000001012894469,49,23.5
403.0,0.1473484088244009,0.14213893658130347,0.14033459196402656,0.1457208408725267,0.14733671932278758,0.13836834449224128,0.13875317343060461,1.00000101542569,49,23.5
404.0,0.14828926768021522,0.1426815957185408,0.14006408357935496,0.14502575784811703,0.14662152772317538,0.1380671169886489,0.1392516684810676,1.0000010179569196,49,23.5
405.0,0.1492098726437553,0.14321714394287158,0.13980756462366323,0.14434375464945395,0.14590690653581787,0.13778156343228046,0.13973421472249473,1.0000010204881336,49,23.5
406.0,0.15010792952343666,0.14375631759784166,0.13956336882343948,0.14366754362799875,0.14518929902187136,0.1375105700140912,0.14020599447287657,1.0000010230193523,49,23.5
407.0,0.15098031911965476,0.14428578184118987,0.13932479470385103,0.14300764756073658,0.1444745328073115,0.1372493588799517,0.14067859070007335,1.0000010255505662,49,23.5
408.0,0.15183472631772285,0.14480810730218885,0.13909466205418355,0.1423571306071085,0.14376111038149608,0.137005021240261,0.14114027024100556,1.0000010280817617,49,23.5
409.0,0.15265730036275318,0.14532749489833707,0.13887624264808685,0.14171741214817088,0.1430564058684494,0.1367725415277114,0.14159363322166268,1.0000010306129687,49,23.541666666666668
410.0,0.15345962242866318,0.14583883812485388,0.13867161486597485,0.14108332539536592,0.14235150397763516,0.1365656932840836,0.1420304351297888,1.0000010331441613,49,23.541666666666668
411.0,0.1542364573436177,0.14633575064964022,0.138481018103331,0.14045921872858658,0.14165572803458423,0.13637751934123007,0.14245534353655576,1.0000010356753455,49,23.541666666666668
412.0,0.15498562922530207,0.1468201735414485,0.13830713399650538,0.13984084726731225,0.14096603409960293,0.13621061460564787,0.14287060553289554,1.0000010382065132,49,23.541666666666668
413.0,0.1557185982179122,0.14729840723794463,0.13813985587856806,0.13923070186588424,0.14028762055458335,0.1360558215891507,0.14327003545582956,1.000001040737671,49,23.541666666666668
414.0,0.15642038487289747,0.14776137700640707,0.13798819767640677,0.13863308463096854,0.13962042920949433,0.13592133948805118,0.14365623044680917,1.0000010432688347,49,23.541666666666668
415.0,0.15709305540075663,0.14821032064343953,0.1378512105407417,0.13804663641525797,0.13896315908230633,0.135807618179053,0.14402904560064902,1.0000010457999995,49,23.541666666666668
416.0,0.15773549897405467,0.14864401089415372,0.1377292247271652,0.1374798235344442,0.13832270411865386,0.13570462866326527,0.1443851574816274,1.0000010483311634,49,23.541666666666668
417.0,0.15834632132175502,0.14905940577908955,0.13762073451135412,0.13693132808980898,0.13769447311630326,0.13562762531885345,0.14472116278737848,1.0000010508623436,49,23.541666666666668
418.0,0.15892049974639458,0.14946769881322156,0.1375231953681377,0.13639355905950715,0.1370930477256761,0.13555809187569348,0.14504496086727353,1.000001053393704,49,23.583333333333332
419.0,0.1594625145313268,0.1498513726991522,0.13743531673398143,0.1358882800808094,0.13650962851484527,0.13549437547288398,0.14535956795411073,1.0000010559249086,49,23.541666666666668
420.0,0.15996625993324254,0.15022094560927857,0.13735968193567727,0.1354006060990469,0.1359487808705928,0.13544417192666308,0.1456606121439971,1.0000010584562948,49,23.583333333333332
421.0,0.16044736439009413,0.15056707816865303,0.1372941409041647,0.13492501744747848,0.1354019518820379,0.13540341606708606,0.1459620921903862,1.0000010609876988,49,23.583333333333332
422.0,0.1608826560240664,0.15090125294271445,0.13724238025762042,0.13447346744585117,0.134882893339249,0.1353667192765225,0.14625169429521873,1.0000010635190402,49,23.625
423.0,0.161292603581054,0.1512125345906919,0.13719888917823392,0.13404089006212214,0.13438955212994308,0.13533241097519028,0.14653418559531783,1.0000010660503498,49,23.666666666666668
424.0,0.1616686377990211,0.15150349442108454,0.13716412883277254,0.1336243272807835,0.13392595170901195,0.1352984482495103,0.14681608035168275,1.0000010685816634,49,23.666666666666668
425.0,0.16200660127669292,0.15176675492466907,0.1371428540041589,0.13323212773026682,0.133498483056794,0.13526539511472097,0.14708885506793606,1.0000010711130352,49,23.625
426.0,0.16231155199306416,0.15201031673084894,0.13713580381814847,0.132856071661985,0.13310135854959387,0.13522770298866144,0.14735826796429916,1.0000010736443994,49,23.625
427.0,0.1625943642275644,0.15222922248905915,0.13713271607319996,0.13250267084841008,0.13274211357216875,0.13518921533476966,0.1476107736927894,1.0000010761757605,49,23.625
428.0,0.16284845595307065,0.15241971576658758,0.13714099529373894,0.13217113617642784,0.13242280097617806,0.1351488144705299,0.14784916013278415,1.000001078707113,49,23.625
429.0,0.16306626570841554,0.15258539896359608,0.1371560639383604,0.13185828355027895,0.13214974615774308,0.13510806187122504,0.1480772611110517,1.000001081238464,49,23.625
430.0,0.16325900602175047,0.1527257179354777,0.13717305157504583,0.13157271544154078,0.1319068953752865,0.1350740486558412,0.14828964882705087,1.0000010837697897,49,23.625
431.0,0.16342668186781933,0.15284608310352155,0.13719399164553703,0.13131618661845754,0.131704215387603,0.1350457393978757,0.14846818834251255,1.0000010863011242,49,23.625
432.0,0.16356081587585647,0.15294007643797258,0.13721711342001713,0.13109633066169366,0.13153604218843185,0.13502561281449715,0.1486250974961768,1.0000010888324433,49,23.625
433.0,0.1636740531625339,0.15301470435944522,0.13723633009094316,0.13090756037271908,0.13139823656161084,0.13501578844442286,0.14875441843353554,1.0000010913630055,48,23.583333333333332
434.0,0.16375685096213635,0.15306563850700225,0.13725642797629173,0.130758983294436,0.13128647096387547,0.13502163013634857,0.14885509211569947,1.0000010938935868,48,23.541666666666668
435.0,0.16380310581418842,0.15310483920961793,0.13727467441330718,0.13064720671253086,0.13120553375278085,0.1350411607630717,0.14892457582087074,1.0000010964241672,48,23.541666666666668
436.0,0.16383132888913635,0.15312381757032073,0.13728403893661864,0.13056006612509952,0.1311567396538239,0.1350752931860448,0.14896981465589057,1.0000010989547317,48,23.583333333333332
437.0,0.16382868760930291,0.15312126277814989,0.13729045893252073,0.13051073490883955,0.13113531143706447,0.13512333806492996,0.14899130781674697,1.0000011014853527,48,23.625
438.0,0.16380564007286724,0.15310187568895484,0.13729060586025707,0.13048911780940764,0.13114419624345972,0.1351842869054099,0.14898538149714544,1.0000011040152978,47,23.583333333333332
439.0,0.16375455225701643,0.15306128138111175,0.1372880706751947,0.13049670303953778,0.13117762563379343,0.13526042489016574,0.14896244873061865,1.0000011065452323,47,23.583333333333332
440.0,0.16367327342646082,0.15300242863635594,0.1372856971617313,0.1305285761872986,0.13123780455683434,0.13534793993011965,0.14892538923856027,1.0000011090751573,47,23.583333333333332
441.0,0.16356813144290205,0.15292316497345176,0.137282754407863,0.13058738914169166,0.1313215908532736,0.13544861212122747,0.14886946872686507,1.0000011116050747,47,23.583333333333332
442.0,0.16343517848226313,0.15282792612084006,0.13727603557586598,0.13067157230629356,0.13142965294822717,0.13556381629422257,0.1487969324694745,1.000001114134984,47,23.583333333333332
443.0,0.16327789531130796,0.1527158506245772,0.1372727287629738,0.1307797677255339,0.13155748011482946,0.1356890110087462,0.1487083831791347,1.0000011166648983,47,23.583333333333332
444.0,0.16309328270822354,0.1525825741128375,0.13727215613323746,0.13091523185672077,0.1317121197334587,0.13582055813341676,0.14860519657913485,1.000001119194828,47,23.541666666666668
445.0,0.16288631180803892,0.15243481047869936,0.13726950408623148,0.13107572767382922,0.13189087252942897,0.13595939910969793,0.14848449610107467,1.0000011217247982,47,23.541666666666668
446.0,0.16266111888383503,0.1522647342034695,0.13726615079857035,0.13126537730263932,0.13209781305000673,0.13610304325377806,0.14834288682469865,1.0000011242547953,47,23.541666666666668
447.0,0.16241182525857717,0.15207962187220914,0.1372678801505037,0.13147420006184488,0.13233373621714417,0.1362536206564906,0.14818024263027701,1.0000011267848474,47,23.541666666666668
448.0,0.1621447021524318,0.15187679949277053,0.1372746242854056,0.1317058590093004,0.13259549574057958,0.13640376997500947,0.14799987872165474,1.00000112931495,47,23.541666666666668
449.0,0.16186143224145824,0.15165097649247272,0.13728326228015333,0.13196006034019078,0.13289298834106575,0.13655195943760795,0.14780045277434728,1.0000011318450932,47,23.541666666666668
450.0,0.16155536761458492,0.15141349374499835,0.13730140620207354,0.13222930018633125,0.1332154040095692,0.1367067169257248,0.14757944575414875,1.0000011343752278,47,23.5
451.0,0.1612352598875024,0.15116356909045311,0.13732234439049912,0.1325091824707322,0.1335712752414644,0.13686787813807344,0.14733162774886893,1.0000011369053952,47,23.5
452.0,0.16089424912360709,0.1508994069060182,0.13735524587031334,0.13280484229718667,0.13394480201981707,0.13703381118526256,0.14706878209559593,1.000001139435599,47,23.5
453.0,0.16052988959476766,0.1506266739440282,0.1373911273232468,0.13311103245143094,0.13434824383323993,0.13720465237917076,0.1467895225021377,1.0000011419658226,47,23.5
454.0,0.16013361597514367,0.1503503855120301,0.13744032317493932,0.13342941740852543,0.1347660002402723,0.13738086514189024,0.146500537105538,1.000001144496137,47,23.458333333333332
455.0,0.15970961879505727,0.15006796618864096,0.137491915083627,0.13376903331040188,0.1352011279483188,0.13756135672726402,0.1462001290353474,1.0000011470264543,47,23.458333333333332
456.0,0.15925859031311063,0.14978034424497902,0.13754813179967101,0.13412023574439544,0.13564916124027804,0.13774576756014686,0.1458989187163947,1.000001149556774,47,23.458333333333332
457.0,0.15878392203404193,0.14948790020062927,0.13761756502770114,0.13447914017484847,0.13610403669378873,0.13793453917229745,0.14559404884598726,1.0000011520870933,47,23.458333333333332
458.0,0.15828031421963998,0.1491889869270982,0.13769536777905608,0.1348567759093318,0.13656634414616955,0.1381269074841061,0.1452864582148763,1.000001154618077,48,23.5
459.0,0.1577554898982076,0.14887319646632785,0.13777704979138128,0.13525502263746791,0.1370414684023146,0.1383223770128865,0.14497655300267573,1.000001157149057,48,23.5
460.0,0.15721338608732327,0.14855509422176805,0.13787330778868426,0.13565840631764448,0.13751829800756873,0.13852164723596333,0.144661020083274,1.0000011596800236,48,23.5
461.0,0.15665574379450603,0.1482246999936194,0.1379742955240758,0.13607541489970004,0.13800422627183062,0.1387256940974954,0.1443410876919622,1.0000011622109872,48,23.5
462.0,0.15608628066644523,0.14788789891827206,0.13808594056852722,0.13649904957913778,0.13849486063638045,0.13892950906586765,0.1440176253695091,1.0000011647419365,48,23.5
463.0,0.15550096335306451,0.14754337965359723,0.13820798164303458,0.13692809504618017,0.13899128543490988,0.1391371256212873,0.14369233658301442,1.0000011672728906,48,23.5
464.0,0.15490713999013925,0.14719422291787002,0.13833839096401965,0.13735950562754962,0.13949590590071353,0.13934424024319417,0.14336176422254082,1.0000011698038256,48,23.5
465.0,0.15430067275729895,0.1468401140933509,0.13847615197534582,0.13779337368544256,0.14000812887850225,0.1395529628949158,0.14302976811210596,1.0000011723347606,48,23.5
466.0,0.1536883665458393,0.14647535419242677,0.13862355648050603,0.13822896305078924,0.14052645376514752,0.1397636275794264,0.14269485331377413,1.0000011748657085,48,23.5
467.0,0.15306663465709167,0.14611002601829098,0.13877546254894302,0.13866962205839092,0.1410449962619191,0.13997486782090346,0.1423595680933154,1.0000011773966542,48,23.5
468.0,0.15243762632792385,0.14574576396997277,0.13893596168410946,0.139111991499428,0.1415634136080579,0.14019017266753359,0.14201625023279116,1.0000011799276134,48,23.5
469.0,0.15179957333857402,0.1453750675696275,0.1391030241002621,0.13956203312982712,0.14207885483957677,0.14041350512374445,0.14166912441917343,1.0000011824585857,48,23.5
470.0,0.1511531563149021,0.1450026260311239,0.13927661712521058,0.14001550748914607,0.14258905713340483,0.14064217726604197,0.14132204369193077,1.0000011849895578,48,23.5
471.0,0.1505066113899811,0.14462988118863532,0.13945567682275586,0.14047576288229383,0.14308566100442635,0.14087153227262755,0.14097606202204033,1.0000011875205617,48,23.5
472.0,0.1498679901882012,0.14426441236371398,0.13964385203192137,0.14092674697093557,0.1435721630181942,0.14110163348125945,0.1406243920595494,1.000001190051573,48,23.5
473.0,0.1492315123020275,0.14390296473567563,0.13983355190156324,0.1413786093554227,0.14404478876597543,0.1413319895380467,0.14027777604610567,1.0000011925826116,48,23.5
474.0,0.1485935672716447,0.14354888779970945,0.14002646467601995,0.14182972536663374,0.1445124251624185,0.1415584601603637,0.1399316647390759,1.0000011951136651,48,23.5
475.0,0.1479590726526713,0.143194495141719,0.1402235114602504,0.14227991330236603,0.1449660310751839,0.14178379323105622,0.1395943808436918,1.000001197644736,48,23.5
476.0,0.1473277668624472,0.1428483996058147,0.14043170468740487,0.14272430366538477,0.14540404185084024,0.14200463852652315,0.13926034503957538,1.0000012001757863,48,23.541666666666668
477.0,0.14670266543069238,0.14250363963298257,0.14063518768311714,0.14317510830816968,0.14583070186295563,0.14221860305755743,0.13893529679351047,1.0000012027067866,48,23.583333333333332
478.0,0.14608637463475066,0.14216390502151371,0.14084062482842605,0.14361947028624836,0.14624354519304578,0.14242914434169446,0.1386181409943294,1.0000012052378084,48,23.541666666666668
479.0,0.14547984966883828,0.1418328130381917,0.1410474154896062,0.144050324825822,0.14664289406585354,0.14263706527294148,0.13831084546977193,1.000001207768824,48,23.541666666666668
480.0,0.14488417010486224,0.1415109162559111,0.14125580564500095,0.1444691815020365,0.14702809781857493,0.14284188217163035,0.1380111568640828,1.0000012102998956,48,23.5
481.0,0.14428905464282446,0.14119923120094205,0.14146624918903156,0.14488147232578427,0.14740100877671614,0.14303754445776606,0.13772665230009612,1.0000012128309577,48,23.5
482.0,0.1437102091935024,0.14089680888469805,0.14168019486566813,0.14527484225338597,0.14776431899535103,0.1432258620308991,0.13744897920069757,1.0000012153619993,48,23.5
483.0,0.14314101438957455,0.14059942845334397,0.14189622477415834,0.14566098784089213,0.14811919776310073,0.14341222924215943,0.13717213549200172,1.00000121789303,48,23.5
484.0,0.14259391190420076,0.1403106760023183,0.142104560623966,0.1460338137421345,0.14846446587350098,0.14359225036819667,0.13690154197192506,1.0000012204240372,48,23.5
485.0,0.1420589302331416,0.14003483477523368,0.1423049753139937,0.146397867016836,0.1488024798947633,0.14375968627548916,0.13664244950779417,1.0000012229550483,48,23.5
486.0,0.14154846033448376,0.13976535463506568,0.14250128446659013,0.14675821864574431,0.1491326013771187,0.14391694874768102,0.1363783573415641,1.000001225486045,48,23.5
487.0,0.14105117326723535,0.13950917361122953,0.14268510048118405,0.14711005399150578,0.14945994726782422,0.14405767885441992,0.13612810060584207,1.0000012280170407,48,23.5
488.0,0.14056921791219104,0.13927079297972278,0.14285789653631226,0.14745300671499562,0.1497816902943418,0.14417384955767917,0.1358947766150006,1.0000012305480432,48,23.5
489.0,0.1401138081941484,0.1390443594164266,0.14302229661739185,0.1477836909680728,0.15009469692192745,0.1442689938745741,0.13567338714869323,1.0000012330790287,48,23.5
490.0,0.1396717245188513,0.13883269433604042,0.1431775481054586,0.14811419022612207,0.15040382022012264,0.14434366808126728,0.13545759018437648,1.000001235610036,48,23.5
491.0,0.1392572436062839,0.13862878387599242,0.14332159945146394,0.14843382371872446,0.1507072440390213,0.1443978682983314,0.13525467521342643,1.000001238141041,48,23.5
492.0,0.1388583255449961,0.13843895632206568,0.14345952668687253,0.14874091869290343,0.15100311040323142,0.1444321404180128,0.13506826266616812,1.0000012406720467,48,23.5
493.0,0.13848041451978804,0.13826559655688303,0.14358735462167663,0.1490369224340437,0.1512869551749778,0.14445516511888137,0.1348888348389971,1.0000012432030452,48,23.5
494.0,0.1381178870208069,0.13810064111548376,0.14370509936397105,0.14932140791456144,0.15155818798908693,0.14447026496501847,0.13472775742731175,1.0000012457340404,48,23.5
495.0,0.13777785458164152,0.13795237056699475,0.1438129039454248,0.14959078819128663,0.1518157375013964,0.1444780060623416,0.13457358747814688,1.000001248265031,48,23.5
496.0,0.13746402239861547,0.13781941019979388,0.14390623156683094,0.14984785329350275,0.15204994510967107,0.14447968568869637,0.13443410260109717,1.0000012507960037,48,23.5
497.0,0.13716786153407676,0.13769930438821845,0.1439919400182169,0.150092457859128,0.15227354853002334,0.14447872715528956,0.1342974139042122,1.000001253326962,48,23.5
498.0,0.136895118715109,0.13759531266436142,0.14407053190205213,0.15031944192769633,0.1524797217915547,0.14447848189375034,0.13416264702558067,1.0000012558579003,48,23.5
499.0,0.13665194944977682,0.1374998105597379,0.14413778700780408,0.15053297503792548,0.15266854636574773,0.14446326305011578,0.1340469269799093,1.0000012583888152,48,23.5
500.0,0.13643476451917966,0.1374199995414593,0.14419738363980542,0.15072299618967236,0.1528474330768734,0.14444325650009243,0.13393542751483853,1.0000012609197206,48,23.5
501.0,0.1362331135340224,0.13735333881599904,0.14425505753685988,0.1508984140223316,0.15301341095067658,0.14441396342187884,0.1338339652310129,1.0000012634505786,48,23.5
502.0,0.13605613218288753,0.1372978378576912,0.14430263397877144,0.15105463877926484,0.15316658692045265,0.1443834677782004,0.13373996854635076,1.0000012659814177,48,23.5
503.0,0.13590286949808242,0.1372560521716063,0.14435155890471849,0.1511861451151209,0.15330458906494404,0.1443408759861245,0.13365917783315692,1.0000012685115547,47,23.416666666666668
504.0,0.13576033003530721,0.13722745962970703,0.14439933415138953,0.15130093197687872,0.15343015122439246,0.14429518264192787,0.1335878814442519,1.000001271041651,47,23.416666666666668
505.0,0.13564582795562607,0.13720631276048328,0.14443814926559556,0.15139969283748797,0.1535310713159797,0.1442479112067629,0.1335323082919924,1.0000012735717276,47,23.416666666666668
506.0,0.13554350471129628,0.13719881246734744,0.14447101209250957,0.15149337309687788,0.15361334583608333,0.14419192210484216,0.13348930585435867,1.0000012761011141,46,23.375
507.0,0.13546722097162694,0.13719910365032054,0.1444979123392374,0.15156046841929857,0.15367677761528456,0.14413456423139234,0.13346523146618672,1.0000012786311465,47,23.416666666666668
508.0,0.13540672996236658,0.13720638168848334,0.14452066825986218,0.15161925033833237,0.153722587934469,0.1440744885795723,0.13345117446028484,1.0000012811611692,47,23.416666666666668
509.0,0.1353589389365478,0.13721880291132907,0.1445395846223354,0.1516679255814719,0.1537511259276316,0.14401296956072565,0.13345193621336524,1.0000012836912024,47,23.416666666666668
510.0,0.1353326623429832,0.13724251478930885,0.14455298515071363,0.15169392213490282,0.15376259628388048,0.14395035453848543,0.13346625104248175,1.0000012862205565,46,23.375
511.0,0.13532242173779013,0.13728177405832087,0.1445576114087289,0.15169611484734866,0.1537523378016174,0.14388993013156665,0.13350109882673775,1.0000012887499101,46,23.375
512.0,0.1353316105086896,0.13733425967809088,0.14455808596735464,0.15167967285004802,0.1537215820370753,0.1438306454054644,0.13354543489471973,1.0000012912792386,46,23.333333333333332
513.0,0.135368503550689,0.13739662016739446,0.14455119968173777,0.15163294301521343,0.15367761726096962,0.14377434514382553,0.13360006505094135,1.000001293808569,46,23.333333333333332
514.0,0.1354185140158233,0.1374714032934173,0.14454268406801032,0.1515681536095172,0.153614410618132,0.14372168432135282,0.13366444647389178,1.0000012963379428,46,23.291666666666668
515.0,0.13549032743761305,0.13755645077106396,0.14453516466503405,0.15148558176263008,0.15352427326136794,0.1436627585164664,0.1337467425153392,1.0000012988673106,46,23.25
516.0,0.1355834828602103,0.1376509880535726,0.14452627050707856,0.15138432859976825,0.15341635591410283,0.14360265397938593,0.13383722154478597,1.0000013013967028,46,23.25
517.0,0.13569872931963903,0.1377554231821496,0.1445134056978345,0.15126531329599865,0.15328560859312054,0.14354739498169083,0.1339354289178818,1.0000013039261137,46,23.25
518.0,0.1358264033457001,0.13786690903532603,0.14449165226461072,0.15113360831977032,0.15313895056119264,0.14349938511565438,0.13404439787548295,1.0000013064555355,46,23.25
519.0,0.1359753905682555,0.13798679506674236,0.14446770835558728,0.15099567852856893,0.1529677945401958,0.1434491644959134,0.13415877749190736,1.0000013089849706,46,23.25
520.0,0.1361385885731237,0.1381173978672677,0.1444351685855674,0.15084920536994764,0.15277868261600394,0.1433975736950272,0.13428469486968925,1.0000013115144222,46,23.25
521.0,0.1363230122308288,0.13825885172435723,0.14439811315795267,0.1506913266370961,0.15256700535920611,0.14334183678044388,0.13442116821619318,1.0000013140438777,46,23.25
522.0,0.13651921677059975,0.13841353191173714,0.1443559269814041,0.1505176820205901,0.15234143077178822,0.14328185003200006,0.13457167814741913,1.0000013165733384,46,23.25
523.0,0.1367319569941106,0.1385705399700853,0.1443069978670662,0.15032633727032055,0.15210961375798177,0.1432208368492721,0.13473503645617502,1.0000013191028116,46,23.25
524.0,0.13695899314177037,0.13873425222084296,0.14424921979478858,0.15012438952416868,0.15186937045252402,0.1431529062806308,0.13491219027977447,1.000001321632298,46,23.25
525.0,0.1372006626065738,0.13890437588423007,0.1441862724092753,0.14990773054202514,0.15162363165017106,0.14307679561539574,0.1351018555162426,1.0000013241617107,46,23.291666666666668
526.0,0.13745892591660244,0.13908288064369728,0.14412246677620916,0.14967340901935638,0.15137037002221237,0.14299370500474118,0.13529956937052198,1.0000013266911392,46,23.291666666666668
527.0,0.1377245347688181,0.13926088844615805,0.14405988153171195,0.14943511353213187,0.151116749102993,0.1429008389220851,0.13550332297886217,1.0000013292205587,46,23.291666666666668
528.0,0.13800659753189776,0.13944339856092092,0.14399109012398967,0.14919122448669458,0.1508567750903602,0.1428072599474342,0.1357049860708881,1.0000013317499845,46,23.291666666666668
529.0,0.13830296227408798,0.13963334602603059,0.14391436897459986,0.1489427373735843,0.15058313167988718,0.14271504579867544,0.13590974221481836,1.0000013342794827,46,23.333333333333332
530.0,0.13861567446728182,0.13980967649407003,0.14384565990192758,0.1486931160924328,0.15030344215351066,0.14262496836423663,0.1361087993976568,1.0000013368089122,46,23.291666666666668
531.0,0.13894803684698345,0.14000265517348115,0.1437684082720763,0.1484288355670955,0.15000720293173142,0.14254068706566791,0.136305513543518,1.00000133933835,46,23.291666666666668
532.0,0.1392984770119728,0.14019778497119265,0.14368477284927308,0.14816077471466169,0.14969955641337843,0.14246292405552133,0.13649705191399591,1.0000013418677924,46,23.291666666666668
533.0,0.13965417210235123,0.14039210738976182,0.14359597887650746,0.14789357984075854,0.14938813573704962,0.1423911393297299,0.1366862311832818,1.0000013443972389,46,23.291666666666668
534.0,0.1400205458551352,0.14059553898361601,0.14350902732711557,0.14761713685689498,0.14906752611973786,0.1423166101491603,0.13687496169730265,1.0000013469267597,46,23.25
535.0,0.14039457767532817,0.14080133964084582,0.14341681615747215,0.14734075378863537,0.14874833714820765,0.1422415011850896,0.13705802392290886,1.0000013494562896,46,23.25
536.0,0.1407759178297709,0.14100697842081758,0.14332401605391346,0.14705697881077817,0.1484265406453878,0.14216826772113478,0.1372426525662098,1.0000013519858097,46,23.25
537.0,0.14116050743878758,0.14121352178774638,0.1432279607604456,0.1467676210914794,0.14811131107103087,0.14209592174481053,0.13742451068324602,1.0000013545153457,46,23.25
538.0,0.14155099836502175,0.1414185551360896,0.14313748908247537,0.14647601684446612,0.14779320531680878,0.14201902756566942,0.13760606479648657,1.0000013570448152,46,23.291666666666668
539.0,0.14194729928423677,0.1416264083605094,0.14304353685207427,0.14617395915997708,0.1474821747591718,0.14194481344776472,0.1377831677727454,1.0000013595742758,46,23.291666666666668
540.0,0.14233698759287425,0.1418343645347616,0.1429470331165387,0.1458748648452357,0.14718002331344668,0.1418718236105732,0.1379562651525924,1.0000013621038193,46,23.333333333333332
541.0,0.14273995903347617,0.1420445085776477,0.1428508055150757,0.1455697560810896,0.14687404118528088,0.1418001935283349,0.13812210077465684,1.0000013646333592,46,23.333333333333332
542.0,0.14313899008599534,0.14225396561676545,0.14275010063663543,0.145265044700436,0.14657714832290317,0.14173307829388096,0.1382830395684846,1.0000013671628991,46,23.333333333333332
543.0,0.14353586225140097,0.1424699988214089,0.14264503470479983,0.14495844599301622,0.14628223880048516,0.14166531667895002,0.1384444725052596,1.0000013696931185,47,23.375
544.0,0.14392654318903153,0.14268738576238982,0.1425379788980938,0.14465894318521258,0.14598346799895598,0.14160172981019967,0.13860532344165835,1.0000013722233394,47,23.375
545.0,0.14430986215150815,0.14290858870865242,0.14242590448347442,0.14435792000201303,0.14568875399577313,0.14154461741131918,0.1387657280630234,1.0000013747535608,47,23.375
546.0,0.14467664460227395,0.1431332677772131,0.14230494065720595,0.1440688544860238,0.1453958722928222,0.141483554336258,0.13893824319420717,1.0000013772837995,47,23.375
547.0,0.14504021824137303,0.1433581678953175,0.14218583648581742,0.1437791354311571,0.145105336943698,0.14141271211898104,0.13911997275990876,1.0000013798140523,47,23.375
548.0,0.1453844839670931,0.14358014605735542,0.1420767546319013,0.1434947622579507,0.14481775120690463,0.14133821188021997,0.13930927240511287,1.0000013823443339,47,23.375
549.0,0.145727303541971,0.1437952065470888,0.14197174840128013,0.14321102319551735,0.14453542358895408,0.14125377167144204,0.13950690799058166,1.000001384874633,47,23.375
550.0,0.1460620792057568,0.14400432693530846,0.1418742150726434,0.14292768878038845,0.1442559897258256,0.14116952441704442,0.13970756333019987,1.000001387404966,47,23.375
551.0,0.14639750971980664,0.14420414422228597,0.1417828853643414,0.14264535117565402,0.1439831053304928,0.14108043429095524,0.13990795989399213,1.0000013899353264,47,23.375
552.0,0.1467240970940513,0.1443993431276243,0.14169844426751418,0.14236895974815486,0.1437162484212228,0.14098360266927576,0.14011069720007285,1.000001392465714,47,23.375
553.0,0.14704658819025787,0.14458644943957558,0.14162716751317278,0.14209038270611601,0.14345079819471235,0.14088871013812085,0.14031129887637137,1.000001394996125,47,23.375
554.0,0.14736558437769381,0.14476555183812986,0.14155796411121938,0.14182675110328805,0.1431880650227435,0.14079056987290672,0.14050691126278536,1.0000013975265647,47,23.375
555.0,0.14768617705834253,0.14493775946229107,0.141488224505955,0.14157287230646137,0.14292685846564973,0.14069538376285665,0.14069412455766803,1.0000014000570239,47,23.375
556.0,0.14799718009163707,0.1451020736475672,0.14142450728768902,0.14133221571616236,0.14266907454110345,0.14059829499656698,0.14087805636896641,1.0000014025874886,47,23.375
557.0,0.1482997000482974,0.14525728843375196,0.1413568100755638,0.1411053969830909,0.14241667865492144,0.14050727506969035,0.14105825591485946,1.000001405117974,47,23.375
558.0,0.14860583799794116,0.14540748420046187,0.1412909243466881,0.140884800618788,0.14216935953023035,0.14041874523568143,0.14122425578088105,1.0000014076484716,47,23.375
559.0,0.14890665416431387,0.14554766922142331,0.14122706271287236,0.14067607477918684,0.14193433361283492,0.14033101644144033,0.141378599309235,1.0000014101791035,47,23.333333333333332
560.0,0.14919987693797937,0.14567862571662699,0.14116508176540188,0.14047703311361182,0.14171109239077667,0.14024434006996545,0.14152536277758793,1.0000014127097492,47,23.333333333333332
561.0,0.14948715256134093,0.1458023707834139,0.1411051721994614,0.1402847834075785,0.14150147682470596,0.1401577201510536,0.14166273937504886,1.000001415240401,47,23.333333333333332
562.0,0.14976732385251754,0.14591375611517748,0.14105365141305093,0.14009743436388666,0.14130119473504715,0.140074597651806,0.14179345970177581,1.0000014177710594,47,23.333333333333332
563.0,0.150037152783358,0.14601774110935947,0.14101004408611464,0.13991751666387015,0.14111183535368158,0.13999043273256703,0.14191669763481654,1.0000014203015644,47,23.291666666666668
564.0,0.15029974397942722,0.146108382973834,0.14097027563611486,0.13974324469555716,0.14094135075838587,0.13990419971554208,0.14203422513541064,1.0000014228320695,47,23.291666666666668
565.0,0.15055399268655595,0.14618935627658902,0.14094277234287586,0.1395696857394511,0.14078174234996013,0.1398205704986313,0.1421433055307013,1.0000014253625644,47,23.291666666666668
566.0,0.1507999634796756,0.14625550798042808,0.14092274721033946,0.13941279532820963,0.14063324647064576,0.13973758098401579,0.14223958650193963,1.0000014278930542,47,23.333333333333332
567.0,0.15103620677936938,0.14631516130728017,0.1409098644661277,0.13925844715678823,0.1405001064422238,0.13965650887751813,0.1423251354564182,1.0000014304235199,47,23.333333333333332
568.0,0.15125762357604725,0.14636659619189205,0.1408961179117484,0.13911827909259092,0.1403767386545307,0.1395833130808347,0.14240276450854145,1.0000014329539837,47,23.291666666666668
569.0,0.15146602210573798,0.14640635865808405,0.1408829313048454,0.1389944651560447,0.1402584475965346,0.13951992302679667,0.14247328769856987,1.0000014354844122,47,23.291666666666668
570.0,0.1516611559485713,0.14644396298164908,0.14087110366486688,0.13888205613314852,0.14014877618016466,0.13945941624071564,0.14253496692790188,1.0000014380148168,47,23.291666666666668
571.0,0.15183535265083045,0.14647497692549644,0.14086537794296453,0.13878191089769903,0.14004568194155056,0.13940912931840668,0.14258901093045376,1.0000014405452,47,23.291666666666668
572.0,0.15199347440334182,0.1464947085808393,0.14084797086916356,0.13870171381087348,0.13995246976489759,0.1393716378932235,0.14263946781542813,1.0000014430755666,47,23.291666666666668
573.0,0.15213332937083512,0.1465115839352118,0.140833957681522,0.13863456701748333,0.13987034019284256,0.13933613968024447,0.14268152778997747,1.0000014456059132,47,23.291666666666668
574.0,0.15225920135383483,0.1465230246335443,0.1408185228245214,0.13857635227485343,0.13979811453005064,0.1393011543651759,0.14272507821646419,1.000001448136243,47,23.291666666666668
575.0,0.1523723681593594,0.1465328594404946,0.14080133138410636,0.1385289092287107,0.1397365844007668,0.1392753766883906,0.14275402142693489,1.0000014506665602,47,23.291666666666668
576.0,0.15245378813130997,0.14653549075744968,0.1407834330019408,0.13849623483705362,0.13968921105373214,0.13926338988032777,0.14277990559726383,1.000001453196878,47,23.291666666666668
577.0,0.15251891701271217,0.14653792976769914,0.14077056846429378,0.13846392308917504,0.1396522401624291,0.1392595980941228,0.14279827919827223,1.0000014557264991,46,23.25
578.0,0.15256838833628483,0.14654023778466702,0.14076173596448194,0.13843700279730292,0.13961823794905587,0.13926919131850468,0.1428066641680168,1.000001458256114,46,23.25
579.0,0.1525973391991015,0.14653403375371848,0.1407530035899204,0.1384176992949672,0.1396009775659811,0.1392857849885034,0.14281262245573953,1.000001460785731,46,23.25
580.0,0.1526115290776528,0.14652073346292624,0.1407586105378889,0.13839407485451105,0.13958394623225526,0.1393126761685586,0.14281989304375323,1.0000014633153433,46,23.25
581.0,0.15260511601605986,0.14650267168112532,0.14076134068906204,0.13838761120334434,0.13957329680000177,0.13935609223471362,0.14281533728285034,1.000001465844956,46,23.25
582.0,0.1525766316695372,0.14647828291653733,0.14076869006079912,0.13838515030541962,0.13957747910072663,0.1394077395615771,0.14280749482219227,1.0000014683745868,46,23.25
583.0,0.15252802616204963,0.14645248825459975,0.14077977138051384,0.13838911790573136,0.13958842184635856,0.13946360185138434,0.14280004356577103,1.0000014709042087,46,23.25
584.0,0.1524643391261455,0.14642756014945849,0.14079605494741204,0.13840420179598556,0.1396078038563424,0.13951016484109804,0.14279134877960045,1.0000014734338423,46,23.25
585.0,0.15237788410071512,0.14639859143202222,0.14081340772335654,0.1384307099758396,0.13964002972671907,0.13955954654604452,0.14278130652098994,1.000001475963484,46,23.25
586.0,0.15227075584075653,0.1463659498752081,0.1408324090434438,0.13846886412104453,0.13968193671476653,0.13960991720969076,0.14277164575036835,1.0000014784930753,46,23.291666666666668
587.0,0.15214646331498377,0.14632497927314422,0.14085174128278996,0.1385286709116457,0.13973770084729603,0.139658006687705,0.1427539187673041,1.0000014810226685,46,23.291666666666668
588.0,0.1520193851734652,0.1462804206322381,0.14087050705481213,0.13859726147138657,0.13980342545092103,0.1397021729357417,0.1427283108958936,1.000001483552254,46,23.291666666666668
589.0,0.1518826216491627,0.14622640591085542,0.14088756996666907,0.1386777413566423,0.13987873891649372,0.13974994491320575,0.14269846343113196,1.0000014860819573,46,23.375
590.0,0.1517321076931332,0.14616733277762736,0.14091728128951003,0.1387652943612362,0.13995826736989947,0.13980214970394528,0.14265905547852567,1.0000014886116766,46,23.375
591.0,0.15157656159104962,0.14610370552336377,0.14094090629356498,0.1388602077818233,0.14004971611245717,0.13985846337237337,0.14261193052897758,1.0000014911414064,46,23.375
592.0,0.15141201251678454,0.14603501729512966,0.14096972263211,0.1389574012472685,0.1401368625671469,0.13993375743660336,0.14255672003822284,1.000001493671063,46,23.291666666666668
593.0,0.15123695866741602,0.14596565783307816,0.14100119742766745,0.13906362797458297,0.14022455547648208,0.14001768346028048,0.14249181542342185,1.0000014962007282,46,23.291666666666668
594.0,0.1510539550359329,0.14589482047481353,0.14103258741016983,0.13917211177527616,0.1403204787874369,0.14011030641127797,0.1424172388977088,1.0000014987304149,46,23.291666666666668
595.0,0.15085504428950705,0.1458178943345439,0.14105979592723925,0.13928745679796692,0.1404235434779292,0.1402205385036731,0.142337227991461,1.0000015012601224,46,23.291666666666668
596.0,0.15064723210246206,0.1457440045280167,0.14108625628308596,0.1394052378105557,0.14052937732768156,0.14034150526738878,0.14224789053284184,1.0000015037898313,46,23.291666666666668
597.0,0.15042675526399332,0.14567976924899756,0.14110501474194687,0.13952854804297296,0.1406438260797299,0.14046294264103346,0.1421546503630915,1.0000015063195635,46,23.291666666666668
598.0,0.15020095333747951,0.14561257578721185,0.14112488950967558,0.13965471661673445,0.14076286332474383,0.14058708745739848,0.1420584228782716,1.0000015088493126,46,23.291666666666668
599.0,0.14997136582193688,0.14554079360347752,0.1411378249749378,0.1397879195709593,0.14089797722025207,0.14070707546470254,0.14195855478502373,1.000001511379087,46,23.291666666666668
600.0,0.1497391653635995,0.14547406420514905,0.14114918645943667,0.13992124750550983,0.14104252335696105,0.14082058672829986,0.14185474035212176,1.000001513908874,46,23.291666666666668
601.0,0.14950441635818065,0.14540538267889797,0.14115675427397192,0.1400598247261102,0.14119860002163406,0.14092597205779972,0.14175056638429653,1.0000015164386897,46,23.291666666666668
602.0,0.1492649907813122,0.145333524270911,0.1411673313118188,0.14020140884511947,0.14136700675633246,0.14102111150424312,0.14164614556097302,1.000001518968506,46,23.291666666666668
603.0,0.1490281668060724,0.14525882561869946,0.14116866743269374,0.14034498121381186,0.14154634262515745,0.14111237732405493,0.14154216054004087,1.0000015214983284,46,23.291666666666668
604.0,0.14879457789304237,0.1451791946245557,0.14117642701942856,0.14048128090555342,0.14174253455683333,0.14118852336497983,0.1414389857259502,1.0000015240281426,46,23.291666666666668
605.0,0.14855984666029456,0.14509159598468968,0.14118836879583424,0.14061984236543237,0.14194924520638028,0.14126301860910953,0.14132960899841585,1.0000015265579572,46,23.291666666666668
606.0,0.14833156632441,0.1450022766784177,0.14120470614874517,0.14074310020432726,0.14216086896770508,0.14133385634215617,0.1412251544841978,1.000001529087756,46,23.291666666666668
607.0,0.14810290834339984,0.14490866019660023,0.14122668660799104,0.1408626974763863,0.142379551212607,0.1414024229107289,0.14111860493204564,1.000001531617558,46,23.291666666666668
608.0,0.14788163302921017,0.144804805451765,0.1412520571545299,0.1409889430072392,0.1425972303422979,0.14146685132592757,0.14101001389864265,1.0000015341474118,46,23.25
609.0,0.14766215902087407,0.1446894709214851,0.1412798746059751,0.14112412067798719,0.14281577183238953,0.14153152482188006,0.14089861485880759,1.000001536677197,46,23.291666666666668
610.0,0.1474430820329173,0.1445747468149643,0.14131287065260176,0.14125923785535593,0.14303107559363654,0.14159261420771518,0.14078791211199457,1.0000015392069825,46,23.291666666666668
611.0,0.1472317489138079,0.14445759760888569,0.14134541356322616,0.14139847241037082,0.14323633200953118,0.14165731206479662,0.1406746652284226,1.0000015417368406,46,23.333333333333332
612.0,0.1470168916984963,0.1443404834220623,0.14137963893677485,0.1415419839649392,0.14343872988926487,0.14171798765238092,0.14056582876497825,1.0000015442666965,46,23.333333333333332
613.0,0.14680726914549938,0.1442171014937287,0.14141514678356226,0.14168774711028131,0.14363964753226277,0.1417810887290699,0.14045354606450353,1.0000015467967074,46,23.291666666666668
614.0,0.14660224903737734,0.14409827292617394,0.14145182887941704,0.1418312765564644,0.14383914671115014,0.1418381897192923,0.14034058555903503,1.0000015493267098,46,23.291666666666668
615.0,0.14639625243234713,0.1439732901871501,0.14148849356299265,0.14198136609873868,0.14404773967608817,0.1418992169080779,0.14021519305351435,1.0000015518567087,46,23.291666666666668
616.0,0.14619384248755488,0.1438517199936095,0.14152548751723987,0.14213228338668304,0.14425525524179805,0.14195392264157697,0.14008904318030155,1.0000015543865606,46,23.25
617.0,0.1459968407563449,0.14373317127006902,0.14156563882271317,0.14227819165362363,0.1444650472779678,0.1420071133470739,0.13995555385083192,1.0000015569164236,46,23.25
618.0,0.14580041158744028,0.14361406907580376,0.1416100419000792,0.14242997008578284,0.14467615400007952,0.14205309868995783,0.13981781416934186,1.0000015594462845,46,23.25
619.0,0.14561535631521463,0.14349164540028186,0.14165437208773915,0.1425707814946558,0.14489526804462113,0.14209578925505303,0.13967834944077218,1.0000015619761382,46,23.25
620.0,0.14543278877232613,0.1433708527860974,0.14170520276605247,0.1427148387282453,0.14510172577204894,0.1421315053333911,0.13954465041003228,1.0000015645059912,46,23.25
621.0,0.14525755038197832,0.14324578756357415,0.14175945268229298,0.14286086362446515,0.14530992791894567,0.1421552849743867,0.13941269995234534,1.0000015670357887,46,23.291666666666668
622.0,0.14508985690311788,0.14312166040166635,0.14182015930711964,0.14299577639389088,0.1455131666267859,0.14217708660071166,0.13928386339454443,1.000001569565632,46,23.25
623.0,0.1449243431966657,0.14299686155730923,0.14187782592391363,0.14313427570263526,0.14571425427489976,0.1421928576079944,0.13916115389426864,1.0000015720954873,46,23.25
624.0,0.14476668517666047,0.1428700632211984,0.14193789572615567,0.1432736189944666,0.14590235735097745,0.14220613876504126,0.1390448154530371,1.0000015746253341,46,23.25
625.0,0.14461326665874452,0.14274392384702222,0.14199648853896524,0.14342272250315782,0.14607440200029626,0.14222084664345427,0.1389299270257347,1.0000015771551731,46,23.25
626.0,0.1444671310180414,0.14261662368363143,0.14204935154657944,0.1435735879086188,0.14624134156815238,0.1422344871774432,0.13881905684468535,1.0000015796849522,46,23.291666666666668
627.0,0.14432221293750094,0.14249492298138103,0.14209929334993726,0.14371841366879373,0.14639294489807286,0.1422603658326446,0.1387134286085826,1.000001582214711,46,23.291666666666668
628.0,0.14418132897915983,0.14237929999799143,0.14214746698021943,0.1438665559074608,0.14653195999556143,0.14228686336419175,0.1386081095820934,1.0000015847444772,46,23.291666666666668
629.0,0.1440421029551307,0.14227169820504576,0.1421926501781087,0.1440140408627149,0.1466562174285718,0.14232315412473912,0.13850172358212612,1.0000015872742367,46,23.291666666666668
630.0,0.14390403164791327,0.1421677569045512,0.1422343054540419,0.14415879871902193,0.14676555612469824,0.14236769083671608,0.13840345017926708,1.000001589804007,46,23.291666666666668
631.0,0.14376403233460708,0.14206431114083748,0.14227362857829323,0.1443092447491268,0.14686219459281158,0.14242202643351398,0.13830615456678075,1.0000015923337684,46,23.291666666666668
632.0,0.14362486624422072,0.14197258703995694,0.14231862750996,0.14444044124030953,0.14694789494617283,0.14248307027415613,0.13821410767103015,1.0000015948636016,46,23.25
633.0,0.14348794520398958,0.14188334868946295,0.1423643004792167,0.14456404307531662,0.14702338844066412,0.14255286067164663,0.1381257108953352,1.000001597393432,46,23.25
634.0,0.14335192278107547,0.1418007991392628,0.14241794522475532,0.1446771199435011,0.1470920539081025,0.14262435546640503,0.13803740352235272,1.00000159992325,46,23.25
635.0,0.1432225847079568,0.1417294081303057,0.14247137954001327,0.1447826218729456,0.14714851227054265,0.14269428639653303,0.13795280959696812,1.0000016024530625,46,23.25
636.0,0.14309903887852946,0.14165770252226945,0.14252602650189103,0.1448855955571867,0.14720625179554148,0.14275956580316634,0.1378674239864851,1.0000016049828655,46,23.25
637.0,0.14297870314499234,0.14159454860213785,0.14258521873459884,0.14498187328823206,0.14725364075416905,0.14281763815493387,0.13778998489580516,1.0000016075126676,46,23.25
638.0,0.14287473616541846,0.14153214573947087,0.14264508082442443,0.14507973092611112,0.14729278862562772,0.14286303663966265,0.137714091183928,1.0000016100424407,46,23.208333333333332
639.0,0.14277613294069685,0.14147774323875012,0.1427079491605046,0.1451769977230391,0.14732242501314052,0.1428960072940478,0.1376443572642235,1.0000016125722015,46,23.208333333333332
640.0,0.14268901446593216,0.14142066071546822,0.14277376779656933,0.14527637166421353,0.14735109908304914,0.1429130886224484,0.13757761281646255,1.0000016151019444,46,23.208333333333332
641.0,0.1425993439523408,0.14136525129693595,0.1428459914417303,0.1453771613145935,0.14737519256538867,0.1429197125068663,0.1375189646160229,1.0000016176316755,46,23.208333333333332
642.0,0.14252601132576437,0.14131696671034827,0.14291312021223357,0.14546581205074385,0.14739745618784222,0.14291701197746703,0.13746524175919192,1.0000016201613906,46,23.208333333333332
643.0,0.14246280228499922,0.14126605660973213,0.14298329931906442,0.14555262764164578,0.14740831542473448,0.1429110474891279,0.13741747398393186,1.0000016226910355,46,23.25
644.0,0.14240698754937117,0.14122503423887922,0.14305143506333798,0.1456291300207654,0.14740701658303657,0.14290300850383636,0.13737901332360078,1.0000016252206247,46,23.208333333333332
645.0,0.14234967503895402,0.14119067850877698,0.14312121153037766,0.1456973642547054,0.1473998008544707,0.14289334423002803,0.1373495533951679,1.0000016277502777,46,23.25
646.0,0.1423086914603335,0.14115654074642142,0.14318767773488453,0.1457598812015786,0.14738623054766653,0.14288617037724943,0.13731643827400644,1.0000016302799375,46,23.25
647.0,0.14225991171757496,0.14113333907338535,0.14324888054851348,0.14581407645571057,0.14736608878929322,0.14288332746152244,0.1372960088257976,1.0000016328095926,46,23.25
648.0,0.1422202629668083,0.1411150482854283,0.14331034162422746,0.1458449001949466,0.14735030513620329,0.14288018340618913,0.13728059378765142,1.0000016353392527,46,23.25
649.0,0.1421860543475632,0.14110755424577048,0.14336246909999834,0.14586718440145044,0.14732934697221733,0.1428809493188541,0.1372680795452691,1.000001637868922,46,23.25
650.0,0.14215499791589528,0.14110370689979781,0.1434110075578751,0.14587463435727777,0.14731349468159696,0.14288106230762376,0.13726273674074388,1.000001640398611,46,23.25
651.0,0.142134168002869,0.1411074717246463,0.14345558499531033,0.14586967149207522,0.14729743140566529,0.14287826799361814,0.13725904737635375,1.0000016429283376,46,23.208333333333332
652.0,0.1421168116798406,0.14111875458330736,0.14349592165985786,0.14585170823829774,0.1472798057017735,0.14287391529099108,0.13726472836622644,1.0000016454580922,46,23.208333333333332
653.0,0.14210856163827132,0.14113668081600822,0.1435240160041855,0.14582170655890292,0.14726608453751783,0.14286976299397744,0.13727483550121497,1.000001647987875,46,23.208333333333332
654.0,0.14210362164832932,0.14115838901334274,0.14354698481141567,0.14578741240600207,0.14725014603593006,0.14286233874878057,0.1372927579160781,1.0000016505176752,46,23.208333333333332
655.0,0.14210718051337518,0.14118634867441196,0.1435659641069289,0.145751714899473,0.14722949357541132,0.14284646832841522,0.13731448301169225,1.000001653047504,46,23.208333333333332
656.0,0.14211885202165955,0.14122300591766154,0.1435719900813892,0.14571296146415985,0.14721041218315623,0.14282659855259666,0.13733783541894826,1.0000016555773692,46,23.208333333333332
657.0,0.14213991145473637,0.14126963505061996,0.14357010351842228,0.14567813180709122,0.1471837837997181,0.14279637190894093,0.1373637206299377,1.0000016581072626,46,23.166666666666668
658.0,0.14216984890106507,0.14131949294533516,0.14356876259947565,0.14563552559686738,0.14714829830290752,0.14276729401090632,0.13739243834281892,1.0000016606371793,46,23.166666666666668
659.0,0.14220929333331253,0.14138197260742918,0.14355805673016195,0.14559732901349287,0.14710398464457183,0.14273007732519963,0.13742094957518705,1.0000016631671562,46,23.125
660.0,0.14225296485632052,0.1414503624367846,0.14353993675498222,0.14557020609893856,0.14705125714717251,0.14268517566101185,0.1374517628040624,1.0000016656970707,46,23.083333333333332
661.0,0.14230848516033362,0.14152547874682325,0.14351373172451326,0.14553727400303382,0.14699067800404073,0.14264300701021523,0.13748301364024418,1.0000016682270032,46,23.083333333333332
662.0,0.14236324001800876,0.14160326066919443,0.1434897024865354,0.14550619472058893,0.14692545588375933,0.14259847284038496,0.13751534420067602,1.0000016707569455,46,23.083333333333332
663.0,0.14243131669280082,0.14168624298312502,0.1434575000426113,0.14546910280698125,0.1468525603607552,0.14255343074911772,0.1375515197137808,1.0000016732869697,46,23.041666666666668
664.0,0.14250508514079988,0.14177228026750965,0.1434262009832678,0.14542192600412535,0.1467783253156733,0.14251199501828624,0.1375858631495297,1.0000016758169874,46,23.041666666666668
665.0,0.14258743578167024,0.14186544806315052,0.1433905859488519,0.14536439382717387,0.1467072844660247,0.14246548978088788,0.1376210405414475,1.0000016783470067,46,23.041666666666668
666.0,0.14266521167832025,0.14196114375796257,0.14335649866137942,0.14531134942869872,0.1466323824991473,0.14241431548516972,0.13766077942853513,1.0000016808770131,46,23.041666666666668
667.0,0.14275728867290965,0.14206160889582076,0.14332052105705537,0.14524570224877917,0.146551662239285,0.14236029960615684,0.13770460074920662,1.0000016834070125,46,23.041666666666668
668.0,0.1428538591219389,0.14216183051516498,0.14328503588792574,0.14517275643866914,0.14647133750709843,0.14230325450558004,0.13775361202282022,1.0000016859369951,46,23.041666666666668
669.0,0.142950980524914,0.14226238081627132,0.1432455818110746,0.14509217194582805,0.1464005008073949,0.1422395759304518,0.13781049669324766,1.0000016884669785,46,23.041666666666668
670.0,0.14304899969109358,0.1423607982604755,0.14320346774769055,0.14500547249935924,0.14634107801616178,0.14217096543209232,0.13787090941227,1.0000016909969416,46,23.041666666666668
671.0,0.14315303077106808,0.1424632922498121,0.14316028857286878,0.14491311379089347,0.14627613053161043,0.14210027365144537,0.1379355640213892,1.0000016935268845,46,23.041666666666668
672.0,0.14326187801510198,0.14256615919957646,0.14311817255291973,0.14481065001904117,0.146214036550207,0.1420275468674234,0.1380032529147335,1.0000016960568012,46,23.041666666666668
673.0,0.14336838852567693,0.14266746752582407,0.14307234380189937,0.14470410743791026,0.14615925423144224,0.14195723350688785,0.13807290361926375,1.000001698586703,46,23.041666666666668
674.0,0.14347356503568207,0.14277378606329422,0.14302637927560416,0.14459794347408939,0.1461032743444198,0.141883524339921,0.13814322864576722,1.0000017011165743,46,23.041666666666668
675.0,0.14357812608794654,0.1428722095756698,0.14298739710842243,0.14448764085243207,0.14604464114569002,0.1418200302064897,0.13821165873197944,1.000001703646428,46,23.041666666666668
676.0,0.14368944791745242,0.14297387101688222,0.14295231620975382,0.14437074235945532,0.14598177852894098,0.14176057066804676,0.1382729795379222,1.0000017061762503,46,23.041666666666668
677.0,0.14380239091852284,0.14307271672349536,0.1429199528228994,0.14425383986686766,0.14591174351621022,0.14171188048113537,0.13832918443912876,1.0000017087060586,46,23.041666666666668
678.0,0.14391374600478557,0.14316553974570606,0.14289399257033694,0.14414045312891577,0.14583063444058333,0.1416749732111544,0.13838237219658078,1.0000017112358608,46,23.041666666666668
679.0,0.14402519968315272,0.14325790834448626,0.14286823995011522,0.14402932116026032,0.14573876271218858,0.14164628820853173,0.13843599376912186,1.0000017137656554,46,23.041666666666668
680.0,0.14413587062197017,0.14335009360413006,0.14284615096999367,0.14391628101372955,0.1456416234575209,0.14162086497588466,0.13849083171441975,1.0000017162954482,46,23.041666666666668
681.0,0.14424934559302943,0.143436604018711,0.14282727347504054,0.14380341117366294,0.14553917508835054,0.14160148459399882,0.13854442494464955,1.0000017188252406,46,23.041666666666668
682.0,0.14436462255919985,0.1435175540618681,0.14281327877856792,0.14369181027728484,0.1454295852050877,0.1415843588980643,0.1386005116371553,1.0000017213550254,46,23.041666666666668
683.0,0.14447589897219085,0.1435995186624947,0.1427993789062722,0.14358384132666357,0.14531426279416362,0.14156832390404514,0.1386604993811158,1.0000017238847432,46,23.083333333333332
684.0,0.14457928312529975,0.14367180028870827,0.14279090441088904,0.14348474035377598,0.14519784854728088,0.14155257314134592,0.1387245766093641,1.0000017264144585,46,23.083333333333332
685.0,0.1446871615173502,0.1437449062055526,0.14278326633099533,0.14338265958268784,0.1450786275070467,0.14153531963745283,0.13878978822530033,1.000001728944183,46,23.083333333333332
686.0,0.14478480182531359,0.1438149349840607,0.14277579990498498,0.14328214198936787,0.14496646634238022,0.14151632754301954,0.13886125894698378,1.0000017314739087,46,23.083333333333332
687.0,0.14488686317917934,0.1438751448516725,0.1427681082408281,0.14318017273835154,0.14485746917121148,0.1414953521122415,0.13893862377235683,1.0000017340036398,46,23.083333333333332
688.0,0.1449842585536043,0.14393330001449126,0.14276291037144967,0.14308366458193006,0.14474994807710898,0.14146965712661982,0.1390179978704375,1.0000017365334373,46,23.041666666666668
689.0,0.1450702757321078,0.14398449836471924,0.14275818515662822,0.14299425170198465,0.1446497099820265,0.14143996333947148,0.13910485484852245,1.000001739063258,46,23.041666666666668
690.0,0.1451629943299602,0.14403801377347722,0.14275205581205147,0.1429025963926705,0.14455197879750098,0.14140177555621325,0.1391923269934056,1.0000017415930769,46,23.0
691.0,0.14525295533544602,0.14408707221529368,0.14273943357542815,0.14282022037640443,0.1444598946205683,0.14136056143037326,0.13928160663160524,1.000001744122916,46,23.0
692.0,0.14534582193625312,0.14413506182370608,0.14272540084579208,0.14274204258318893,0.144369671988134,0.14131546127431494,0.13936828626359463,1.000001746652781,46,23.0
693.0,0.14544259868156467,0.1441817758400536,0.14270691402272315,0.14267247818609174,0.14428277252616076,0.14125635835581654,0.13945885163245492,1.0000017491826625,46,23.0
694.0,0.1455432464885354,0.14423127322762205,0.1426735578842219,0.1426085546086933,0.1442067280551648,0.1411961520603576,0.13954223945017374,1.0000017517125674,46,23.0
695.0,0.14564802793583925,0.1442722761621529,0.1426399743138441,0.14255402449052684,0.1441353616796528,0.1411325195697954,0.13961957015288512,1.0000017542424946,46,23.0
696.0,0.14575180759512016,0.14431169101066432,0.14259964298948646,0.14250866696605394,0.1440687993724884,0.14107138691369991,0.13968976198642583,1.000001756771737,45,22.958333333333332
697.0,0.14585536808093627,0.14434872003351903,0.14255110087372,0.14246952516529154,0.1440066479236676,0.1410175060648842,0.13975289122110374,1.0000017593009203,45,23.0
698.0,0.14596078976385052,0.1443882292336314,0.14249593354380824,0.14243569794852384,0.14394569691080789,0.1409717684428596,0.1398036460488381,1.0000017618301174,45,23.0
699.0,0.1460661140850113,0.1444274566820383,0.14244907994298953,0.1424002673196142,0.1438739238853059,0.14093787172611275,0.13984705078046542,1.0000017643593355,45,23.0
700.0,0.14617188140757623,0.14446260211651965,0.14239619353525837,0.1423679183472866,0.1437984748712566,0.14091592366380268,0.13988877300905106,1.0000017668885486,45,23.0
701.0,0.14626918603572217,0.14449767389635348,0.14234311016958842,0.1423410114907392,0.14371915159232163,0.14090541617737082,0.13992622011787023,1.000001769417766,45,23.0
702.0,0.14636775971232868,0.14453304627551194,0.14229316566992598,0.14230859098842794,0.14363980750951785,0.14090363471769726,0.13995576713584304,1.0000017719470506,45,22.958333333333332
703.0,0.1464636992383499,0.14457087827410195,0.1422469254199989,0.14227242197120027,0.14355529116748114,0.14090717871497038,0.13998537975238104,1.0000017744762824,45,23.0
704.0,0.14654958482357938,0.1446080204459484,0.14220558215302112,0.14223322194239432,0.1434787218200788,0.14091276597402042,0.14001387990867958,1.0000017770055203,45,23.0
705.0,0.14663408002250222,0.14464124072673887,0.14216753311509187,0.14219335267152214,0.14340877201376065,0.14091238181557422,0.14004441923178407,1.0000017795347727,45,23.0
706.0,0.14670901171420986,0.14467380895442836,0.14212725260305237,0.14215436858353275,0.14334259219020848,0.14091394549500078,0.14008080258580471,1.0000017820640361,45,23.0
707.0,0.1467859965519538,0.1447046816950115,0.14208884964327956,0.14211526903008992,0.143280670084247,0.1409103291863464,0.1401159884645795,1.0000017845933051,45,23.0
708.0,0.14685321411434274,0.144736922181239,0.14205078345543504,0.1420797636989809,0.14322116565518042,0.14091092759552057,0.14014901048410325,1.0000017871225988,45,23.0
709.0,0.14691770810798,0.1447680808230679,0.14201543072011788,0.14204680308405548,0.1431634815035016,0.14091014754356118,0.14018013793181697,1.0000017896518956,45,23.0
710.0,0.14698315392637432,0.14479805578025745,0.1419784391313008,0.14201860460437962,0.14310476382442164,0.14091245666027657,0.14020631831640165,1.0000017921812092,45,23.0
711.0,0.14705026224370105,0.14482322310233353,0.1419444538671181,0.14198610127064643,0.14305228664983916,0.1409182866413318,0.14022718099782516,1.0000017947105968,45,22.958333333333332
712.0,0.14711575843041644,0.1448458127290028,0.14191821562271,0.14194813570237544,0.14300331332041324,0.14092890893139254,0.14024165256586135,1.0000017972399713,45,22.958333333333332
713.0,0.14718037121227984,0.14486708275929305,0.14189473827263577,0.14190921148559626,0.14295710782124976,0.14094636094105162,0.1402469273394545,1.000001799769357,45,22.958333333333332
714.0,0.14724221767183737,0.1448911080143582,0.14187080472728855,0.1418738809452289,0.14291584205315433,0.14096130977365148,0.14024663917542607,1.0000018022987442,45,22.958333333333332
715.0,0.14730004750165632,0.1449148775394015,0.14185500545062196,0.1418358414945624,0.14287781884620543,0.1409781779787617,0.1402400360791113,1.0000018048281174,45,22.958333333333332
716.0,0.14735006412580648,0.14494056536210584,0.14184229462418477,0.1417955898146243,0.14284926228138642,0.14099384649219499,0.14023018471939505,1.0000018073574934,45,22.958333333333332
717.0,0.1473896044859619,0.14495987128266083,0.14183732084011902,0.14175963902553074,0.1428285220412102,0.14100865426987713,0.1402181980037123,1.000001809886867,45,22.958333333333332
718.0,0.14742448782430895,0.14497677066116307,0.14184078856977272,0.14172142971472118,0.1428172040061356,0.14101251603937595,0.14020861566296552,1.000001812416243,45,22.958333333333332
719.0,0.14745511108779977,0.1449856950676265,0.14185232315912105,0.14168124912970367,0.1428169855801369,0.14100983563319858,0.14020061535022976,1.000001814945617,45,22.958333333333332
720.0,0.14748673139243326,0.144993298486413,0.1418682263645596,0.14163330092067622,0.14281856878285046,0.1410101103899878,0.14019158120026623,1.0000018174749823,45,22.958333333333332
721.0,0.14750967164130752,0.14499593486484588,0.1418906414834054,0.141591198692522,0.14282463075834637,0.1410078748347938,0.14018186779126607,1.0000018200042893,45,23.0
722.0,0.14752393830075416,0.14499233703973916,0.1419134498917511,0.14155354954309157,0.14283441523253512,0.14100697887520555,0.1401771537127219,1.0000018225335965,45,23.0
723.0,0.1475293385102691,0.1449875399085997,0.1419355989644005,0.1415139762199974,0.14284109698952466,0.14101130891232452,0.14018296562001478,1.0000018250629268,45,23.0
724.0,0.1475266794163263,0.14498085036504582,0.14195798704340115,0.14147631775424369,0.14284735983401067,0.14102159875327439,0.14019103448817374,1.0000018275922722,45,23.0
725.0,0.14751282251437114,0.1449752825083168,0.1419784253903712,0.14144342630974066,0.1428561938204218,0.14103685156727544,0.1401988280733435,1.000001830121639,45,23.0
726.0,0.14749924248053758,0.14496848814172023,0.14199564047010957,0.14140900403804654,0.14286358779678568,0.14105915083236262,0.1402067189537361,1.000001832651096,45,23.041666666666668
727.0,0.14747701090558488,0.14496339366085284,0.14201397508341462,0.14137292741351168,0.14286224974023362,0.14109136203387262,0.1402209164053066,1.000001835180576,45,23.041666666666668
728.0,0.14744721782268774,0.14495583219526315,0.14202936849313094,0.14134570511865843,0.14286353211985847,0.14113413352532395,0.14022604849733372,1.0000018377100557,45,22.958333333333332
729.0,0.14740995543993374,0.14495260503900895,0.1420471133856743,0.14131402722213704,0.14286097572779077,0.14118180168451008,0.14023536180269763,1.0000018402395534,45,22.958333333333332
730.0,0.1473622437752726,0.1449475787235602,0.14206778943249207,0.14128904771813064,0.14285625852451228,0.14123242392209642,0.14024650073519462,1.0000018427690558,45,22.958333333333332
731.0,0.14730932262417784,0.14494460377794102,0.14208176149599477,0.14126207801742602,0.14285440316467757,0.1412890517541266,0.1402606245264334,1.0000018452985744,45,22.958333333333332
732.0,0.14724875885912864,0.14493817589371974,0.14210439007847872,0.14123843862768085,0.14284879455132374,0.14134370656558493,0.14027958331437929,1.000001847828096,45,22.958333333333332
733.0,0.14718516762298084,0.14492968378987658,0.14212610296455375,0.14121808941855735,0.1428470088341408,0.14139553771358165,0.1403002600761359,1.0000018503576267,45,22.958333333333332
734.0,0.14712166649713307,0.14492120694465427,0.14214846038469195,0.1411992709059472,0.1428464620565294,0.1414412302921551,0.14032355586825834,1.000001852887167,45,22.958333333333332
735.0,0.14705825127207753,0.1449040534902378,0.14217553331343635,0.14117981410767505,0.14284938957329615,0.14148443361501087,0.14035038010717613,1.0000018554167105,45,22.958333333333332
736.0,0.14699614639547606,0.14488532355441125,0.14219910095094662,0.14115872204171148,0.142867867787026,0.14152268302550822,0.14037201425337784,1.000001857946255,45,22.958333333333332
737.0,0.14693069509657028,0.14486357227196356,0.14222600872279517,0.14113627895007083,0.14289048926190231,0.14155808852439825,0.14039672771030426,1.0000018604758023,45,22.958333333333332
738.0,0.14687296468105657,0.14484136530671043,0.14224421883230798,0.14111877788612934,0.1429164270813045,0.1415908103347085,0.14041729894531843,1.0000018630053336,45,22.958333333333332
739.0,0.1468198555918566,0.14481720994183925,0.1422624129269019,0.14110731754848915,0.1429370544352387,0.1416274808454542,0.14043053430728733,1.0000018655348628,45,22.958333333333332
740.0,0.14676280757966095,0.1447858626048502,0.14227821764073936,0.1411072245407453,0.14296088717978503,0.14166627608132867,0.1404405924994959,1.0000018680644054,45,22.958333333333332
741.0,0.1467043153823291,0.144760472700977,0.1422846188008057,0.14111097338784126,0.14298973240071153,0.14170711953684134,0.14044463844664046,1.0000018705939449,45,22.958333333333332
742.0,0.1466476446919071,0.14473109565890152,0.14228799872123374,0.14112694385397048,0.14301623401360708,0.14174748384009145,0.14044447240596603,1.0000018731234763,45,22.958333333333332
743.0,0.14658043238862664,0.14470589679000923,0.1422918931180772,0.14114568234155295,0.1430461993449434,0.14178701106869887,0.14044476066329453,1.0000018756530038,45,22.958333333333332
744.0,0.14650929405627272,0.14467938897960644,0.14229078176198814,0.14117360234370366,0.143078692198291,0.1418270590894661,0.14044305981540142,1.0000018781825306,45,22.958333333333332
745.0,0.14643575120258934,0.14465497485582604,0.1422876465838657,0.14120413565001463,0.1431117258642478,0.1418614620126103,0.14044618460509972,1.0000018807120514,45,22.958333333333332
746.0,0.14636072700411187,0.14462546385793712,0.14227875926039188,0.14124056593790377,0.1431564365434742,0.14188291686089893,0.14045701383905776,1.0000018832415738,45,22.958333333333332
747.0,0.14628016226397406,0.14459714819885044,0.14227213977670883,0.14127985430565249,0.14320735254385084,0.14189190290971115,0.1404733258345456,1.000001885771092,45,22.958333333333332
748.0,0.14619969591231988,0.14456281949782476,0.1422656578716052,0.14131779206563647,0.14326956985491812,0.14189207309997307,0.1404942800605295,1.0000018883006054,45,22.958333333333332
749.0,0.14612354013481435,0.14452994249451864,0.14224281650166806,0.1413619840969505,0.1433382910204809,0.14188461441752104,0.14052070222635543,1.0000018908301074,45,22.958333333333332
750.0,0.1460500729896448,0.14449997511065235,0.1422197772200817,0.1414048761024685,0.14341618687782445,0.14186692968228473,0.1405440754388481,1.0000018933596027,45,22.958333333333332
751.0,0.14598003828468767,0.14446631970962726,0.1421960854456517,0.14145324343006335,0.1434926293688827,0.14185014560472187,0.14056343410765737,1.0000018958890873,45,22.958333333333332
752.0,0.14592091765719298,0.14442279571879835,0.14216954373304988,0.14150312889933522,0.1435740812901689,0.1418335142218623,0.14057791696037847,1.0000018984185848,45,22.958333333333332
753.0,0.14586431423066626,0.14438091633507874,0.14214379424879273,0.14155766904871303,0.14365812955816737,0.14181210133296968,0.14058497625587393,1.000001900948062,45,22.958333333333332
754.0,0.14582235750319397,0.14433914877635354,0.14211713955484767,0.14161290056755935,0.14374243982854312,0.141795855680666,0.14057206162857155,1.0000019034775345,45,22.958333333333332
755.0,0.14578319220667546,0.14430091440369358,0.1420878081229372,0.14167171117331842,0.14382269657088073,0.14178038718849437,0.14055519640319972,1.0000019060069962,45,22.958333333333332
756.0,0.1457516634132735,0.14425926671887296,0.142057877838094,0.14173683401111786,0.14390069521071977,0.14176866183398612,0.14052690957258382,1.0000019085364469,45,22.958333333333332
757.0,0.1457238683360277,0.14421863126666729,0.14202765645881452,0.14180912416547345,0.14397096794656364,0.1417613706337327,0.14049029232081156,1.0000019110658904,45,22.958333333333332
758.0,0.14569956789861033,0.14417826776289927,0.1420014600765903,0.14187501654780854,0.1440413588438112,0.14176407116669085,0.14044217136110682,1.0000019135953162,45,22.958333333333332
759.0,0.1456734408738567,0.1441374452653989,0.14197405894325102,0.14195208658712768,0.14410494188004425,0.14177263752478145,0.14038730511248185,1.0000019161247402,45,22.958333333333332
760.0,0.14565262697580333,0.14409831151321445,0.1419600580444644,0.14202194454862943,0.14415858890493566,0.1417871993490665,0.1403231893802359,1.0000019186541484,45,22.958333333333332
761.0,0.14562525358325654,0.14406080901409735,0.1419418589226286,0.14209685541504236,0.1442173983380961,0.14180725754009205,0.14025248843254043,1.0000019211835502,45,22.958333333333332
762.0,0.14559529523351109,0.14401907539593453,0.14193216106902162,0.14217231229913888,0.14427509005586536,0.1418221963378707,0.14018579338380527,1.0000019237129472,45,22.958333333333332
763.0,0.14556145733012477,0.14398059980177846,0.14192496247521869,0.1422476577274746,0.14433391533636855,0.1418404995881597,0.14011283404541736,1.0000019262423416,45,22.958333333333332
764.0,0.14552934020951983,0.14393962726064854,0.14192292662531025,0.1423230832031568,0.14438995234658558,0.14185362838930887,0.14004337079941187,1.0000019287717392,45,22.958333333333332
765.0,0.14550667292192102,0.1439016878985619,0.1419257136979016,0.1423907943781413,0.14444584483351203,0.14186434734858028,0.13996687028474544,1.0000019313011586,45,22.958333333333332
766.0,0.14547857353271867,0.14386006631790269,0.1419304636437363,0.142469048795566,0.14449697298113204,0.14187359213704304,0.13989321648469996,1.0000019338305988,45,22.958333333333332
767.0,0.14544419179875506,0.1438180751206553,0.14193888553335124,0.14255388761045154,0.1445479704934102,0.14188121143519153,0.13981771443044305,1.0000019363600567,45,22.958333333333332
768.0,0.14540369148212437,0.14377966830972388,0.1419481154316684,0.14263953761903503,0.14459956959365974,0.14188805882316066,0.1397432976923674,1.0000019388895394,45,22.958333333333332
769.0,0.14536297956898805,0.14374329344554082,0.1419538062714301,0.1427315433225169,0.14464382748729382,0.14190185920507875,0.1396646321804041,1.0000019414190504,45,22.958333333333332
770.0,0.14533175586807778,0.14370649971147417,0.14195489078311063,0.14282976163457192,0.14467276698487674,0.14192304260553756,0.1395832264231419,1.0000019439485899,45,22.958333333333332
771.0,0.14530096088441447,0.1436778579054048,0.14195912342835273,0.14292333322900652,0.14469733157862652,0.14194376130111128,0.13949957821343273,1.0000019464781496,45,22.958333333333332
772.0,0.14526930150333656,0.1436520680456051,0.14196031424704225,0.14301898606436309,0.1447171426925381,0.14197024390711568,0.13941389260992207,1.0000019490077217,45,22.958333333333332
773.0,0.14523695733677325,0.14362870220911184,0.14196581500748634,0.14310814292825302,0.14473397177497255,0.1419993345746231,0.13932902776830905,1.0000019515373282,45,22.958333333333332
774.0,0.14521594866399484,0.1436020049408048,0.14197092084045737,0.1431953134672731,0.14474645367401295,0.14203097258544461,0.13924033995715485,1.0000019540669427,45,22.958333333333332
775.0,0.14518738714022544,0.14358038352022953,0.1419853694758214,0.14326901843248552,0.14475700810545072,0.1420640858282255,0.1391587041563274,1.0000019565965639,45,22.958333333333332
776.0,0.1451625153852182,0.1435625781502125,0.1419988610908687,0.143337800234441,0.14476989709731083,0.14208911901071622,0.13908118821962817,1.0000019591261944,45,22.958333333333332
777.0,0.1451309572284957,0.1435447381883989,0.14202105322421218,0.14340311690721244,0.14478598016436145,0.14211171048838805,0.13900440551695697,1.0000019616558247,45,22.958333333333332
778.0,0.14509958346405313,0.14352005393010386,0.14204740642572175,0.14346311540518666,0.1448032450222355,0.14213326562154036,0.1389352943788074,1.0000019641854474,45,22.958333333333332
779.0,0.1450594491952878,0.1434986971929996,0.14207978932675047,0.14351459003753633,0.1448275845907886,0.14214802269116708,0.1388738337427421,1.000001966715074,45,22.958333333333332
780.0,0.14501710586294,0.14347592709368912,0.14212668007252363,0.14356224587072558,0.1448392926382147,0.14216270962780334,0.13881800814100279,1.000001969244695,45,22.958333333333332
781.0,0.1449711824421665,0.1434519305520994,0.14217133300647958,0.1436024559083729,0.14486183886092172,0.14217482475860757,0.13876840630786394,1.0000019717743085,45,22.958333333333332
782.0,0.1449199668707315,0.14343001658880022,0.14222667020878008,0.1436339417321886,0.14488085837200113,0.1421880341145178,0.13872248647909993,1.0000019743039181,45,22.958333333333332
783.0,0.14486670790689987,0.14340914939102448,0.1422849133962285,0.14365900233537518,0.1449019959735769,0.14219481569899606,0.13868539219361115,1.0000019768335087,45,22.958333333333332
784.0,0.14480678272365435,0.1433906151783107,0.14234147195044797,0.1436827488435601,0.14492666803207244,0.1421999225613164,0.13865377013591443,1.0000019793630723,45,22.958333333333332
785.0,0.14474537782479413,0.1433810422891168,0.14240223868694524,0.14369762764838417,0.14495236058313377,0.14220317787525794,0.13862015704719602,1.0000019818926247,45,22.958333333333332
786.0,0.14468222904359876,0.14337149235563817,0.14247635731517266,0.14370212421065684,0.14497412721899527,0.14220538039601893,0.13859027394428247,1.0000019844221604,45,22.958333333333332
787.0,0.1446199447717406,0.14337079880292036,0.1425430088026666,0.1437042427923334,0.14499086374242523,0.14220576083414194,0.1385673672676595,1.0000019869516865,45,22.958333333333332
788.0,0.1445582280586694,0.14337540348218217,0.14261343403727153,0.14369973050591875,0.14500608880687416,0.1421984208990862,0.13855068375339943,1.0000019894811973,45,23.041666666666668
789.0,0.14449590578874902,0.14338296560048944,0.14267970778749067,0.1436915455634056,0.14502566510871956,0.142184333017216,0.13854186920684966,1.0000019920107177,45,23.041666666666668
790.0,0.14443008431025048,0.1433955535258417,0.1427435490730216,0.14368510391013498,0.1450433630335098,0.14216801741702778,0.13853632333265795,1.0000019945402436,45,23.041666666666668
791.0,0.1443589945001687,0.14340950750031367,0.14280489428177215,0.14367712475994907,0.14505864294943635,0.14215214504317725,0.1385406880971651,1.0000019970697809,45,23.041666666666668
792.0,0.1442992973292721,0.14342140369760473,0.14286682970693645,0.14366502165881284,0.14507229389004792,0.14213047466321913,0.13854667871563683,1.0000019995993263,45,23.041666666666668
793.0,0.14423900038815435,0.14343667423806822,0.14292652166228212,0.14365262509158705,0.14508285134538854,0.14210617236562698,0.13855815709997799,1.0000020021288831,45,23.041666666666668
794.0,0.14418043877504075,0.1434480123394996,0.1429852184594682,0.14364439030081244,0.1450859224361643,0.14207965370023004,0.13857836870945486,1.0000020046584657,45,23.041666666666668
795.0,0.144124845960996,0.14345939207742178,0.14304157669853168,0.14363729126103572,0.14508788175811602,0.14205500470628718,0.1385960147878845,1.0000020071880713,45,23.041666666666668
796.0,0.1440783541387195,0.14347191520835617,0.14309744463295596,0.14362718827474777,0.14507893042480224,0.14203050122973382,0.13861767587058274,1.0000020097176934,45,23.041666666666668
797.0,0.14403546502631068,0.14347381064980275,0.14314832139862302,0.14362044035084714,0.14506995815788912,0.14200927264852659,0.13864474407756222,1.0000020122473612,45,23.041666666666668
798.0,0.1439954109860772,0.14347498523322993,0.14319805088008092,0.14361670217393444,0.14505283742070316,0.1419912704653203,0.1386727576799086,1.0000020147770539,45,23.041666666666668
799.0,0.1439625591329609,0.1434738361636305,0.14324524828064078,0.14360874070229726,0.14503439001141458,0.14197278521473078,0.13870445786329488,1.000002017306766,45,23.0
800.0,0.14394060277272167,0.14347190170139823,0.14328555013471056,0.14360452431679888,0.1450134801878854,0.1419473703214845,0.13873859046370132,1.0000020198364972,45,23.0
801.0,0.1439282085899362,0.14346528527691618,0.1433233955568643,0.14359766529241833,0.14499811361364637,0.14191243778822188,0.1387769163104612,1.0000020223662593,45,23.0
802.0,0.14391733655152025,0.14346069930730482,0.14335701166349576,0.14359375487813672,0.14498157733762967,0.1418736474219289,0.1388179977982186,1.000002024896033,45,22.916666666666668
803.0,0.14391351423214055,0.14345594718239937,0.1433883814987025,0.14358248735336349,0.14495916287362134,0.14184118182291933,0.13886135252488982,1.000002027425836,45,23.0
804.0,0.14391832338790836,0.1434496014675045,0.14341851712634074,0.14357204216120237,0.1449292749947172,0.14180663580910302,0.1389076350710649,1.0000020299556376,45,22.916666666666668
805.0,0.14392477474456014,0.14344706989865014,0.14343829137750105,0.14356680408746017,0.1449045625510359,0.14176737171125103,0.13895315817718384,1.0000020324854424,45,22.916666666666668
806.0,0.1439337930193933,0.14344569084141354,0.14345212816559744,0.14356001403671537,0.14488176530261082,0.1417414402197563,0.13898720349195956,1.0000020350152468,45,22.916666666666668
807.0,0.1439648829969291,0.1434485871485763,0.14345701172848704,0.14354262207842156,0.14484710293671327,0.14172652591053006,0.13901530480750654,1.0000020375449605,45,22.958333333333332
808.0,0.14399952472053495,0.14345358937087271,0.14345795802414107,0.14352039469311817,0.14481418146703104,0.14171661999691393,0.13903977186431796,1.0000020400747254,45,22.916666666666668
809.0,0.1440401872941427,0.14345987497138957,0.14344871716255805,0.14350288958792054,0.14478563012013612,0.1417051533549237,0.1390595901756017,1.0000020426044711,45,22.916666666666668
810.0,0.1440869903991078,0.14347307346051974,0.143429218284122,0.14348463351655819,0.14475311592550277,0.1416972164865664,0.13907779712401414,1.0000020451341896,45,22.916666666666668
811.0,0.1441365435697655,0.14348770924152449,0.14340498952701325,0.14346598227274704,0.14472175852409785,0.1416916647030981,0.13909339988783664,1.0000020476638822,45,22.916666666666668
812.0,0.14419992395169143,0.14350256423479385,0.14336977322181552,0.14344257624858,0.1446879004279934,0.1416872715031596,0.13911204066770924,1.0000020501935394,45,22.916666666666668
813.0,0.14426105521402335,0.14351391588772636,0.1433362647729544,0.1434224805531562,0.1446606439096054,0.1416823208137842,0.1391253716334277,1.0000020527224756,44,22.875
814.0,0.1443244323339483,0.14352418882232412,0.14330256032746272,0.1433938247696897,0.14464310779325615,0.1416741523246203,0.13913978894227888,1.000002055251378,44,22.875
815.0,0.14438612676725152,0.14353886782349526,0.1432662014041149,0.14335613239893003,0.14463129731298702,0.14167249934481518,0.13915093279087626,1.0000020577802702,44,22.875
816.0,0.14445398660041725,0.14355548639339813,0.14323287045246336,0.14331129287456368,0.14462013636454646,0.1416682054724476,0.1391600822135027,1.0000020603091404,44,22.833333333333332
817.0,0.14452031962107137,0.1435696495845352,0.14320027871705895,0.14326229210815036,0.1446155660481896,0.14166641613760086,0.13916754068359055,1.000002062837997,44,22.833333333333332
818.0,0.14458495182061296,0.1435880780811915,0.14316866750432403,0.14321325560712736,0.14461068333692,0.1416622164115607,0.13917421266729454,1.000002065366827,44,22.833333333333332
819.0,0.14465104555159647,0.14360053307098064,0.1431397582253148,0.1431672795646084,0.14460643824439465,0.14166177466407384,0.1391752386368892,1.000002067895656,44,22.833333333333332
820.0,0.14471156077138783,0.1436225491137762,0.14310968000514585,0.1431229803911576,0.14460319920303757,0.14166065067648165,0.13917145032562256,1.0000020704244077,44,22.875
821.0,0.14477411375067425,0.1436490441531859,0.14306734828407,0.14308448430263704,0.14459707229082447,0.14166229916115225,0.1391677110728161,1.0000020729531591,44,22.875
822.0,0.14482879217944422,0.14367577004743104,0.1430232773911435,0.14305217069254042,0.14459248624160087,0.14167112164114037,0.1391584573508235,1.0000020754819254,44,22.875
823.0,0.144885620162253,0.14371186432192676,0.14297621053209963,0.14301078438258719,0.14457764077958662,0.1416800632648101,0.13915989462963327,1.0000020780106946,44,22.875
824.0,0.14494408010356996,0.1437527419413617,0.14292039442664536,0.14297201824957503,0.14456029092296235,0.1416883689246224,0.13916418603294511,1.000002080539478,44,22.875
825.0,0.1449930216247558,0.1437976725388071,0.14285810135793553,0.1429334838915879,0.1445469980233778,0.14169878237035752,0.13917402332372614,1.0000020830683465,44,22.833333333333332
826.0,0.14504618278913348,0.14384820124735742,0.14278872557237973,0.14288958431864784,0.14452962779766004,0.14170706747407838,0.13919269646017376,1.0000020855972298,44,22.833333333333332
827.0,0.14509679945358306,0.1439017707337074,0.14270887319292402,0.14285285150237825,0.14451166385952313,0.14171518057429686,0.13921494887191624,1.0000020881261278,44,22.833333333333332
828.0,0.1451468689222168,0.1439551457492715,0.14263116674750756,0.14280974175745656,0.14448914375601407,0.14172208677262307,0.13924793701217308,1.0000020906550622,44,22.833333333333332
829.0,0.14519687665785008,0.1440020785537167,0.1425481423337958,0.14277288445591285,0.14446579119536265,0.14172844976760834,0.13928787028197134,1.000002093184017,44,22.833333333333332
830.0,0.14524434173656178,0.14404794539880808,0.1424798334995148,0.14272994893780352,0.1444405415300911,0.14172662209891188,0.139332862573491,1.0000020957129803,44,22.833333333333332
831.0,0.14528880014190007,0.1440900658926673,0.14241696810407556,0.1426894008059979,0.14441351026077456,0.14172280060898773,0.13938055248978506,1.0000020982419848,44,22.875
832.0,0.1453380136223153,0.14412794594726286,0.1423593010381512,0.1426390792523565,0.14438287573776146,0.14171841240316838,0.1394364728322029,1.0000021007710158,44,22.875
833.0,0.14538242353283873,0.1441642180075545,0.14230932692279552,0.142589701946231,0.14435003183087053,0.1417116037732272,0.13949479734873985,1.000002103300057,44,22.875
834.0,0.14541711360349532,0.1442001240331218,0.14226565018560394,0.14254180502220754,0.14431908669395485,0.14170376786573546,0.1395545584871411,1.0000021058290562,44,22.916666666666668
835.0,0.14545274690452822,0.1442347679253021,0.14222472973023753,0.14249238923048996,0.14428664121170295,0.1416968538628236,0.1396139795551855,1.000002108358067,44,22.916666666666668
836.0,0.14548385172623815,0.1442691365256613,0.14218885458870745,0.14244612957815742,0.14425364734842805,0.14168494706222826,0.13967554411987576,1.0000021108870956,44,22.916666666666668
837.0,0.14551708859427223,0.1442990721655574,0.1421574419958539,0.14240007837791369,0.14422109958528356,0.14167579351182985,0.1397315392476202,1.0000021134161314,44,22.916666666666668
838.0,0.14554918209010176,0.14432558084608565,0.14213044302840597,0.14235793023322932,0.14418679169228513,0.1416683576239772,0.13978383049329757,1.0000021159451817,44,22.916666666666668
839.0,0.14557605554861727,0.14434876901922195,0.14210801494921899,0.14231552734169134,0.14415023818582692,0.1416573514076822,0.13984616208419515,1.0000021184742502,44,22.916666666666668
840.0,0.14559700986641377,0.14436953044345496,0.14208858825866905,0.14228653009756792,0.1441076901479408,0.14164441396122698,0.1399083582902365,1.000002121003304,44,22.916666666666668
841.0,0.14562531478096072,0.14438566379996676,0.14207006601906758,0.14225736445792594,0.14406197068260496,0.14162963706216797,0.13997210679187086,1.0000021235323642,44,22.916666666666668
842.0,0.14565247814238497,0.14439600465358446,0.14205084447853594,0.14223688066475695,0.144010524982456,0.14161609364025218,0.1400392995616508,1.0000021260614194,44,22.916666666666668
843.0,0.1456834433216391,0.14439706628960414,0.14203879036373035,0.14222223181985502,0.14395205660168608,0.14160455783025627,0.14010398242590233,1.000002128590469,44,22.916666666666668
844.0,0.1457122427401015,0.1443965649889484,0.1420283855355634,0.14221652534786897,0.14389317884004696,0.1415980513668203,0.14015718236236893,1.0000021311195177,44,22.916666666666668
845.0,0.14573592492397325,0.14439112313306904,0.14201923749815173,0.14221781374143178,0.14382817732560257,0.1415960623158841,0.14021379477265164,1.0000021336485618,44,22.916666666666668
846.0,0.1457656143710825,0.1443778429249367,0.14200776256351313,0.14222371373093903,0.14376224331449217,0.14159760999526078,0.1402673493395751,1.0000021361775986,44,22.916666666666668
847.0,0.14579492663216329,0.14436317431457332,0.14200229583141008,0.1422270207533357,0.14369246040374156,0.14160363215531657,0.14031862867835776,1.0000021387066942,44,22.875
848.0,0.14581956492493306,0.14434513078368819,0.14199932017951936,0.14223548459026894,0.14362542307801773,0.14160855666204228,0.1403686610795184,1.0000021412357862,44,22.875
849.0,0.1458432197004913,0.144325682362426,0.1419981825916925,0.14224676250434837,0.1435594271813948,0.14161654492848036,0.14041232455823918,1.0000021437648712,44,22.875
850.0,0.14587294863639536,0.14430362660361637,0.14199786332974404,0.14225176543370568,0.14350223070355292,0.14162711349324072,0.14044659815582625,1.0000021462938808,44,22.916666666666668
851.0,0.14589619552932354,0.1442889294598487,0.14199658423535896,0.14225490901379367,0.14344961897703493,0.14163849860649738,0.14047741306324568,1.0000021488229003,44,22.916666666666668
852.0,0.14591776351854263,0.14427279528797043,0.14199655251817975,0.14225550709402043,0.14340580776412332,0.14164650102733706,0.1405072242039523,1.000002151351922,44,22.916666666666668
853.0,0.14594030539917116,0.14425617093985066,0.14200161996852378,0.1422551958820483,0.14336715263719105,0.1416542822367401,0.14052742687968922,1.0000021538810144,44,22.875
854.0,0.1459549962148983,0.14424274839487242,0.1420014724363237,0.14225792837881807,0.1433371063320159,0.14166288975683122,0.14054501495855132,1.000002156410107,44,22.875
855.0,0.14597166256479616,0.14423759349893844,0.14200018753783628,0.14226050224705508,0.1433147306898567,0.14166633848076024,0.14055114398216437,1.000002158939205,44,22.875
856.0,0.14598332238933093,0.1442376130161099,0.14199948552760486,0.14226550472163557,0.14329536019388578,0.14166989561690657,0.1405509800650409,1.0000021614683123,44,22.875
857.0,0.14599685747126157,0.1442453080868054,0.14199868432529097,0.1422685124442097,0.14327723559793842,0.14167408703361767,0.140541479100508,1.000002163997432,44,22.875
858.0,0.14599907579016977,0.14425362221893565,0.14200021494407147,0.142276813230089,0.14327349261748276,0.14167708180492958,0.14052186598309213,1.000002166526567,44,22.875
859.0,0.1459981895441825,0.14425838745958572,0.1419961583542488,0.1422888389484923,0.1432813668962626,0.14167989252299615,0.14049933539216064,1.0000021690557275,44,22.875
860.0,0.14599417203257967,0.14426395138582698,0.14199616448684405,0.14229690489413083,0.14329573274315588,0.14168431023812308,0.14047093586645765,1.0000021715849148,44,22.875
861.0,0.1459890644344696,0.14427040197365684,0.14199970248901456,0.1422957892695019,0.1433206772489937,0.14168626318879635,0.14044027557189456,1.0000021741141247,44,22.875
862.0,0.14597323438984255,0.1442769335233402,0.14200548964516355,0.1422954155244796,0.14335880092312925,0.14168878820888609,0.14040351449072366,1.000002176643362,44,22.875
863.0,0.14595791685356863,0.1442771036870326,0.14201253207424955,0.14229743229125152,0.14340513239466915,0.14168640828055049,0.1403656536535079,1.0000021791726281,44,22.875
864.0,0.14593447817855631,0.14427920800693456,0.1420142974005578,0.14229746699815368,0.14346115179425298,0.14168450894096127,0.14033107044464982,1.0000021817018652,44,22.833333333333332
865.0,0.1459120956080325,0.1442772795921431,0.14202349000623057,0.14229538970766661,0.1435202811478584,0.141681342278131,0.1402923059532628,1.0000021842311226,44,22.833333333333332
866.0,0.14588206722701633,0.1442787778044209,0.14203030843595207,0.14229299146884705,0.1435849618482213,0.141677184622071,0.14025589541606828,1.0000021867603954,44,22.833333333333332
867.0,0.14584703707206315,0.14428608247433097,0.1420427716267761,0.14228192851388047,0.14365067140008486,0.14167115553939438,0.14022254272536794,1.000002189289694,44,22.833333333333332
868.0,0.1458007946041952,0.14429382056775245,0.14205672144527695,0.1422745111142567,0.14371553548129176,0.1416653682128971,0.14019544045554685,1.0000021918190152,44,22.833333333333332
869.0,0.14575428026879353,0.14430399682593778,0.1420692636545441,0.1422635426839924,0.1437838865982249,0.14166012043654047,0.14016710394244467,1.0000021943482764,44,22.875
870.0,0.1457032066654043,0.14431861900453072,0.14208911983918998,0.14225065681357552,0.14384636337146806,0.14165564299122715,0.1401385882543567,1.0000021968775517,44,22.875
871.0,0.1456506710762541,0.14433387280292426,0.14211452603910815,0.14223304517675997,0.14390206640154293,0.14164915934053648,0.14011885863189544,1.0000021994068167,44,22.875
872.0,0.14560510392050802,0.1443524647926429,0.14214306722789807,0.14221260561981444,0.14394994487015958,0.1416469534788734,0.1400920620883962,1.000002201936092,44,22.875
873.0,0.1455602797037662,0.14436421278813094,0.1421743130422707,0.14219849708508894,0.14399236403303667,0.14164449461416473,0.1400680432611062,1.000002204465365,44,22.875
874.0,0.14551377800481408,0.14437363994093458,0.14220762961830044,0.14218595542600032,0.1440255861222866,0.14164866541328724,0.14004695253121044,1.0000022069946333,44,22.875
875.0,0.1454683283711646,0.14438757485211,0.14223667364468962,0.14216917144723598,0.14406020133313305,0.1416529962059853,0.14002726373178076,1.0000022095238947,44,22.875
876.0,0.14542223970656726,0.14439596101534863,0.14226837856922844,0.14216230089845108,0.14409188779500393,0.1416527543523353,0.14000868977843278,1.0000022120531675,44,22.875
877.0,0.14537615830153378,0.14440479698521827,0.14229500253454094,0.142154315267711,0.14412249957180126,0.14165383016433503,0.1399956118194885,1.0000022145824263,44,22.875
878.0,0.1453341994777045,0.1444136045947639,0.14231777672992466,0.14214856636634599,0.1441541950471585,0.14165200494068547,0.13998187001731158,1.000002217111691,44,22.875
879.0,0.14529472516072844,0.1444195700849932,0.1423422112038606,0.142140601636204,0.1441862430642437,0.1416496678007844,0.13996920075234612,1.0000022196409584,44,22.875
880.0,0.14525246218018417,0.1444161712480794,0.1423685465259425,0.1421355861649796,0.1442165194914292,0.14165734082688938,0.1399555957949251,1.0000022221702252,44,22.875
881.0,0.14521447910379356,0.1444118670657313,0.14239988329323358,0.1421272745329971,0.14425354741367552,0.14165750063892274,0.1399376727133445,1.0000022246994988,44,22.875
882.0,0.14518248578545753,0.14440526686082683,0.142430778209224,0.14211124918272852,0.14429326796289424,0.14166165732764913,0.13991752196219504,1.0000022272287756,44,22.875
883.0,0.14515438403514397,0.1443909243409121,0.14246832407879728,0.1420969965709208,0.14432446321512013,0.14167046566909908,0.13989667191032173,1.0000022297581124,44,22.833333333333332
884.0,0.1451300592540332,0.1443720878958789,0.14251077699824535,0.14208653141042135,0.14435337781361735,0.14167047560963755,0.13987892336783436,1.0000022322874658,44,22.833333333333332
885.0,0.14510827327070283,0.14435264798981107,0.14254726784063493,0.14208552968525753,0.14437757085169187,0.14166847183954606,0.13986247340137764,1.0000022348168194,44,22.833333333333332
886.0,0.1450916916375928,0.14433084552415118,0.1425784462705518,0.1420940704909105,0.14439558566080932,0.1416687423881054,0.13984285543626396,1.0000022373461834,44,22.833333333333332
887.0,0.1450807497728393,0.1443123833731821,0.1426089324818223,0.14210458225409064,0.14439832069393116,0.14166334185997187,0.13983392950183898,1.0000022398754758,44,22.875
888.0,0.1450736457007248,0.14429142997677416,0.14264226512010003,0.14212367156992015,0.14438303702613425,0.14165498583774253,0.13983320723558104,1.0000022424047759,44,22.875
889.0,0.14507103610610908,0.14426135535407575,0.14267229197236694,0.14215411567235828,0.14436194774468408,0.1416412877669938,0.13984021037966923,1.0000022449340573,44,22.833333333333332
890.0,0.14506933783986875,0.14423588252790898,0.14270184873043532,0.14218554542531894,0.1443253920351465,0.14162609415581204,0.1398581468110155,1.0000022474633024,44,22.791666666666668
891.0,0.14507107361608398,0.14421373038514929,0.14272565142890875,0.14221719360000504,0.14428568119998592,0.14161070387068,0.13987821595393884,1.0000022499925518,44,22.791666666666668
892.0,0.1450765532853575,0.14419257246222672,0.1427461949974318,0.1422523665738957,0.1442370706521498,0.14159495259840207,0.13990254201453167,1.000002252521793,44,22.75
893.0,0.14508465733164194,0.14416470830259048,0.14276465838256014,0.14228024440193401,0.14419750108180404,0.14158434289405752,0.13992614271865225,1.0000022550510377,44,22.75
894.0,0.14509252224763858,0.1441454234673507,0.14277638774660467,0.1423097074277222,0.14415482716609407,0.14156959681153244,0.13995379277555894,1.0000022575802978,44,22.708333333333332
895.0,0.1451028737059624,0.14412675445043355,0.1427832816437022,0.14234040796213437,0.14411516211612158,0.14155488529080693,0.1399788950025962,1.000002260109553,44,22.708333333333332
896.0,0.14511776285526717,0.14410841563893598,0.14278860554317088,0.14236814909922604,0.1440782304634058,0.14153712660101875,0.14000397250006744,1.0000022626388905,44,22.75
897.0,0.14513677208329623,0.14408648344222055,0.14279374602449785,0.14239196428238823,0.1440461485520294,0.14151883960318998,0.1400283112428085,1.0000022651682292,44,22.75
898.0,0.14515369647815288,0.14406887886798386,0.14279649432287864,0.14241300817545982,0.14402070639655234,0.14149986348843796,0.14004962003034616,1.0000022676976095,44,22.708333333333332
899.0,0.14518113108894565,0.14404661568745752,0.1427991582789292,0.14243471173740016,0.1439872320713918,0.14148572490491299,0.14006769652016463,1.0000022702269966,44,22.708333333333332
900.0,0.145198958520454,0.14403336798564298,0.14279925377791197,0.14245884985521054,0.1439593779165633,0.14147026297489917,0.1400822017879142,1.0000022727563957,44,22.708333333333332
901.0,0.14522573095299604,0.14401684725645056,0.14280003178886286,0.1424827104676715,0.1439281351684742,0.14145610569336803,0.1400927140201805,1.0000022752858018,44,22.708333333333332
902.0,0.1452503453074647,0.1440060964345622,0.14279319678851024,0.1425070646167743,0.14389809142401175,0.14144431748675337,0.14010316581934043,1.0000022778152131,44,22.708333333333332
903.0,0.14527350754079116,0.1439990430251831,0.14278899138725504,0.1425341928928043,0.1438729687393362,0.1414323722884984,0.14010120453297392,1.000002280344642,44,22.708333333333332
904.0,0.1452874031936538,0.14399385066185807,0.1427890916090061,0.1425635925337374,0.1438481742802198,0.14142199997890903,0.14009817067890745,1.00000228287409,44,22.708333333333332
905.0,0.14530891833080456,0.1439919425543954,0.14278354537605198,0.14258885893913917,0.1438312971615852,0.14140799674992036,0.14008972635385386,1.0000022854035502,44,22.625
906.0,0.14532847797967915,0.14399590595801273,0.14277036771676466,0.1426142712573877,0.14382555276567485,0.14139286635303688,0.14007484596465924,1.0000022879330124,44,22.625
907.0,0.14534659090928714,0.14400481992066788,0.14275500923241524,0.14263564374016302,0.1438270806282703,0.14137186676063118,0.14006127933325496,1.0000022904624892,44,22.625
908.0,0.14537089414702256,0.14401610168414353,0.1427330740486125,0.14265728546662548,0.1438343134288799,0.14134366903194562,0.14004695524692723,1.0000022929919554,44,22.625
909.0,0.1453855358382797,0.14403005157982046,0.14272278282055076,0.14267496663612467,0.14384225165528539,0.14131142037375907,0.14003528667980863,1.0000022955214283,44,22.625
910.0,0.14540589461201114,0.14405468133446941,0.1426987457413183,0.14269082723369025,0.14385757671915209,0.1412716300248963,0.14002294244755153,1.0000022980508878,44,22.625
911.0,0.14542525654492694,0.14408139832181874,0.1426729571510631,0.1427029082529266,0.14388103752373244,0.14122909377656898,0.14000964907079455,1.0000023005796306,43,22.583333333333332
912.0,0.14545120820224236,0.14410856669177394,0.1426502666373275,0.14270667800674686,0.14390746914019426,0.1411899574374012,0.13998815705558043,1.0000023031090632,44,22.625
913.0,0.14547021330650325,0.14413972707884,0.14263634015708093,0.1427099705219356,0.14392972132440324,0.14115558216469787,0.139960751147212,1.0000023056384706,44,22.625
914.0,0.14549176038333064,0.14416909655546994,0.14262483386828287,0.1427118045230977,0.14394714776636008,0.14112856707077204,0.13992909806275206,1.000002308167865,44,22.625
915.0,0.1455096817470601,0.14418762385491796,0.14261965208403138,0.14271626514125146,0.14396501680149637,0.14110944030759226,0.13989463082308126,1.0000023106972324,44,22.625
916.0,0.14553129086621772,0.14420640879601843,0.14261166497888716,0.14271710283768804,0.14398350367720752,0.14110074930457836,0.13985159282818235,1.0000023132265752,44,22.625
917.0,0.14554886369458642,0.14422455686539168,0.14260556471207558,0.14272006599216855,0.14400201651321945,0.14109859568956576,0.1398026523511001,1.0000023157559055,44,22.625
918.0,0.14556131650818552,0.1442377170768351,0.14259953961481583,0.1427261180471715,0.14401877918221387,0.14111020855882092,0.13974863935939183,1.0000023182852338,44,22.625
919.0,0.14557475767402514,0.14424683062038432,0.14259849266437366,0.14272725993512264,0.1440335166374153,0.14112734924420703,0.13969411410115803,1.0000023208144837,44,22.666666666666668
920.0,0.14558137662390078,0.144255710637614,0.14259472913180496,0.14272359852047972,0.14405100827327236,0.14115757285262712,0.13963832736623077,1.0000023233437263,44,22.666666666666668
921.0,0.14558036322255863,0.1442656399950101,0.14259243608233146,0.14271939288411317,0.1440748458763772,0.14118725830224718,0.13958238957254987,1.000002325872981,44,22.666666666666668
922.0,0.1455737448961537,0.1442753294006794,0.14259162905679326,0.14271290144163695,0.14409456121599565,0.14122387893928928,0.13953028351390645,1.0000023284022543,44,22.666666666666668
923.0,0.14556120978548637,0.14428691155103074,0.14259804481934285,0.14270306710954578,0.14411481682446386,0.1412541122467966,0.1394841686571432,1.000002330931607,44,22.708333333333332
924.0,0.14554127168956277,0.14429206101319994,0.14260528947425444,0.14269597577515358,0.14413075973352343,0.14128916458083485,0.13944781125665215,1.0000023334609787,44,22.708333333333332
925.0,0.14552008495636073,0.14429681068702171,0.14261623963609998,0.14269254905930315,0.14414009192544017,0.1413194191565075,0.13941714063185354,1.000002335990385,44,22.708333333333332
926.0,0.14549783824413642,0.14429931129867918,0.1426304323677281,0.14268879712382104,0.14413842791506273,0.1413497655110823,0.1393977661214986,1.000002338519806,44,22.708333333333332
927.0,0.14547201669459744,0.14429261120027637,0.1426461269057531,0.14268882731262603,0.14413300727223272,0.14138203210534844,0.13938771962061947,1.0000023410492493,44,22.708333333333332
928.0,0.14544684961796606,0.14428148249990183,0.14266536217385675,0.14268785833742856,0.14411923910061222,0.1414146569787316,0.1393868949324118,1.0000023435787073,44,22.708333333333332
929.0,0.14541896050407377,0.1442734544546274,0.14268311271028103,0.14269408961883406,0.14409958598289155,0.14144858187892181,0.13938456102074903,1.0000023461081782,44,22.625
930.0,0.14538736385858542,0.14425905935080616,0.14270262960554553,0.14270271663397582,0.1440815870220523,0.14148362302251083,0.1393853692063832,1.0000023486376575,44,22.625
931.0,0.14536314899484998,0.14424761139433184,0.14271851078234044,0.14270234038491286,0.144064691329452,0.14151886313312248,0.13938718521032767,1.0000023511671332,44,22.625
932.0,0.14534053793202192,0.1442323851714517,0.14273730587405983,0.14270060156283962,0.1440525036407326,0.14154873169685428,0.13939028788086413,1.000002353696622,44,22.625
933.0,0.1453160676179787,0.14421973440924735,0.14275135217962523,0.14270039552625016,0.1440481673027241,0.14157291310571657,0.13939372614676687,1.0000023562261056,44,22.625
934.0,0.14529496332192288,0.14420716155620505,0.1427625001915083,0.14269974947974193,0.14404524581575212,0.14159496267017196,0.13939777578247914,1.0000023587555804,44,22.625
935.0,0.145273642125295,0.1441903238828076,0.14276809006425353,0.14270300543177183,0.144051401784194,0.14161059621531208,0.13940530184361777,1.0000023612850484,44,22.625
936.0,0.14525671935884615,0.14417598550421445,0.14276667444085867,0.1427078422208069,0.144056026172268,0.14161978889471438,0.13941932728498252,1.0000023638144897,44,22.625
937.0,0.14522999099321654,0.14416217785010807,0.1427655852592427,0.14272301131623985,0.1440625827941328,0.1416232593708607,0.1394357588223041,1.000002366343901,44,22.625
938.0,0.14520452124029806,0.1441452526167377,0.1427595319658085,0.14274601577916315,0.1440651889913676,0.14162773027265407,0.13945412806947982,1.0000023688733055,44,22.625
939.0,0.1451811324391939,0.14412809558859246,0.1427539942128204,0.1427714905845786,0.14406604968061928,0.14162583948389865,0.13947576947519488,1.0000023714026967,44,22.625
940.0,0.14515479345053803,0.14410897770769202,0.14274319974747035,0.1428021542072686,0.14406943776031336,0.14162694098235637,0.1394968701386306,1.0000023739320678,44,22.625
941.0,0.14513432636366547,0.1440846153491868,0.14273507165041502,0.14283717039485322,0.14406806127053245,0.14162541649711974,0.13951771499783905,1.0000023764614083,44,22.625
942.0,0.14511186123572642,0.14405360972939613,0.14273172738287465,0.14287821225994146,0.14406527677834222,0.14162673021342204,0.13953496145324315,1.000002378990743,44,22.625
943.0,0.14509494655378075,0.14402483982646155,0.14273043154902762,0.1429159638853669,0.14405795070680788,0.1416271106608348,0.13955113839999791,1.000002381520077,44,22.625
944.0,0.14507895504781726,0.14399923202261106,0.1427240030646966,0.14294901869100654,0.1440573909850737,0.14163331405385937,0.13956047024653942,1.0000023840494021,44,22.625
945.0,0.14506418495580553,0.1439687267932335,0.14271546230168777,0.14298598040664384,0.14405164861168288,0.1416399582106966,0.13957642536118609,1.0000023865787318,44,22.625
946.0,0.1450457633091554,0.14394061946445955,0.14270115814102527,0.14302454663242736,0.1440452005473448,0.1416525703015905,0.13959253077426473,1.0000023891080652,44,22.625
947.0,0.1450231319918138,0.14391663390399892,0.14268393771102866,0.14306828237015437,0.14403798715828717,0.14166469891233358,0.13960771965199234,1.0000023916374072,44,22.625
948.0,0.1450087406071315,0.14389140298992878,0.1426578111231475,0.14310696636179812,0.1440311346197352,0.14168147214450152,0.1396248663827049,1.0000023941667475,44,22.625
949.0,0.14500237813397607,0.14387820895312164,0.14262752806991238,0.14314437234383204,0.14401885076188858,0.14169958886447695,0.13963146963106793,1.0000023966960754,44,22.625
950.0,0.14498858506187737,0.14387000176606163,0.1425929775818045,0.14318779181710736,0.1440113080920115,0.14171815974824514,0.13963357522048803,1.0000023992253928,44,22.625
951.0,0.14497228957622407,0.1438670983429481,0.1425544599026362,0.14322791461820875,0.14400694826778918,0.14174442005858384,0.13962927105044462,1.0000024017546316,44,22.666666666666668
952.0,0.14496267115215497,0.14386743010637054,0.14251426286169566,0.14326692940774735,0.14399974572044005,0.14176725545639993,0.13962410964125574,1.0000024042838604,44,22.666666666666668
953.0,0.1449554011159205,0.1438696099673581,0.14247584941482447,0.14329559316126902,0.14399672999541221,0.14178443260031512,0.13962479062018449,1.0000024068130837,44,22.666666666666668
954.0,0.1449502856918791,0.1438713557116655,0.14244210251575531,0.14331210511522172,0.14399973718485803,0.14179756015039702,0.13962926303480086,1.0000024093423763,44,22.75
955.0,0.14494575566252452,0.14387287161997087,0.14241418328514757,0.14331583865131667,0.14400348688323775,0.14181025394085559,0.13964002189081642,1.0000024118716668,44,22.75
956.0,0.14494073967794777,0.1438727458096431,0.1423974528857512,0.143304207192641,0.14400971013820393,0.1418216833213947,0.1396558754375658,1.0000024144009463,44,22.708333333333332
957.0,0.14492671999699663,0.14386513555313038,0.14239365446183871,0.14328597282641717,0.14401860646864148,0.14183717638579374,0.13967515129961847,1.0000024169302348,44,22.708333333333332
958.0,0.14491240512913084,0.14385698145872863,0.14239804070498985,0.1432610927661245,0.14402102742240736,0.1418484954482244,0.13970437659213153,1.000002419459539,44,22.708333333333332
959.0,0.14490011797888294,0.14384526829914832,0.14240850834202307,0.1432295329252104,0.14401792102103808,0.14186312096867112,0.13973795251608684,1.0000024219888575,44,22.708333333333332
960.0,0.14488399744115557,0.14383669809137856,0.14242383640569795,0.14319565332195608,0.14401457981321628,0.1418724818217179,0.13977517768528622,1.0000024245182066,44,22.708333333333332
961.0,0.14487368476465168,0.14382728307724554,0.14244136250691639,0.14315677186500939,0.1440144442287594,0.14187886540004074,0.1398100152671626,1.0000024270475851,44,22.708333333333332
962.0,0.14486946913801077,0.14382208569687277,0.1424544421975222,0.1431164920110308,0.14401290140300396,0.1418851584908036,0.13984188070194972,1.0000024295769891,44,22.708333333333332
963.0,0.14486806717138356,0.14382471419516363,0.14246751902972185,0.1430850421293517,0.14400928951087896,0.1418822909982511,0.1398655091338147,1.000002432106365,44,22.666666666666668
964.0,0.14486982613552807,0.14382805659210046,0.14247421169468036,0.1430527929110588,0.14401082164258056,0.14188146026508336,0.13988526545692884,1.0000024346357606,44,22.666666666666668
965.0,0.1448849890964072,0.14383538422160655,0.14247701773120558,0.14301970209267578,0.14401439115733125,0.1418732835125453,0.1398976694156115,1.0000024371651781,44,22.666666666666668
966.0,0.1448927259845347,0.1438407880861805,0.142473432733252,0.1429967612467289,0.14402221823487604,0.14186807946645694,0.13990843400488118,1.0000024396947078,44,22.625
967.0,0.14491495175839844,0.143854281153485,0.14246996416934027,0.14296938408113952,0.14402946895058874,0.14185761951865442,0.13990677265483872,1.0000024422242437,44,22.625
968.0,0.1449330682413298,0.1438682857188409,0.1424634131460439,0.1429431234928766,0.14404551447573513,0.14185033523145216,0.13989870450971642,1.0000024447537947,44,22.625
969.0,0.14495220378500742,0.14388419890837817,0.142456291499851,0.1429212566007069,0.14406121379370862,0.1418451380031174,0.139882144754777,1.0000024472833453,44,22.625
970.0,0.1449807370074632,0.14389983775142798,0.14244645947840173,0.14289514441196913,0.1440762221259055,0.14184755512823538,0.1398564939716882,1.0000024498128885,44,22.625
971.0,0.14500482595869235,0.14391754678506857,0.14243330492485418,0.14287733644504688,0.14408385424848105,0.14185234603073218,0.13983323801175926,1.0000024523424293,44,22.625
972.0,0.14503889528543001,0.14394097575469178,0.1424196799999377,0.1428534324934805,0.14408838974435503,0.14185626313723276,0.13980481851903281,1.000002454871958,44,22.625
973.0,0.1450655700952483,0.14395824138324356,0.14241304735908208,0.1428269664511607,0.144095071771902,0.14186565887026717,0.13977790153276606,1.0000024574014696,44,22.625
974.0,0.14509043450181489,0.14398031997741334,0.1424055417765762,0.14279659755568114,0.14409748815122295,0.14187512386327553,0.13975695416717332,1.0000024599309547,44,22.625
975.0,0.14512060157152143,0.1439903317337178,0.1423993381981987,0.142769800906163,0.1440992162433684,0.1418835263152579,0.13973964755439644,1.000002462460423,44,22.625
976.0,0.14514443107978814,0.1439996268541511,0.14239672056822672,0.14274148989147759,0.14411073112797906,0.14188590172556115,0.13972356380487436,1.0000024649898556,44,22.625
977.0,0.14517077701186618,0.1440155985768315,0.14239003729859598,0.14271178457967967,0.1441185406289554,0.14188801015224398,0.13970771933330567,1.0000024675192734,44,22.625
978.0,0.14519341468406288,0.14403268504656472,0.14237405232576725,0.1426884669250059,0.14412335929442485,0.14189136735741925,0.13969912447762517,1.0000024700486692,44,22.625
979.0,0.14521324098867353,0.1440534543876776,0.14235605850188898,0.14267338457868425,0.14412268383361004,0.14189647665087246,0.13968717369882494,1.0000024725780299,44,22.625
980.0,0.1452366792444476,0.14407380878202267,0.14233528792096575,0.14266770841704376,0.1441158201067351,0.14190226105828369,0.13967090964007833,1.0000024751073746,44,22.625
981.0,0.14525244486715136,0.14409642756552185,0.14231833685349818,0.14266197476838585,0.1441099841122107,0.14190494176167745,0.13965836777045923,1.000002477636703,44,22.625
982.0,0.1452675239911328,0.14411698410254972,0.14230043776085205,0.14266123360967378,0.1441052742601456,0.1419094100136445,0.1396416164902177,1.000002480166018,44,22.625
983.0,0.14528249299622786,0.14414425567958927,0.14227942659451254,0.14265567052556738,0.14410342334546736,0.14191256365704652,0.13962464995910925,1.0000024826953184,44,22.625
984.0,0.14529221410791585,0.14416778276371295,0.14226507097552218,0.14264786586699643,0.14410225815626074,0.14191164517472193,0.13961564824162004,1.0000024852245497,44,22.666666666666668
985.0,0.1452988078239964,0.1441943836673528,0.14225558423186568,0.14264263412815453,0.14410244655260515,0.14190719509119193,0.13960143632088998,1.0000024877538545,44,22.708333333333332
986.0,0.1452971151909362,0.14421550431543367,0.14224865552335594,0.14264203679997284,0.14410117926328045,0.14190774127838146,0.1395902579739977,1.0000024902831568,44,22.708333333333332
987.0,0.14529041547617108,0.14423742764722697,0.14223589293556713,0.14264575488243508,0.1441081665424893,0.14189996165628185,0.1395848737345002,1.0000024928124671,44,22.708333333333332
988.0,0.14527885002555888,0.14425972253916175,0.1422164148347826,0.14265524805196694,0.14411056871686723,0.141899691367385,0.13958199986827505,1.0000024953417934,44,22.708333333333332
989.0,0.1452658249690204,0.1442876507099315,0.14219381835878264,0.14266675150907676,0.144105367658983,0.14190334620419456,0.1395797385233442,1.0000024978711297,44,22.708333333333332
990.0,0.14524082553239023,0.14431953483100943,0.142164728538477,0.1426842352164935,0.14409503200115722,0.1419132567155269,0.1395848876276249,1.0000025004004784,44,22.708333333333332
991.0,0.14521470510038167,0.14434832073465179,0.14213991770799264,0.1427038728897104,0.14407493216596412,0.14192347270283137,0.13959728169050067,1.000002502929829,44,22.708333333333332
992.0,0.14518880123058797,0.14437495802640932,0.14211708968186418,0.14272627284023598,0.14405115718148953,0.14192911110853168,0.13961511545229402,1.0000025054592125,44,22.708333333333332
993.0,0.14515949430008196,0.14440079815314957,0.14209973664057282,0.14274655017964816,0.14401903604136548,0.1419362956815284,0.13964059705444629,1.0000025079885886,44,22.708333333333332
994.0,0.14513001739981346,0.14442121998956406,0.14208787897399713,0.14276700586772212,0.14398877501028495,0.14193734381698192,0.13967026952182054,1.00000251051798,44,22.708333333333332
995.0,0.14509907606771788,0.1444399970032905,0.1420777269664709,0.14278378192698202,0.143954545226986,0.14193828601691033,0.139709099901243,1.0000025130473997,44,22.708333333333332
996.0,0.14506916685090482,0.14445024293685993,0.1420763559294521,0.1427983521734645,0.14392294634085148,0.1419372438274742,0.139748207579313,1.0000025155761185,43,22.666666666666668
997.0,0.14504242750491275,0.14445465514141792,0.14207979437198143,0.1428067272416203,0.1438901501743817,0.14193350795680715,0.13979525577593221,1.000002518104854,43,22.666666666666668
998.0,0.1450210411990051,0.14445603765388465,0.14209037111913617,0.14280829712937376,0.14386189040161626,0.14192183571009792,0.13984304748339288,1.0000025206343037,44,22.708333333333332
999.0,0.145002489985546,0.14445593357932274,0.14210584589734504,0.14280393176792885,0.14383054178756016,0.14191373810509642,0.13989004210255535,1.0000025231631509,43,22.708333333333332
1000.0,0.14499623502703468,0.14445385634050398,0.14212018087099415,0.14279453182404467,0.1437991171887142,0.14190675634639452,0.1399318481564323,1.0000025256919165,43,22.666666666666668
